eff,win,p05,pior,cap,w,cuts,eff_por_cap
1.2361302531221203,81.5126050420168,0.8064711842219796,0.7903401721278415,1.6743150684931507,"(1, 0, 0, 0)","(58, 66, 74, 82)",0.35017792743351517
1.2266457784485874,80.67226890756302,0.8371416812494936,0.8167281523146708,1.5113013698630138,"(1, 0, 0, 0)","(64, 72, 80, 88)",0.44327238651699596
1.1951921445540115,79.83193277310924,0.8757179750059906,0.8538367051458617,1.3445205479452054,"(1, 0, 0, 0)","(70, 78, 86, 94)",0.5665616919460374
1.2377329060511504,80.67226890756302,0.8219033665116786,0.8014338207716785,1.5996575342465753,"(1, 0, 0, 0)","(64, 70, 76, 82)",0.396447793072164
1.2242439475537232,78.99159663865547,0.8620816482668793,0.835500149896716,1.468150684931507,"(1, 0, 0, 0)","(70, 76, 82, 88)",0.47899950757635096
1.229121654846046,81.5126050420168,0.8232045104373081,0.8062444782838248,1.6051369863013698,"(1, 0, 0, 0)","(58, 68, 78, 86)",0.37862774881180206
1.203343030991933,81.5126050420168,0.8543079645426986,0.8368683026073326,1.425,"(1, 0, 0, 0)","(64, 74, 84, 92)",0.47845419056925426
1.2373135651297138,84.03361344537815,0.8430674594542971,0.8249379055311971,1.7465753424657535,"(1, 0, 0, 1)","(64, 72, 80, 88)",0.31786954595356154
1.225796997757343,82.35294117647058,0.8774002840404209,0.8553550069127291,1.5794520547945206,"(1, 0, 0, 1)","(70, 78, 86, 94)",0.3896733058223651
1.2385917188450595,82.35294117647058,0.8611836537408023,0.835500149896716,1.6962328767123287,"(1, 0, 0, 1)","(70, 76, 82, 88)",0.3426895322319595
1.2319468539451315,84.03361344537815,0.8535714380157787,0.8386139928575923,1.659931506849315,"(1, 0, 0, 1)","(64, 74, 84, 92)",0.3514711019822439
1.2311558722221734,83.19327731092437,0.8730570890158956,0.8553550069127291,1.641095890410959,"(1, 0, 0, 2)","(70, 78, 86, 94)",0.360563646842279
1.23317973424367,83.19327731092437,0.8496678673918249,0.8386139928575923,1.728082191780822,"(1, 0, 0, 2)","(64, 74, 84, 92)",0.3202656745021242
1.227137183552608,84.03361344537815,0.8656624260811482,0.8553550069127291,1.641095890410959,"(1, 0, 0, 3)","(70, 78, 86, 94)",0.354295179473085
1.232146970429439,83.19327731092437,0.8481140671995373,0.8379664846947877,1.728082191780822,"(1, 0, 0, 3)","(64, 74, 84, 92)",0.3188472030357299
1.1917177188523491,78.99159663865547,0.8027205154605364,0.7850373732273797,1.5924657534246576,"(1, 0, 1, 0)","(64, 72, 80, 88)",0.3235929127450054
1.1686647268113957,78.15126050420169,0.8546260648964309,0.8368530945622339,1.426027397260274,"(1, 0, 1, 0)","(70, 78, 86, 94)",0.3959011272421828
1.1782293649080162,80.67226890756302,0.7752218086488883,0.7560576315234963,1.6636986301369863,"(1, 0, 1, 0)","(64, 70, 76, 82)",0.2685396003774032
1.1980150929442148,78.99159663865547,0.8327639999408056,0.8135960751327674,1.5191780821917809,"(1, 0, 1, 0)","(70, 76, 82, 88)",0.38140110250468817
1.1911659579995666,78.99159663865547,0.7787391216472368,0.766166991226912,1.6845890410958904,"(1, 0, 1, 0)","(58, 68, 78, 86)",0.2792419196391868
1.1682527210428946,78.99159663865547,0.8208542241885575,0.803811378427744,1.5184931506849315,"(1, 0, 1, 0)","(64, 74, 84, 92)",0.32450326647638844
1.204290897542079,83.19327731092437,0.8281050561353918,0.8092724392803152,1.6363013698630138,"(1, 0, 1, 1)","(64, 72, 80, 88)",0.32105996815009175
1.1819386982190807,79.83193277310924,0.8671114688179679,0.8368530945622339,1.514041095890411,"(1, 0, 1, 1)","(70, 78, 86, 94)",0.3539380405061397
1.2076227878346775,83.19327731092437,0.8129141269516292,0.7975999158820536,1.698972602739726,"(1, 0, 1, 1)","(64, 70, 76, 82)",0.29703995123824506
1.2062187493190188,81.5126050420168,0.851691865852863,0.8135960751327674,1.5832191780821918,"(1, 0, 1, 1)","(70, 76, 82, 88)",0.3535870510930916
1.202121663843139,82.35294117647058,0.7999100526679526,0.7909833582762966,1.7414383561643836,"(1, 0, 1, 1)","(58, 68, 78, 86)",0.27260750966372543
1.1872618249686555,81.5126050420168,0.8406473967032659,0.8262385730748857,1.5924657534246576,"(1, 0, 1, 1)","(64, 74, 84, 92)",0.31607198202801967
1.207496352180227,83.19327731092437,0.8295795616276963,0.8092724392803152,1.7219178082191782,"(1, 0, 1, 2)","(64, 72, 80, 88)",0.28742378954756315
1.1821313122000674,81.5126050420168,0.8697685621540047,0.8368530945622339,1.5647260273972603,"(1, 0, 1, 2)","(70, 78, 86, 94)",0.3225126935258925
1.2098245467132718,83.19327731092437,0.8540392049410221,0.8135960751327674,1.6397260273972603,"(1, 0, 1, 2)","(70, 76, 82, 88)",0.3279912614575769
1.1872618249686555,80.67226890756302,0.842008575423475,0.8262385730748857,1.6582191780821918,"(1, 0, 1, 2)","(64, 74, 84, 92)",0.28449767372969514
1.1819386982190807,81.5126050420168,0.8683595074291444,0.8368530945622339,1.6202054794520548,"(1, 0, 1, 3)","(70, 78, 86, 94)",0.29335229088885456
1.2102942674476396,83.19327731092437,0.8516571791772987,0.8135960751327674,1.6982876712328767,"(1, 0, 1, 3)","(70, 76, 82, 88)",0.301157067654295
1.1952836375843492,80.67226890756302,0.8424596166179302,0.8262385730748857,1.694178082191781,"(1, 0, 1, 3)","(64, 74, 84, 92)",0.2813163402793782
1.1685640050534973,78.15126050420169,0.785593521690553,0.7676544321552498,1.6561643835616437,"(1, 0, 2, 0)","(64, 72, 80, 88)",0.25689295133414003
1.1631323119161827,77.31092436974791,0.8406410235133465,0.8207352373500125,1.4684931506849315,"(1, 0, 2, 0)","(70, 78, 86, 94)",0.34820639678015614
1.155496745583444,78.15126050420169,0.7509468565430296,0.7314297496748214,1.7462328767123287,"(1, 0, 2, 0)","(64, 70, 76, 82)",0.2083756296941975
1.1746638845403008,77.31092436974791,0.8149403478885411,0.7918235770354927,1.5797945205479451,"(1, 0, 2, 0)","(70, 76, 82, 88)",0.3012513543164078
1.1621469734323533,78.15126050420169,0.7665724441807417,0.755818823030932,1.7393835616438356,"(1, 0, 2, 0)","(58, 68, 78, 86)",0.2193002141836367
1.16310067381255,78.15126050420169,0.8083184025676551,0.7920344863398211,1.5623287671232877,"(1, 0, 2, 0)","(64, 74, 84, 92)",0.29004504721842017
1.181997897384974,81.5126050420168,0.8165181537177372,0.801596095637906,1.643835616438356,"(1, 0, 2, 1)","(64, 72, 80, 88)",0.28267758530006615
1.166606307200261,79.83193277310924,0.8572935534724165,0.8407956375910626,1.4993150684931507,"(1, 0, 2, 1)","(70, 78, 86, 94)",0.3336696961761058
1.1891014737196492,82.35294117647058,0.7974314510883201,0.7806398814861238,1.675,"(1, 0, 2, 1)","(64, 70, 76, 82)",0.2801503314365174
1.189248770214033,80.67226890756302,0.8406572866021202,0.8152011025411667,1.571917808219178,"(1, 0, 2, 1)","(70, 76, 82, 88)",0.3309020413323213
1.1859478368248586,80.67226890756302,0.7969651116854471,0.7839324857220876,1.7167808219178082,"(1, 0, 2, 1)","(58, 68, 78, 86)",0.25942077569449934
1.1734149632006692,80.67226890756302,0.834012409356182,0.8207218840374338,1.5904109589041096,"(1, 0, 2, 1)","(64, 74, 84, 92)",0.29371907920298956
1.1943570716672853,81.5126050420168,0.8246967603182513,0.8120379441127793,1.667808219178082,"(1, 0, 2, 2)","(64, 72, 80, 88)",0.2910372560351145
1.1715362741073443,80.67226890756302,0.8645517150134648,0.8407956375910626,1.5431506849315069,"(1, 0, 2, 2)","(70, 78, 86, 94)",0.31581709986976375
1.1992833025806722,84.03361344537815,0.8134769482441037,0.7964562720280202,1.7294520547945205,"(1, 0, 2, 2)","(64, 70, 76, 82)",0.2731958889838323
1.1922993785210672,81.5126050420168,0.849689198193889,0.8152011025411667,1.6058219178082191,"(1, 0, 2, 2)","(70, 76, 82, 88)",0.3174189854615693
1.1780050604100436,81.5126050420168,0.8380312446021905,0.8278267527274036,1.6126712328767123,"(1, 0, 2, 2)","(64, 74, 84, 92)",0.29053928250269834
1.2021040381175814,81.5126050420168,0.8259293338770839,0.8136718639574879,1.7226027397260273,"(1, 0, 2, 3)","(64, 72, 80, 88)",0.2796890006176956
1.1762755693455658,80.67226890756302,0.8674839632475168,0.8407956375910626,1.5702054794520548,"(1, 0, 2, 3)","(70, 78, 86, 94)",0.30914394143486607
1.1975101180280416,81.5126050420168,0.8514790221415987,0.8152011025411667,1.6321917808219177,"(1, 0, 2, 3)","(70, 76, 82, 88)",0.3124212051147788
1.183561118195467,81.5126050420168,0.8399437318619265,0.8288265367560469,1.6558219178082192,"(1, 0, 2, 3)","(64, 74, 84, 92)",0.2798947598594067
1.1567349772141806,77.31092436974791,0.7751842627321497,0.7575597962415178,1.6736301369863014,"(1, 0, 3, 0)","(64, 72, 80, 88)",0.23267215732862603
1.1545561273408447,77.31092436974791,0.8333483264108983,0.8113767077968733,1.4986301369863013,"(1, 0, 3, 0)","(70, 78, 86, 94)",0.30996146417257314
1.1609475464589156,78.15126050420169,0.8043748812704419,0.7814508139418967,1.6085616438356165,"(1, 0, 3, 0)","(70, 76, 82, 88)",0.26447205158133574
1.1588284631775572,77.31092436974791,0.8006136796322172,0.784633626188157,1.590068493150685,"(1, 0, 3, 0)","(64, 74, 84, 92)",0.2691695371320179
1.176253117235117,80.67226890756302,0.8076701777330397,0.7929587410599089,1.6503424657534247,"(1, 0, 3, 1)","(64, 72, 80, 88)",0.27101585167274433
1.1634237680398063,79.83193277310924,0.8512939440045919,0.8402122131015678,1.5095890410958903,"(1, 0, 3, 1)","(70, 78, 86, 94)",0.32069717921789953
1.175498340028389,81.5126050420168,0.7835286360198135,0.7651740654465325,1.7065068493150686,"(1, 0, 3, 1)","(64, 70, 76, 82)",0.24840288554672593
1.1818928967404452,80.67226890756302,0.8315677932356113,0.8232241717585898,1.5845890410958905,"(1, 0, 3, 1)","(70, 76, 82, 88)",0.3111466071951376
1.1693593690817257,80.67226890756302,0.7869277411466027,0.7742756249294862,1.7253424657534246,"(1, 0, 3, 1)","(58, 68, 78, 86)",0.23348883744978233
1.162447342303738,78.99159663865547,0.822521511688584,0.8085228634156967,1.6023972602739727,"(1, 0, 3, 1)","(64, 74, 84, 92)",0.26966812935015066
1.1834591046061815,81.5126050420168,0.8165541902889778,0.8027860670192465,1.6595890410958904,"(1, 0, 3, 2)","(64, 72, 80, 88)",0.2781415293094756
1.1673780370570064,79.83193277310924,0.8574428386671826,0.8462633649082518,1.5195205479452054,"(1, 0, 3, 2)","(70, 78, 86, 94)",0.32217789598316326
1.1928246683626609,82.35294117647058,0.802429149076825,0.7845592579340661,1.7017123287671232,"(1, 0, 3, 2)","(64, 70, 76, 82)",0.27479162109271343
1.1902497073447127,81.5126050420168,0.8422788517774694,0.8299248887430039,1.5873287671232876,"(1, 0, 3, 2)","(70, 76, 82, 88)",0.3239236999688403
1.1835676944480074,80.67226890756302,0.7982757522980337,0.7849947036411611,1.7428082191780823,"(1, 0, 3, 2)","(58, 68, 78, 86)",0.24712663337398869
1.1656685088674068,80.67226890756302,0.8336548388735403,0.8211599108161607,1.6202054794520548,"(1, 0, 3, 2)","(64, 74, 84, 92)",0.2671187442809651
1.1937235128611565,81.5126050420168,0.8242142724255231,0.8091780358664539,1.6863013698630136,"(1, 0, 3, 3)","(64, 72, 80, 88)",0.2822717852068748
1.1716867524695314,80.67226890756302,0.8637116494059498,0.8462633649082518,1.5520547945205478,"(1, 0, 3, 3)","(70, 78, 86, 94)",0.31099585434927524
1.1973520836859008,84.03361344537815,0.8145100749276605,0.7942701739185117,1.740068493150685,"(1, 0, 3, 3)","(64, 70, 76, 82)",0.26666732270376237
1.1918694665110567,82.35294117647058,0.8483304744679221,0.8299248887430039,1.6095890410958904,"(1, 0, 3, 3)","(70, 76, 82, 88)",0.3147521585462279
1.172217023591841,81.5126050420168,0.8385002599036343,0.8259502707019546,1.6352739726027397,"(1, 0, 3, 3)","(64, 74, 84, 92)",0.2710909481876958
1.1601790569346466,76.47058823529412,0.7944467346257378,0.7763151976692085,1.5469178082191781,"(1, 1, 0, 0)","(64, 72, 80, 88)",0.292875921258089
1.1367954813555912,74.78991596638656,0.8450637427368133,0.8231482769751004,1.3763698630136987,"(1, 1, 0, 0)","(70, 78, 86, 94)",0.3634602416363295
1.1719706469222086,77.31092436974791,0.7580345782165628,0.7378085714444587,1.6811643835616439,"(1, 1, 0, 0)","(64, 70, 76, 82)",0.25246570588881306
1.1707485970521239,76.47058823529412,0.8203928045571746,0.7971526415815124,1.4589041095890412,"(1, 1, 0, 0)","(70, 76, 82, 88)",0.37207903238224
1.1644856993325285,75.63025210084034,0.7667846404699483,0.7494692607535418,1.6496575342465754,"(1, 1, 0, 0)","(58, 68, 78, 86)",0.25318831947864173
1.157082494063172,76.47058823529412,0.8120167025866273,0.7944047011958485,1.4873287671232878,"(1, 1, 0, 0)","(64, 74, 84, 92)",0.3223337193706693
1.1814082243718231,78.99159663865547,0.8226371563364651,0.8080404176716547,1.6106164383561643,"(1, 1, 0, 1)","(64, 72, 80, 88)",0.29709030575755674
1.17509300444725,78.15126050420169,0.8640637430663984,0.8379614119778676,1.4376712328767123,"(1, 1, 0, 1)","(70, 78, 86, 94)",0.4000560039013852
1.2026123717452128,79.83193277310924,0.8062960971338917,0.782687769039693,1.6773972602739726,"(1, 1, 0, 1)","(64, 70, 76, 82)",0.2991042090475336
1.182095793170128,78.99159663865547,0.8505775730703908,0.8117155113583038,1.5465753424657533,"(1, 1, 0, 1)","(70, 76, 82, 88)",0.33315771682755235
1.1841388052619226,78.99159663865547,0.7956021162571075,0.7789821537990225,1.7065068493150686,"(1, 1, 0, 1)","(58, 68, 78, 86)",0.2606327248496432
1.1732029016041117,78.99159663865547,0.8384242812823068,0.8258052236925892,1.540068493150685,"(1, 1, 0, 1)","(64, 74, 84, 92)",0.32070543607102475
1.1911451710848386,79.83193277310924,0.8284295551090942,0.8080404176716547,1.7092465753424657,"(1, 1, 0, 2)","(64, 72, 80, 88)",0.26950453866138524
1.1799473594181051,79.83193277310924,0.8704873177801403,0.8379614119778676,1.5167808219178083,"(1, 1, 0, 2)","(70, 78, 86, 94)",0.34820827667386806
1.1923608584968306,79.83193277310924,0.856733188787581,0.8117155113583038,1.6174657534246575,"(1, 1, 0, 2)","(70, 76, 82, 88)",0.3115328379427318
1.1741307983858615,78.99159663865547,0.841498156805201,0.8258052236925892,1.6291095890410958,"(1, 1, 0, 2)","(64, 74, 84, 92)",0.2767892930248861
1.1805374386215604,78.99159663865547,0.8676926945416699,0.8379614119778676,1.573972602739726,"(1, 1, 0, 3)","(70, 78, 86, 94)",0.3145401675268235
1.1926183676934086,79.83193277310924,0.8504460070480955,0.8117155113583038,1.6856164383561645,"(1, 1, 0, 3)","(70, 76, 82, 88)",0.28094187495741907
1.1745114615239256,78.99159663865547,0.8430396753343605,0.8258052236925892,1.6626712328767124,"(1, 1, 0, 3)","(64, 74, 84, 92)",0.26334546131775854
1.151385959001783,76.47058823529412,0.7800946975944969,0.7618188868721186,1.6205479452054794,"(1, 1, 1, 0)","(64, 72, 80, 88)",0.24395529817064368
1.1384063536859164,75.63025210084034,0.8335126766273286,0.8125365525049251,1.428082191780822,"(1, 1, 1, 0)","(70, 78, 86, 94)",0.32331724221030056
1.158095010852708,76.47058823529412,0.8055638023070856,0.7822290305162806,1.540068493150685,"(1, 1, 1, 0)","(70, 76, 82, 88)",0.2927314088078042
1.150438117312268,76.47058823529412,0.7522384930673376,0.7357251580266405,1.7188356164383563,"(1, 1, 1, 0)","(58, 68, 78, 86)",0.20928027753779058
1.1378963964961293,76.47058823529412,0.8022611657705154,0.7852970545160113,1.5246575342465754,"(1, 1, 1, 0)","(64, 74, 84, 92)",0.2628312518072438
1.1691187435494657,79.83193277310924,0.8106563188772291,0.7972352701841419,1.6215753424657535,"(1, 1, 1, 1)","(64, 72, 80, 88)",0.27208084361677115
1.162129620582087,78.99159663865547,0.8551359308786808,0.8351169851613784,1.446917808219178,"(1, 1, 1, 1)","(70, 78, 86, 94)",0.3627727908809917
1.18386202357101,80.67226890756302,0.7924562487639769,0.7752103957389407,1.6523972602739727,"(1, 1, 1, 1)","(64, 70, 76, 82)",0.2818252539776111
1.170824137572062,79.83193277310924,0.8387887549175775,0.8102622225684525,1.5486301369863014,"(1, 1, 1, 1)","(70, 76, 82, 88)",0.3113648450127473
1.1748956918343825,78.99159663865547,0.7853793429699484,0.768185231773562,1.704109589041096,"(1, 1, 1, 1)","(58, 68, 78, 86)",0.24839271408385055
1.1623172811269433,78.99159663865547,0.8285014296083043,0.8165987877013644,1.5465753424657533,"(1, 1, 1, 1)","(64, 74, 84, 92)",0.2969714667234803
1.1785509751328107,79.83193277310924,0.8244603400776187,0.810883664873258,1.6530821917808218,"(1, 1, 1, 2)","(64, 72, 80, 88)",0.2733974029301559
1.1691474303709275,78.99159663865547,0.8623745208375561,0.8351169851613784,1.4972602739726026,"(1, 1, 1, 2)","(70, 78, 86, 94)",0.34015874427211323
1.1996092292554918,80.67226890756302,0.8047882492427225,0.7910348324704531,1.709931506849315,"(1, 1, 1, 2)","(64, 70, 76, 82)",0.28116688346649116
1.1816117410027893,80.67226890756302,0.8500569877303348,0.8102622225684525,1.5873287671232876,"(1, 1, 1, 2)","(70, 76, 82, 88)",0.30921649196976375
1.1690034219938799,79.83193277310924,0.8376510769680793,0.8285056674265457,1.5952054794520547,"(1, 1, 1, 2)","(64, 74, 84, 92)",0.2839413073775197
1.184789070607867,79.83193277310924,0.824593215229213,0.810883664873258,1.710958904109589,"(1, 1, 1, 3)","(64, 72, 80, 88)",0.2599152630900634
1.1709503969275474,79.83193277310924,0.8685412030550812,0.8351169851613784,1.5424657534246575,"(1, 1, 1, 3)","(70, 78, 86, 94)",0.3151358327199738
1.1908067957594743,80.67226890756302,0.8522285668341576,0.8102622225684525,1.6154109589041097,"(1, 1, 1, 3)","(70, 76, 82, 88)",0.31004777051622984
1.1740758476187771,79.83193277310924,0.8391125664954899,0.828706017792907,1.641095890410959,"(1, 1, 1, 3)","(64, 74, 84, 92)",0.27152856573014383
1.1479599918560297,76.47058823529412,0.7729489026710894,0.754881371327597,1.667123287671233,"(1, 1, 2, 0)","(64, 72, 80, 88)",0.22178807814148188
1.1352740799723513,75.63025210084034,0.8269893518180013,0.8074953889738972,1.4623287671232876,"(1, 1, 2, 0)","(70, 78, 86, 94)",0.29259282482908583
1.15632950248076,76.47058823529412,0.7980864725460524,0.7761801215665634,1.5808219178082192,"(1, 1, 2, 0)","(70, 76, 82, 88)",0.2691522094597991
1.1345125375769505,76.47058823529412,0.7962255363997662,0.7795313065799874,1.5578767123287671,"(1, 1, 2, 0)","(64, 74, 84, 92)",0.24111516864622184
1.1643198887180248,79.83193277310924,0.8000660724136818,0.7855039566032361,1.6315068493150684,"(1, 1, 2, 1)","(64, 72, 80, 88)",0.26020286065977904
1.1533521735911658,78.15126050420169,0.8487769463330793,0.8384523911075817,1.4585616438356164,"(1, 1, 2, 1)","(70, 78, 86, 94)",0.33441997526975675
1.1747804487705304,80.67226890756302,0.7753025313280631,0.7591399716384315,1.689041095890411,"(1, 1, 2, 1)","(64, 70, 76, 82)",0.2536575101441098
1.1663866322389307,78.15126050420169,0.829566852249916,0.8194454470256022,1.5626712328767123,"(1, 1, 2, 1)","(70, 76, 82, 88)",0.2957084395238452
1.166102526632653,79.83193277310924,0.783897299744225,0.7688216080512869,1.7222602739726027,"(1, 1, 2, 1)","(58, 68, 78, 86)",0.22997599704473534
1.1547263850704743,78.15126050420169,0.8203913584782722,0.8067197547502674,1.564041095890411,"(1, 1, 2, 1)","(64, 74, 84, 92)",0.27431757401687007
1.1758256884285998,80.67226890756302,0.8150990945298204,0.8010014142913024,1.654109589041096,"(1, 1, 2, 2)","(64, 72, 80, 88)",0.2688015760269693
1.1641599976771733,78.99159663865547,0.8556978333301671,0.8472477549681887,1.4845890410958904,"(1, 1, 2, 2)","(70, 78, 86, 94)",0.33876126729141054
1.1804734568458684,81.5126050420168,0.80034043836631,0.7815802030476684,1.6976027397260274,"(1, 1, 2, 2)","(64, 70, 76, 82)",0.25870520078052806
1.171931169245521,79.83193277310924,0.843148904334405,0.8228654496971676,1.5787671232876712,"(1, 1, 2, 2)","(70, 76, 82, 88)",0.2970645054419653
1.1760656131292986,79.83193277310924,0.794528663628592,0.7795421755919282,1.733904109589041,"(1, 1, 2, 2)","(58, 68, 78, 86)",0.23990274864094815
1.1633992081978066,80.67226890756302,0.8345798845285167,0.8233582929409508,1.6058219178082191,"(1, 1, 2, 2)","(64, 74, 84, 92)",0.26971491686692783
1.1831309971097366,80.67226890756302,0.8258047777480911,0.8118625502990173,1.6746575342465753,"(1, 1, 2, 3)","(64, 72, 80, 88)",0.27144289926925425
1.1657368280464047,78.99159663865547,0.8624869401782326,0.8478049281558432,1.5287671232876712,"(1, 1, 2, 3)","(70, 78, 86, 94)",0.3134401152172938
1.1938471440000726,81.5126050420168,0.81467034159339,0.7923748335000473,1.7243150684931507,"(1, 1, 2, 3)","(64, 70, 76, 82)",0.26762820826487566
1.1859849716375381,80.67226890756302,0.8498455496702051,0.8228654496971676,1.5986301369863014,"(1, 1, 2, 3)","(70, 76, 82, 88)",0.31068427756385086
1.1713723398725397,80.67226890756302,0.8367761598335548,0.826809962915809,1.6160958904109588,"(1, 1, 2, 3)","(64, 74, 84, 92)",0.27815855054353317
1.1588792741826326,76.47058823529412,0.7660830224299393,0.7485904054007821,1.689041095890411,"(1, 1, 3, 0)","(64, 72, 80, 88)",0.23058025875411886
1.1348591099685212,76.47058823529412,0.8231470447730829,0.8048224642053279,1.481164383561644,"(1, 1, 3, 0)","(70, 78, 86, 94)",0.2802765844185637
1.1529052607854557,76.47058823529412,0.7913337267020935,0.7692701359718666,1.6082191780821917,"(1, 1, 3, 0)","(70, 76, 82, 88)",0.25139828912924034
1.1323047054669875,76.47058823529412,0.7917822511295489,0.7759195370319664,1.5811643835616438,"(1, 1, 3, 0)","(64, 74, 84, 92)",0.22765453150477516
1.1660551591532007,78.99159663865547,0.7935142580438119,0.7789014827544904,1.6452054794520548,"(1, 1, 3, 1)","(64, 72, 80, 88)",0.25736786875124523
1.1457229750614781,78.15126050420169,0.8484933789361105,0.8332141694758917,1.4722602739726027,"(1, 1, 3, 1)","(70, 78, 86, 94)",0.30856496532234673
1.1707449298664208,79.83193277310924,0.7664026567118919,0.7500649170443028,1.7102739726027398,"(1, 1, 3, 1)","(64, 70, 76, 82)",0.2403930545853175
1.1630339989916993,78.15126050420169,0.8297134805669466,0.8138703545955148,1.5729452054794522,"(1, 1, 3, 1)","(70, 76, 82, 88)",0.2845542600452851
1.1676370484494443,79.83193277310924,0.7756876700970533,0.762176734519141,1.7476027397260274,"(1, 1, 3, 1)","(58, 68, 78, 86)",0.22423279041336566
1.1532895028063141,78.15126050420169,0.813183874573247,0.7993501554576059,1.5924657534246576,"(1, 1, 3, 1)","(64, 74, 84, 92)",0.2587314151412932
1.1675705635672844,80.67226890756302,0.808402172003522,0.7947399976584666,1.6486301369863015,"(1, 1, 3, 2)","(64, 72, 80, 88)",0.2583453250350952
1.159506797724478,79.83193277310924,0.8514877345999653,0.8428614899165666,1.4856164383561643,"(1, 1, 3, 2)","(70, 78, 86, 94)",0.3284625171759349
1.1793770594276254,81.5126050420168,0.7915693031156189,0.7755680239566066,1.6945205479452055,"(1, 1, 3, 2)","(64, 70, 76, 82)",0.25827466150328704
1.1687177596868223,80.67226890756302,0.8386608398661809,0.8295964059011012,1.5787671232876712,"(1, 1, 3, 2)","(70, 76, 82, 88)",0.2915123421807818
1.1735725361150617,79.83193277310924,0.7911267093448773,0.7752472524646021,1.7352739726027397,"(1, 1, 3, 2)","(58, 68, 78, 86)",0.23606511665392654
1.1587683971822575,79.83193277310924,0.827380888103548,0.8154509901730934,1.6102739726027397,"(1, 1, 3, 2)","(64, 74, 84, 92)",0.26015921423804267
1.1768924017629645,80.67226890756302,0.8165497194990465,0.8026494313870002,1.6674657534246575,"(1, 1, 3, 3)","(64, 72, 80, 88)",0.2650209405581613
1.1630595952514475,79.83193277310924,0.8564522680042648,0.8483274644708412,1.518835616438356,"(1, 1, 3, 3)","(70, 78, 86, 94)",0.3142798799565854
1.1868563554329983,81.5126050420168,0.8016645607611682,0.781930587875673,1.7198630136986301,"(1, 1, 3, 3)","(64, 70, 76, 82)",0.25957210174327067
1.179332075785342,81.5126050420168,0.8440812662617849,0.8332038683924241,1.5928082191780821,"(1, 1, 3, 3)","(70, 76, 82, 88)",0.30251280259572433
1.162934878155708,80.67226890756302,0.8324833965851648,0.8210812936985914,1.6277397260273974,"(1, 1, 3, 3)","(64, 74, 84, 92)",0.25955801648372473
1.1385504077263269,74.78991596638656,0.7709996982457732,0.7506376615545924,1.6181506849315068,"(1, 2, 0, 0)","(64, 72, 80, 88)",0.22413694767915485
1.1288809320997852,73.94957983193278,0.8246630972703074,0.8053934983630718,1.4256849315068494,"(1, 2, 0, 0)","(70, 78, 86, 94)",0.30276132078147455
1.1442164751448227,76.47058823529412,0.7362105504644859,0.7151227985992026,1.7428082191780823,"(1, 2, 0, 0)","(64, 70, 76, 82)",0.19415034920372629
1.1335935358889546,73.94957983193278,0.7944156754894621,0.7737819172447478,1.531849315068493,"(1, 2, 0, 0)","(70, 76, 82, 88)",0.25118681570878787
1.1372107407918048,76.47058823529412,0.7485913851591447,0.7300216324365952,1.7092465753424657,"(1, 2, 0, 0)","(58, 68, 78, 86)",0.19345985664513288
1.1262355453886101,75.63025210084034,0.7946639682807167,0.7738759417507417,1.525,"(1, 2, 0, 0)","(64, 74, 84, 92)",0.240448657883067
1.1770491919348125,78.15126050420169,0.7629020302960733,0.7434074297880833,1.7383561643835617,"(1, 2, 0, 1)","(58, 66, 74, 82)",0.23978833044974604
1.1663415874236442,78.15126050420169,0.8033079874495126,0.7900326623807133,1.5893835616438357,"(1, 2, 0, 1)","(64, 72, 80, 88)",0.2822297706432546
1.1442938585323004,77.31092436974791,0.8516627386759413,0.83404903033199,1.4113013698630137,"(1, 2, 0, 1)","(70, 78, 86, 94)",0.35082270350900674
1.1753127500976976,78.99159663865547,0.7819752989901949,0.764398570786422,1.6455479452054795,"(1, 2, 0, 1)","(64, 70, 76, 82)",0.2715720054563804
1.1593840589017068,77.31092436974791,0.8355649532196474,0.8069936106988417,1.513013698630137,"(1, 2, 0, 1)","(70, 76, 82, 88)",0.3106818771648758
1.1648321085021525,78.15126050420169,0.7822881846268315,0.7655709358709653,1.6863013698630136,"(1, 2, 0, 1)","(58, 68, 78, 86)",0.24017452935443376
1.1474875870276062,77.31092436974791,0.8250715521896186,0.8128013914435704,1.5119863013698631,"(1, 2, 0, 1)","(64, 74, 84, 92)",0.288069400749572
1.176798220002783,78.15126050420169,0.8185390767224352,0.803488717276039,1.6304794520547945,"(1, 2, 0, 2)","(64, 72, 80, 88)",0.28041868680506576
1.1513808054890664,77.31092436974791,0.8620439924750304,0.83404903033199,1.4640410958904109,"(1, 2, 0, 2)","(70, 78, 86, 94)",0.32622284282514685
1.1767826151538814,79.83193277310924,0.7981021228807154,0.7843620964039916,1.7006849315068493,"(1, 2, 0, 2)","(64, 70, 76, 82)",0.2522997244620399
1.1707288212165494,78.99159663865547,0.8496727017505559,0.8069936106988417,1.5650684931506849,"(1, 2, 0, 2)","(70, 76, 82, 88)",0.30213827754686323
1.1658561039009598,78.99159663865547,0.8338359633662176,0.8252017601462983,1.5643835616438355,"(1, 2, 0, 2)","(64, 74, 84, 92)",0.29387125205752596
1.1775260148882196,78.99159663865547,0.82414959678442,0.803488717276039,1.6849315068493151,"(1, 2, 0, 3)","(64, 72, 80, 88)",0.25918798173680063
1.1608083989921811,78.99159663865547,0.8684764185626268,0.83404903033199,1.516095890410959,"(1, 2, 0, 3)","(70, 78, 86, 94)",0.31158628072804834
1.175585285284064,78.99159663865547,0.8531925507096898,0.8069936106988417,1.606849315068493,"(1, 2, 0, 3)","(70, 76, 82, 88)",0.28933918342520715
1.1714085817154443,78.99159663865547,0.8362848483085323,0.8252017601462983,1.6044520547945205,"(1, 2, 0, 3)","(64, 74, 84, 92)",0.28357680374453104
1.1359662997748585,75.63025210084034,0.7660165136331056,0.7478813856785902,1.6592465753424657,"(1, 2, 1, 0)","(64, 72, 80, 88)",0.20624498459355164
1.1284682798232195,74.78991596638656,0.8198497891439559,0.8009920022657899,1.4575342465753425,"(1, 2, 1, 0)","(70, 78, 86, 94)",0.28078396488308455
1.1351833203051624,74.78991596638656,0.787235134648359,0.7655511224657188,1.5729452054794522,"(1, 2, 1, 0)","(70, 76, 82, 88)",0.2359445877412279
1.14273240173099,75.63025210084034,0.744712122452869,0.7258157632477533,1.7482876712328768,"(1, 2, 1, 0)","(58, 68, 78, 86)",0.190745360665671
1.1303490947701333,74.78991596638656,0.7929244225166456,0.7733544531129214,1.5469178082191781,"(1, 2, 1, 0)","(64, 74, 84, 92)",0.23833397415703778
1.1552364800705106,78.99159663865547,0.7952762463843985,0.7808641176926007,1.6078767123287672,"(1, 2, 1, 1)","(64, 72, 80, 88)",0.2553749418624738
1.1415681506740427,78.15126050420169,0.8466584674777211,0.8356835377252737,1.4349315068493151,"(1, 2, 1, 1)","(70, 78, 86, 94)",0.3254952755655155
1.1673380054986906,78.15126050420169,0.7704188257531385,0.7543373163243473,1.672945205479452,"(1, 2, 1, 1)","(64, 70, 76, 82)",0.24866512776395755
1.1578113748677843,78.15126050420169,0.827902862375939,0.8132123003361861,1.542123287671233,"(1, 2, 1, 1)","(70, 76, 82, 88)",0.29109868263672145
1.15983336692069,78.15126050420169,0.7759561250715924,0.7590780919483502,1.7085616438356164,"(1, 2, 1, 1)","(58, 68, 78, 86)",0.22557439894075143
1.1452684406464462,76.47058823529412,0.8184252579894727,0.8050774659509204,1.5356164383561643,"(1, 2, 1, 1)","(64, 74, 84, 92)",0.2712172932785312
1.1744635771598915,78.99159663865547,0.8119289066001725,0.7976696022259312,1.6407534246575342,"(1, 2, 1, 2)","(64, 72, 80, 88)",0.2722788056156511
1.1497401772493299,78.15126050420169,0.8559207516069741,0.840346294802112,1.4616438356164383,"(1, 2, 1, 2)","(70, 78, 86, 94)",0.32436299522851875
1.176167450768956,79.83193277310924,0.7952074876011275,0.7774232181630364,1.6856164383561645,"(1, 2, 1, 2)","(64, 70, 76, 82)",0.2569475305920835
1.1694553589304915,79.83193277310924,0.8425076224952499,0.8132123003361861,1.5636986301369864,"(1, 2, 1, 2)","(70, 76, 82, 88)",0.30061339494352063
1.1668308296144996,78.99159663865547,0.7901713360085358,0.772984539522607,1.7232876712328766,"(1, 2, 1, 2)","(58, 68, 78, 86)",0.2306562606412589
1.1609113186237516,78.99159663865547,0.8281899501365761,0.8203293270482623,1.5681506849315068,"(1, 2, 1, 2)","(64, 74, 84, 92)",0.28321943965120844
1.1757851066607246,79.83193277310924,0.8208925279536847,0.8092946136214739,1.6592465753424657,"(1, 2, 1, 3)","(64, 72, 80, 88)",0.266645460493151
1.161995823787301,78.99159663865547,0.8610478039080304,0.840346294802112,1.4996575342465754,"(1, 2, 1, 3)","(70, 78, 86, 94)",0.32421371176073926
1.192819033431072,79.83193277310924,0.8066867364026755,0.7862454919410953,1.7178082191780821,"(1, 2, 1, 3)","(64, 70, 76, 82)",0.2686219358867988
1.1725683782450989,79.83193277310924,0.8493638747615835,0.8132123003361861,1.588013698630137,"(1, 2, 1, 3)","(70, 76, 82, 88)",0.2934767993451885
1.1705165371684665,78.99159663865547,0.8332040555424892,0.824686780366071,1.5883561643835618,"(1, 2, 1, 3)","(64, 74, 84, 92)",0.2898185614271956
1.1374696532904462,75.63025210084034,0.7631285953312679,0.7447771942880281,1.6736301369863014,"(1, 2, 2, 0)","(64, 72, 80, 88)",0.20407289659791716
1.1251079118331722,75.63025210084034,0.8165888318380344,0.798017424539207,1.4743150684931507,"(1, 2, 2, 0)","(70, 78, 86, 94)",0.263765417005677
1.1400566333846935,75.63025210084034,0.7826416130992504,0.7620649747440167,1.5938356164383563,"(1, 2, 2, 0)","(70, 76, 82, 88)",0.23585084745288643
1.1262188094982484,75.63025210084034,0.7905749340864595,0.7730240695690245,1.5654109589041096,"(1, 2, 2, 0)","(64, 74, 84, 92)",0.22323375150507888
1.156113533933423,78.99159663865547,0.7869581834334994,0.7719768112465989,1.6318493150684932,"(1, 2, 2, 1)","(64, 72, 80, 88)",0.24707399408433336
1.139007112969295,77.31092436974791,0.8431196781412756,0.8317958471397553,1.4537671232876712,"(1, 2, 2, 1)","(70, 78, 86, 94)",0.3063402036757292
1.1686897553908187,78.99159663865547,0.7604486613460155,0.7441598442403307,1.701027397260274,"(1, 2, 2, 1)","(64, 70, 76, 82)",0.24063218648812426
1.1557652891802253,78.15126050420169,0.8212321538890063,0.809762307003182,1.5626712328767123,"(1, 2, 2, 1)","(70, 76, 82, 88)",0.27683179817788056
1.1621672351510874,78.99159663865547,0.7721962577961059,0.7560437604091539,1.7342465753424658,"(1, 2, 2, 1)","(58, 68, 78, 86)",0.2208620926498019
1.1404001309972214,77.31092436974791,0.8114321313264674,0.7979518050973616,1.5554794520547945,"(1, 2, 2, 1)","(64, 74, 84, 92)",0.2527548597483886
1.1661149057631426,79.83193277310924,0.8056815648743307,0.7913300344678365,1.6404109589041096,"(1, 2, 2, 2)","(64, 72, 80, 88)",0.2593879811916451
1.1484990037097282,78.99159663865547,0.8497149561044555,0.8406084887207934,1.4616438356164383,"(1, 2, 2, 2)","(70, 78, 86, 94)",0.32167439972730455
1.17525999286376,80.67226890756302,0.7869105245489553,0.769891033060201,1.6835616438356165,"(1, 2, 2, 2)","(64, 70, 76, 82)",0.256392374329749
1.1683306328757241,79.83193277310924,0.8348018861220564,0.825071096906677,1.5643835616438355,"(1, 2, 2, 2)","(70, 76, 82, 88)",0.2982557330079579
1.1707832490276227,78.99159663865547,0.7882981340951659,0.7710026314721633,1.7287671232876711,"(1, 2, 2, 2)","(58, 68, 78, 86)",0.23434543569579802
1.1481388079745918,78.99159663865547,0.8251912681094962,0.813567084208422,1.5773972602739725,"(1, 2, 2, 2)","(64, 74, 84, 92)",0.25656306007461926
1.1753697580657394,80.67226890756302,0.8148299607274166,0.8019452597194077,1.6592465753424657,"(1, 2, 2, 3)","(64, 72, 80, 88)",0.26601542522179694
1.1575235028548416,78.99159663865547,0.855818401571463,0.8476948899203695,1.4886986301369862,"(1, 2, 2, 3)","(70, 78, 86, 94)",0.3223326057015681
1.180437587939682,80.67226890756302,0.798967321292802,0.7802449298524512,1.7037671232876712,"(1, 2, 2, 3)","(64, 70, 76, 82)",0.256388202814536
1.171139941468937,80.67226890756302,0.8445910810954612,0.828852661446816,1.5784246575342467,"(1, 2, 2, 3)","(70, 76, 82, 88)",0.2958724861393108
1.1707832490276227,79.83193277310924,0.7968482210468313,0.7795129984949799,1.7458904109589042,"(1, 2, 2, 3)","(58, 68, 78, 86)",0.22896560475695965
1.158264441918003,79.83193277310924,0.8329074193562391,0.8216269224256774,1.6,"(1, 2, 2, 3)","(64, 74, 84, 92)",0.26377406986333835
1.1532961503518417,75.63025210084034,0.7579273656546398,0.7399256465271242,1.7003424657534247,"(1, 2, 3, 0)","(64, 72, 80, 88)",0.21888741272732412
1.1282951734706228,75.63025210084034,0.8144750900640433,0.7979459098861734,1.4825342465753424,"(1, 2, 3, 0)","(70, 78, 86, 94)",0.26587786127339863
1.145584933627175,75.63025210084034,0.7803925795588126,0.7608672853844937,1.6113013698630136,"(1, 2, 3, 0)","(70, 76, 82, 88)",0.23815574576546286
1.1308772993596985,73.94957983193278,0.7888410250899339,0.7729387012362919,1.5835616438356164,"(1, 2, 3, 0)","(64, 74, 84, 92)",0.22427330641450682
1.1604352719481257,78.99159663865547,0.783717272418524,0.7684776017606063,1.6530821917808218,"(1, 2, 3, 1)","(64, 72, 80, 88)",0.24565862301443475
1.1365784829814332,77.31092436974791,0.8392607138900239,0.8271121821182382,1.4736301369863014,"(1, 2, 3, 1)","(70, 78, 86, 94)",0.28836527137077717
1.169690649020113,78.99159663865547,0.7546502943454924,0.7379912796847763,1.723972602739726,"(1, 2, 3, 1)","(64, 70, 76, 82)",0.23438821908170782
1.159660730765177,78.15126050420169,0.8164433560980222,0.8048405243234443,1.5808219178082192,"(1, 2, 3, 1)","(70, 76, 82, 88)",0.2748875789117433
1.1398382688650937,77.31092436974791,0.8066990654557443,0.7926067884003319,1.5763698630136986,"(1, 2, 3, 1)","(64, 74, 84, 92)",0.2426189810374768
1.1712971627790678,79.83193277310924,0.799298557629441,0.7853754681664449,1.6428082191780822,"(1, 2, 3, 2)","(64, 72, 80, 88)",0.26648253346557166
1.1456402651468114,78.99159663865547,0.8489904705757969,0.8367598600371681,1.4678082191780821,"(1, 2, 3, 2)","(70, 78, 86, 94)",0.3113247249111928
1.1740529493772227,79.83193277310924,0.7758501701081117,0.7583479184846408,1.694178082191781,"(1, 2, 3, 2)","(64, 70, 76, 82)",0.25073241844178107
1.1637521085967824,78.99159663865547,0.8319169171218236,0.817802297380778,1.5698630136986302,"(1, 2, 3, 2)","(70, 76, 82, 88)",0.2873534597972382
1.1686060821719286,78.99159663865547,0.7842313074741776,0.7675479784394627,1.7393835616438356,"(1, 2, 3, 2)","(58, 68, 78, 86)",0.22803601664753664
1.1448390962751485,78.99159663865547,0.8189070182639007,0.8068578274603639,1.584931506849315,"(1, 2, 3, 2)","(64, 74, 84, 92)",0.24761719035329832
1.171604437364044,80.67226890756302,0.8098455282356103,0.7961003471433443,1.6551369863013699,"(1, 2, 3, 3)","(64, 72, 80, 88)",0.26193672613853025
1.1560920487961355,78.99159663865547,0.8536840356074266,0.8456253946560011,1.4880136986301369,"(1, 2, 3, 3)","(70, 78, 86, 94)",0.3198517771822566
1.1870255585423066,80.67226890756302,0.7947697089458399,0.7754575950207315,1.707876712328767,"(1, 2, 3, 3)","(64, 70, 76, 82)",0.2642064010370273
1.1714911607242922,80.67226890756302,0.8429254643986918,0.8285783061585805,1.5804794520547945,"(1, 2, 3, 3)","(70, 76, 82, 88)",0.2954302001858013
1.1755950545778817,79.83193277310924,0.7929739556857605,0.7752907709423756,1.7393835616438356,"(1, 2, 3, 3)","(58, 68, 78, 86)",0.237488448062721
1.155123592813554,78.99159663865547,0.8307260944106774,0.8192448819808466,1.6157534246575342,"(1, 2, 3, 3)","(64, 74, 84, 92)",0.2519248559597205
1.1226127855103507,74.78991596638656,0.7589368181440914,0.7396535305361158,1.6452054794520548,"(1, 3, 0, 0)","(64, 72, 80, 88)",0.190036801321775
1.1080062897681415,74.78991596638656,0.8071057475878659,0.7958618346634017,1.45513698630137,"(1, 3, 0, 0)","(70, 78, 86, 94)",0.23730501589388506
1.128026655550574,73.94957983193278,0.7709833718930246,0.7600295241256484,1.5636986301369864,"(1, 3, 0, 0)","(70, 76, 82, 88)",0.2271189758248336
1.1297964226051225,74.78991596638656,0.7437175067301294,0.7240384407136125,1.7386986301369862,"(1, 3, 0, 0)","(58, 68, 78, 86)",0.1757095753393406
1.1146007198983214,74.78991596638656,0.7830170141160921,0.7630468040907422,1.5561643835616439,"(1, 3, 0, 0)","(64, 74, 84, 92)",0.20605548159057793
1.1459091012183602,78.15126050420169,0.7899573770143585,0.7756589315669004,1.5876712328767124,"(1, 3, 0, 1)","(64, 72, 80, 88)",0.24828355218975043
1.1315058859216103,76.47058823529412,0.838656434275058,0.8311012843935174,1.4006849315068493,"(1, 3, 0, 1)","(70, 78, 86, 94)",0.32820272383854876
1.1585458664217334,77.31092436974791,0.7575194994697516,0.7407806189974324,1.7,"(1, 3, 0, 1)","(64, 70, 76, 82)",0.22649409488819058
1.15015501663205,76.47058823529412,0.8160021470645933,0.8064120732192601,1.5143835616438357,"(1, 3, 0, 1)","(70, 76, 82, 88)",0.2919125489784194
1.1567737084643102,77.31092436974791,0.7724814697589205,0.7574646899977366,1.6907534246575342,"(1, 3, 0, 1)","(58, 68, 78, 86)",0.22696045052840144
1.139430519431072,77.31092436974791,0.8176194882521607,0.8047008113746386,1.498972602739726,"(1, 3, 0, 1)","(64, 74, 84, 92)",0.2794352208227388
1.1545216684639752,78.15126050420169,0.8084864328342122,0.7957789602753479,1.6126712328767123,"(1, 3, 0, 2)","(64, 72, 80, 88)",0.252209766302296
1.145430028074788,78.15126050420169,0.8524393754677333,0.8350700204119953,1.438013698630137,"(1, 3, 0, 2)","(70, 78, 86, 94)",0.3320216434545589
1.1734082989392867,78.99159663865547,0.787820610703389,0.7697119438447603,1.6726027397260275,"(1, 3, 0, 2)","(64, 70, 76, 82)",0.25781681919690275
1.152077369693279,78.15126050420169,0.8386439430338548,0.8076051923875979,1.534931506849315,"(1, 3, 0, 2)","(70, 76, 82, 88)",0.28429316229473395
1.161434127517343,78.15126050420169,0.7934465248047339,0.7764469479216523,1.7113013698630137,"(1, 3, 0, 2)","(58, 68, 78, 86)",0.22695601942736712
1.1470397516794697,78.15126050420169,0.8251039938089345,0.8164712445597267,1.5469178082191781,"(1, 3, 0, 2)","(64, 74, 84, 92)",0.2688516436468701
1.1660951017712837,78.99159663865547,0.8173328360525306,0.8050260092258146,1.639041095890411,"(1, 3, 0, 3)","(64, 72, 80, 88)",0.2599130209925769
1.1509453439697144,78.15126050420169,0.8611058481743036,0.8350700204119953,1.4770547945205479,"(1, 3, 0, 3)","(70, 78, 86, 94)",0.31641091485395983
1.1752243876986959,78.99159663865547,0.7980839511661298,0.7837313810439385,1.7157534246575343,"(1, 3, 0, 3)","(64, 70, 76, 82)",0.244811106258465
1.1662288377657424,78.15126050420169,0.8483128056282814,0.8076051923875979,1.5726027397260274,"(1, 3, 0, 3)","(70, 76, 82, 88)",0.2903039511219903
1.154235562779735,78.15126050420169,0.8331322671394648,0.822955237807407,1.5763698630136986,"(1, 3, 0, 3)","(64, 74, 84, 92)",0.26759824320667025
1.1302355664139805,74.78991596638656,0.7568700793531108,0.7384110402915836,1.6609589041095891,"(1, 3, 1, 0)","(64, 72, 80, 88)",0.19704033882322433
1.1115248060687064,73.94957983193278,0.8096220915255447,0.7941937876240622,1.4623287671232876,"(1, 3, 1, 0)","(70, 78, 86, 94)",0.24122402497823905
1.129033901329349,73.10924369747899,0.7703159732245172,0.7568922971534207,1.5873287671232876,"(1, 3, 1, 0)","(70, 76, 82, 88)",0.21969620517883348
1.1176184127090911,73.94957983193278,0.7856232372750327,0.7664300225050084,1.5561643835616439,"(1, 3, 1, 0)","(64, 74, 84, 92)",0.2114813824572328
1.1465452461295564,77.31092436974791,0.7838562589000346,0.769162175066146,1.6044520547945205,"(1, 3, 1, 1)","(64, 72, 80, 88)",0.2424431267412492
1.13022082742311,75.63025210084034,0.8378658795039708,0.8277403708742028,1.4277397260273972,"(1, 3, 1, 1)","(70, 78, 86, 94)",0.3044394043838922
1.1575286630140647,78.15126050420169,0.7507520821519673,0.7339072913911477,1.7332191780821917,"(1, 3, 1, 1)","(64, 70, 76, 82)",0.21484525735687474
1.149278883606532,77.31092436974791,0.812781613836328,0.8004676370385798,1.5356164383561643,"(1, 3, 1, 1)","(70, 76, 82, 88)",0.2787048210556735
1.148314158067034,78.15126050420169,0.766280098849598,0.7509300029712977,1.716095890410959,"(1, 3, 1, 1)","(58, 68, 78, 86)",0.20711494096400726
1.135647148446341,76.47058823529412,0.8108252957918449,0.7973227845224964,1.533904109589041,"(1, 3, 1, 1)","(64, 74, 84, 92)",0.25406649997646946
1.155305347191821,78.99159663865547,0.8028075736458875,0.7884439444688671,1.6236301369863013,"(1, 3, 1, 2)","(64, 72, 80, 88)",0.24903438429440836
1.1444934097503878,78.15126050420169,0.8475764647507467,0.838123947832851,1.4455479452054794,"(1, 3, 1, 2)","(70, 78, 86, 94)",0.32430496269879516
1.1718458251269388,79.83193277310924,0.7802831887166347,0.7618262187367529,1.6777397260273972,"(1, 3, 1, 2)","(64, 70, 76, 82)",0.2535572558719865
1.155557540901784,77.31092436974791,0.8322542535599605,0.8175381470264372,1.545890410958904,"(1, 3, 1, 2)","(70, 76, 82, 88)",0.28496111633200083
1.1616952457668566,78.99159663865547,0.7859241834003523,0.7688503146652848,1.7222602739726027,"(1, 3, 1, 2)","(58, 68, 78, 86)",0.22387392965349512
1.144395529812594,77.31092436974791,0.823444206809453,0.8121280736728016,1.5633561643835616,"(1, 3, 1, 2)","(64, 74, 84, 92)",0.2563130377220515
1.1699006928325169,78.99159663865547,0.8118817895849104,0.7982884507831349,1.6513698630136986,"(1, 3, 1, 3)","(64, 72, 80, 88)",0.26083597427494704
1.1495284876150471,78.15126050420169,0.8560826591745087,0.838123947832851,1.4657534246575343,"(1, 3, 1, 3)","(70, 78, 86, 94)",0.3210464587028952
1.1743065814615032,79.83193277310924,0.7974557335703871,0.7774476338494108,1.6996575342465754,"(1, 3, 1, 3)","(64, 70, 76, 82)",0.2491312862788005
1.1685743920111158,79.83193277310924,0.8440674422234273,0.8175381470264372,1.5667808219178083,"(1, 3, 1, 3)","(70, 76, 82, 88)",0.2974243049380411
1.1639638065499067,78.99159663865547,0.7929589928053419,0.7758488526980881,1.7356164383561643,"(1, 3, 1, 3)","(58, 68, 78, 86)",0.222893070356484
1.1503330793142814,78.15126050420169,0.8295612261577606,0.8202544434963358,1.584931506849315,"(1, 3, 1, 3)","(64, 74, 84, 92)",0.25700971405017664
1.1368617180647134,74.78991596638656,0.756129956756009,0.7375839485348996,1.6818493150684932,"(1, 3, 2, 0)","(64, 72, 80, 88)",0.20072135446959466
1.1197254476856604,74.78991596638656,0.8115137304007858,0.7934207888804019,1.4773972602739727,"(1, 3, 2, 0)","(70, 78, 86, 94)",0.25078788180927425
1.136496083845723,74.78991596638656,0.7728746626667656,0.75463863972939,1.6054794520547946,"(1, 3, 2, 0)","(70, 76, 82, 88)",0.22543470861397685
1.122820800836717,73.94957983193278,0.7861506594959715,0.7690603718380188,1.5736301369863013,"(1, 3, 2, 0)","(64, 74, 84, 92)",0.21411148563773968
1.1541031382661089,77.31092436974791,0.7793375817429067,0.7645189067328734,1.6267123287671232,"(1, 3, 2, 1)","(64, 72, 80, 88)",0.24589134630439233
1.1338578310433038,77.31092436974791,0.8368852439392976,0.8244844750215571,1.4554794520547945,"(1, 3, 2, 1)","(70, 78, 86, 94)",0.29388335838078744
1.1452651601359287,77.31092436974791,0.8101762042029379,0.7977789381365318,1.5582191780821917,"(1, 3, 2, 1)","(70, 76, 82, 88)",0.26022961202264533
1.1518511050706264,78.99159663865547,0.7642272593622133,0.7478624980268664,1.7462328767123287,"(1, 3, 2, 1)","(58, 68, 78, 86)",0.2034902371758738
1.1355223501923521,77.31092436974791,0.8057387182378417,0.7922650536616097,1.5561643835616439,"(1, 3, 2, 1)","(64, 74, 84, 92)",0.24367319123255432
1.1572624954094326,79.83193277310924,0.7957603209507689,0.7816995714946543,1.6304794520547945,"(1, 3, 2, 2)","(64, 72, 80, 88)",0.24943318120344551
1.1428274348633805,78.99159663865547,0.8473388172270437,0.8352552474617003,1.4554794520547945,"(1, 3, 2, 2)","(70, 78, 86, 94)",0.3135760224068203
1.1681782507194642,78.99159663865547,0.7751465771724267,0.756101769724541,1.6856164383561645,"(1, 3, 2, 2)","(64, 70, 76, 82)",0.24529495109931843
1.158630464506511,78.15126050420169,0.8313311339487304,0.8161792424841995,1.5599315068493151,"(1, 3, 2, 2)","(70, 76, 82, 88)",0.2833033372226375
1.1609238672825088,78.99159663865547,0.7803101122410229,0.7637872414665742,1.735958904109589,"(1, 3, 2, 2)","(58, 68, 78, 86)",0.21865876801532144
1.1401940384075742,78.15126050420169,0.8182919891645976,0.8062666263717225,1.569178082191781,"(1, 3, 2, 2)","(64, 74, 84, 92)",0.2463096222323204
1.1705872215906696,79.83193277310924,0.8092163251512278,0.794265621933584,1.6482876712328767,"(1, 3, 2, 3)","(64, 72, 80, 88)",0.26313506975422896
1.1495215762426856,78.99159663865547,0.8527095656589615,0.8439881037396447,1.4722602739726027,"(1, 3, 2, 3)","(70, 78, 86, 94)",0.3166084137988701
1.1739804053213632,80.67226890756302,0.7919900476418745,0.772121093701304,1.7023972602739725,"(1, 3, 2, 3)","(64, 70, 76, 82)",0.24769516506015626
1.1668119080537638,80.67226890756302,0.8394063818215861,0.8258313727668605,1.5726027397260274,"(1, 3, 2, 3)","(70, 76, 82, 88)",0.29132223176853483
1.174908815523309,78.99159663865547,0.7908174375582833,0.7732250241789083,1.734931506849315,"(1, 3, 2, 3)","(58, 68, 78, 86)",0.23799335569807184
1.147496757799441,78.99159663865547,0.827157426029144,0.8155166134162737,1.5917808219178082,"(1, 3, 2, 3)","(64, 74, 84, 92)",0.24924220646664805
1.146653544015551,74.78991596638656,0.7550649266800935,0.7367550515151163,1.6914383561643835,"(1, 3, 3, 0)","(64, 72, 80, 88)",0.2120992315628573
1.1262697416734693,73.94957983193278,0.8112457842106156,0.7934135713564097,1.4845890410958904,"(1, 3, 3, 0)","(70, 78, 86, 94)",0.2605707743367705
1.1388937684254419,73.94957983193278,0.7744692489345042,0.7539049092611332,1.6253424657534246,"(1, 3, 3, 0)","(70, 76, 82, 88)",0.22210832628822033
1.1280535094350967,73.94957983193278,0.7851155886446369,0.7686113586610156,1.5876712328767124,"(1, 3, 3, 0)","(64, 74, 84, 92)",0.2178999111599548
1.158413258105899,76.47058823529412,0.7757456909332121,0.7603180412470184,1.6561643835616437,"(1, 3, 3, 1)","(64, 72, 80, 88)",0.24142312821984613
1.133393959833233,77.31092436974791,0.8322128223653621,0.8202383366395727,1.4664383561643837,"(1, 3, 3, 1)","(70, 78, 86, 94)",0.28598411359254056
1.1522834415393768,77.31092436974791,0.8063975159296293,0.7935143256361661,1.5784246575342467,"(1, 3, 3, 1)","(70, 76, 82, 88)",0.26327273492894027
1.138582754479747,77.31092436974791,0.8021383649102076,0.7883210265504572,1.5729452054794522,"(1, 3, 3, 1)","(64, 74, 84, 92)",0.24187785001844678
1.1678977005888602,79.83193277310924,0.7913098345900758,0.7772651404402227,1.6445205479452054,"(1, 3, 3, 2)","(64, 72, 80, 88)",0.26050015181693514
1.141352318316213,78.15126050420169,0.8445522863012725,0.8320153051994174,1.4657534246575343,"(1, 3, 3, 2)","(70, 78, 86, 94)",0.30349174226716336
1.1726660016573713,78.99159663865547,0.7690761989226738,0.7513157345414434,1.6976027397260274,"(1, 3, 3, 2)","(64, 70, 76, 82)",0.247513365164224
1.1601057283919927,78.15126050420169,0.8288020859304726,0.8135203233739493,1.5712328767123287,"(1, 3, 3, 2)","(70, 76, 82, 88)",0.2802810113337042
1.1602397173102008,78.99159663865547,0.7783688394345635,0.7622009139262739,1.7476027397260274,"(1, 3, 3, 2)","(58, 68, 78, 86)",0.21433805522024113
1.1408879887542451,77.31092436974791,0.8136063948163136,0.801354028052017,1.5808219178082192,"(1, 3, 3, 2)","(64, 74, 84, 92)",0.24256658441178994
1.1728693937243875,79.83193277310924,0.8054233286756819,0.7904570284634722,1.6503424657534247,"(1, 3, 3, 3)","(64, 72, 80, 88)",0.2658128644945821
1.1478643202306553,78.99159663865547,0.8520280001741136,0.8386528778459194,1.475,"(1, 3, 3, 3)","(70, 78, 86, 94)",0.311293305748748
1.174630055451925,80.67226890756302,0.785201181777673,0.7671216100062108,1.7013698630136986,"(1, 3, 3, 3)","(64, 70, 76, 82)",0.24898425874981478
1.1649488564309887,78.99159663865547,0.8373793503721411,0.8222265845421513,1.571917808219178,"(1, 3, 3, 3)","(70, 76, 82, 88)",0.2884135693284353
1.1705748391972997,78.99159663865547,0.7889167732373314,0.7712641590179273,1.7472602739726026,"(1, 3, 3, 3)","(58, 68, 78, 86)",0.22826697087814624
1.1447724194965159,78.15126050420169,0.8235167929944487,0.8117652532860001,1.5962328767123288,"(1, 3, 3, 3)","(64, 74, 84, 92)",0.24281186957485715
1.2361302531221203,81.5126050420168,0.8064711842219796,0.7903401721278415,1.6743150684931507,"(2, 0, 0, 0)","(58, 66, 74, 82)",0.35017792743351517
1.2266457784485874,80.67226890756302,0.8371416812494936,0.8167281523146708,1.5113013698630138,"(2, 0, 0, 0)","(64, 72, 80, 88)",0.44327238651699596
1.1951921445540115,79.83193277310924,0.8757179750059906,0.8538367051458617,1.3445205479452054,"(2, 0, 0, 0)","(70, 78, 86, 94)",0.5665616919460374
1.2377329060511504,80.67226890756302,0.8219033665116786,0.8014338207716785,1.5996575342465753,"(2, 0, 0, 0)","(64, 70, 76, 82)",0.396447793072164
1.2242439475537232,78.99159663865547,0.8620816482668793,0.835500149896716,1.468150684931507,"(2, 0, 0, 0)","(70, 76, 82, 88)",0.47899950757635096
1.229121654846046,81.5126050420168,0.8232045104373081,0.8062444782838248,1.6051369863013698,"(2, 0, 0, 0)","(58, 68, 78, 86)",0.37862774881180206
1.203343030991933,81.5126050420168,0.8543079645426986,0.8368683026073326,1.425,"(2, 0, 0, 0)","(64, 74, 84, 92)",0.47845419056925426
1.2357220574136845,82.35294117647058,0.845568422218641,0.8249379055311971,1.6712328767123288,"(2, 0, 0, 1)","(64, 72, 80, 88)",0.3511777590040605
1.2085225144471838,82.35294117647058,0.8840858515157255,0.8553550069127291,1.468150684931507,"(2, 0, 0, 1)","(70, 78, 86, 94)",0.4454175144007145
1.2392712723465498,80.67226890756302,0.8657458753445181,0.835500149896716,1.597945205479452,"(2, 0, 0, 1)","(70, 76, 82, 88)",0.400155850659751
1.2367649605158415,84.03361344537815,0.8293799416660593,0.8118439208016072,1.7397260273972603,"(2, 0, 0, 1)","(58, 68, 78, 86)",0.32007115032697087
1.2253817170240189,83.19327731092437,0.8549985847076546,0.8386139928575923,1.5811643835616438,"(2, 0, 0, 1)","(64, 74, 84, 92)",0.3878106150324898
1.2373135651297138,84.03361344537815,0.8430674594542971,0.8249379055311971,1.7465753424657535,"(2, 0, 0, 2)","(64, 72, 80, 88)",0.31786954595356154
1.225796997757343,82.35294117647058,0.8774002840404209,0.8553550069127291,1.5794520547945206,"(2, 0, 0, 2)","(70, 78, 86, 94)",0.3896733058223651
1.2385917188450595,82.35294117647058,0.8611836537408023,0.835500149896716,1.6962328767123287,"(2, 0, 0, 2)","(70, 76, 82, 88)",0.3426895322319595
1.2319468539451315,84.03361344537815,0.8535714380157787,0.8386139928575923,1.659931506849315,"(2, 0, 0, 2)","(64, 74, 84, 92)",0.3514711019822439
1.2306033723706191,81.5126050420168,0.8747418913780459,0.8553550069127291,1.6339041095890412,"(2, 0, 0, 3)","(70, 78, 86, 94)",0.36378273761329427
1.2392064885200496,83.19327731092437,0.8584664073536765,0.835500149896716,1.7462328767123287,"(2, 0, 0, 3)","(70, 76, 82, 88)",0.32055206355142024
1.2338195836904542,84.03361344537815,0.8518725456109413,0.8386139928575923,1.7164383561643837,"(2, 0, 0, 3)","(64, 74, 84, 92)",0.326363854864305
1.1995177276477298,83.19327731092437,0.7731918371268967,0.7551606348868231,1.7013698630136986,"(2, 0, 1, 0)","(58, 66, 74, 82)",0.28446863512273973
1.2025923770590614,80.67226890756302,0.8152005460691001,0.7985852814570322,1.54486301369863,"(2, 0, 1, 0)","(64, 72, 80, 88)",0.37182259020267716
1.1709821921228902,79.83193277310924,0.8652872015921133,0.844933242993807,1.3736301369863013,"(2, 0, 1, 0)","(70, 78, 86, 94)",0.457624198899028
1.2027716505541388,82.35294117647058,0.7916774621848692,0.7729020632686502,1.6297945205479452,"(2, 0, 1, 0)","(64, 70, 76, 82)",0.32196477412620195
1.2162055505088858,81.5126050420168,0.8455329538216719,0.8180658332971256,1.484931506849315,"(2, 0, 1, 0)","(70, 76, 82, 88)",0.44584760415674196
1.2025792563765878,80.67226890756302,0.798100479066978,0.7829789616687695,1.6304794520547945,"(2, 0, 1, 0)","(58, 68, 78, 86)",0.3213098471589551
1.1882233954001507,78.99159663865547,0.8318007926539426,0.8131247633052411,1.4808219178082191,"(2, 0, 1, 0)","(64, 74, 84, 92)",0.39146176251313386
1.2183414828578665,82.35294117647058,0.8325517483411725,0.8112647243700777,1.608904109589041,"(2, 0, 1, 1)","(64, 72, 80, 88)",0.35858106296117553
1.1921631722995172,80.67226890756302,0.8705602275241366,0.844933242993807,1.4568493150684931,"(2, 0, 1, 1)","(70, 78, 86, 94)",0.4206270338190331
1.2197490807906606,83.19327731092437,0.8169787772677786,0.7931257454335147,1.6784246575342465,"(2, 0, 1, 1)","(64, 70, 76, 82)",0.3239108106555926
1.2218472206946056,82.35294117647058,0.8546792351334108,0.8180658332971256,1.55,"(2, 0, 1, 1)","(70, 76, 82, 88)",0.40335858308110106
1.2119145751272078,83.19327731092437,0.8045575331005752,0.795808228221672,1.7003424657534247,"(2, 0, 1, 1)","(58, 68, 78, 86)",0.30258707059728446
1.2059927252000042,82.35294117647058,0.8455133132451522,0.8315788142396211,1.5602739726027397,"(2, 0, 1, 1)","(64, 74, 84, 92)",0.3676642772518413
1.2180087779836366,83.19327731092437,0.8353460284769003,0.8112647243700777,1.6763698630136987,"(2, 0, 1, 2)","(64, 72, 80, 88)",0.3223218388416298
1.2008757930828913,81.5126050420168,0.873359645866772,0.844933242993807,1.5236301369863015,"(2, 0, 1, 2)","(70, 78, 86, 94)",0.3836215276664764
1.2233278808191204,84.03361344537815,0.8578741346461238,0.8180658332971256,1.5986301369863014,"(2, 0, 1, 2)","(70, 76, 82, 88)",0.3730648810021919
1.2072212160081643,83.19327731092437,0.8446949306120695,0.8315788142396211,1.611986301369863,"(2, 0, 1, 2)","(64, 74, 84, 92)",0.3386043372936989
1.2156552702214614,83.19327731092437,0.8321393745619223,0.8112647243700777,1.726027397260274,"(2, 0, 1, 3)","(64, 72, 80, 88)",0.297034617474843
1.2035777240864387,83.19327731092437,0.8713231363743081,0.844933242993807,1.5681506849315068,"(2, 0, 1, 3)","(70, 78, 86, 94)",0.35831642816901815
1.222696810374175,84.03361344537815,0.8568395089192968,0.8180658332971256,1.6465753424657534,"(2, 0, 1, 3)","(70, 76, 82, 88)",0.34442515163802506
1.2071794551586363,84.03361344537815,0.8467162543565453,0.8315788142396211,1.6554794520547946,"(2, 0, 1, 3)","(64, 74, 84, 92)",0.3160731499807827
1.1917177188523491,78.99159663865547,0.8027205154605364,0.7850373732273797,1.5924657534246576,"(2, 0, 2, 0)","(64, 72, 80, 88)",0.3235929127450054
1.1686647268113957,78.15126050420169,0.8546260648964309,0.8368530945622339,1.426027397260274,"(2, 0, 2, 0)","(70, 78, 86, 94)",0.3959011272421828
1.1782293649080162,80.67226890756302,0.7752218086488883,0.7560576315234963,1.6636986301369863,"(2, 0, 2, 0)","(64, 70, 76, 82)",0.2685396003774032
1.1980150929442148,78.99159663865547,0.8327639999408056,0.8135960751327674,1.5191780821917809,"(2, 0, 2, 0)","(70, 76, 82, 88)",0.38140110250468817
1.1911659579995666,78.99159663865547,0.7787391216472368,0.766166991226912,1.6845890410958904,"(2, 0, 2, 0)","(58, 68, 78, 86)",0.2792419196391868
1.1682527210428946,78.99159663865547,0.8208542241885575,0.803811378427744,1.5184931506849315,"(2, 0, 2, 0)","(64, 74, 84, 92)",0.32450326647638844
1.2016579929903632,81.5126050420168,0.8176683210663992,0.8063964489245437,1.6123287671232878,"(2, 0, 2, 1)","(64, 72, 80, 88)",0.32932960823929563
1.1773324566783707,79.83193277310924,0.8635406128576149,0.8368530945622339,1.4674657534246576,"(2, 0, 2, 1)","(70, 78, 86, 94)",0.3793485520152692
1.2007339288232937,83.19327731092437,0.80348658048871,0.7870591999233533,1.670890410958904,"(2, 0, 2, 1)","(64, 70, 76, 82)",0.2992052435753025
1.2037956760301436,79.83193277310924,0.8479306790432858,0.8135960751327674,1.5527397260273972,"(2, 0, 2, 1)","(70, 76, 82, 88)",0.36870097522182116
1.1971258025864306,81.5126050420168,0.7991424833971356,0.787636629762525,1.6958904109589041,"(2, 0, 2, 1)","(58, 68, 78, 86)",0.2832713304883747
1.1872618249686555,80.67226890756302,0.8343087057989607,0.8235342183753503,1.5582191780821917,"(2, 0, 2, 1)","(64, 74, 84, 92)",0.33546290117084304
1.204290897542079,83.19327731092437,0.8281050561353918,0.8092724392803152,1.6363013698630138,"(2, 0, 2, 2)","(64, 72, 80, 88)",0.32105996815009175
1.1819386982190807,79.83193277310924,0.8671114688179679,0.8368530945622339,1.514041095890411,"(2, 0, 2, 2)","(70, 78, 86, 94)",0.3539380405061397
1.2076227878346775,83.19327731092437,0.8129141269516292,0.7975999158820536,1.698972602739726,"(2, 0, 2, 2)","(64, 70, 76, 82)",0.29703995123824506
1.2062187493190188,81.5126050420168,0.851691865852863,0.8135960751327674,1.5832191780821918,"(2, 0, 2, 2)","(70, 76, 82, 88)",0.3535870510930916
1.202121663843139,82.35294117647058,0.7999100526679526,0.7909833582762966,1.7414383561643836,"(2, 0, 2, 2)","(58, 68, 78, 86)",0.27260750966372543
1.1872618249686555,81.5126050420168,0.8406473967032659,0.8262385730748857,1.5924657534246576,"(2, 0, 2, 2)","(64, 74, 84, 92)",0.31607198202801967
1.2048497001691947,83.19327731092437,0.8294013469363599,0.8092724392803152,1.6907534246575342,"(2, 0, 2, 3)","(64, 72, 80, 88)",0.2965598039137573
1.1819386982190807,80.67226890756302,0.8685564257816576,0.8368530945622339,1.5397260273972602,"(2, 0, 2, 3)","(70, 78, 86, 94)",0.33709454238560643
1.2127911147599493,83.19327731092437,0.8150351743096097,0.7977295109781521,1.7493150684931507,"(2, 0, 2, 3)","(64, 70, 76, 82)",0.2839808295699506
1.2081467729478572,83.19327731092437,0.8535012675119024,0.8135960751327674,1.606849315068493,"(2, 0, 2, 3)","(70, 76, 82, 88)",0.342995810952451
1.1872618249686555,80.67226890756302,0.8394913181197258,0.8262385730748857,1.6263698630136987,"(2, 0, 2, 3)","(64, 74, 84, 92)",0.29896365713967965
1.1767315907861813,78.99159663865547,0.7934071934597288,0.7754623742582768,1.6191780821917807,"(2, 0, 3, 0)","(64, 72, 80, 88)",0.28542933910157603
1.1666131988146853,78.15126050420169,0.8452804618744425,0.8262188060838507,1.4544520547945206,"(2, 0, 3, 0)","(70, 78, 86, 94)",0.366624371167205
1.1731122958093656,78.15126050420169,0.7637632869201221,0.7442672054505984,1.7058219178082192,"(2, 0, 3, 0)","(64, 70, 76, 82)",0.24526341764354562
1.1836495481012452,78.15126050420169,0.8232173525749106,0.8023699477072371,1.5537671232876713,"(2, 0, 3, 0)","(70, 76, 82, 88)",0.33163678444999134
1.1778763380649406,78.99159663865547,0.7649315382382494,0.7559400943833371,1.711986301369863,"(2, 0, 3, 0)","(58, 68, 78, 86)",0.24983112417009457
1.166202443159689,78.15126050420169,0.8125084538373988,0.7958118551514194,1.54486301369863,"(2, 0, 3, 0)","(64, 74, 84, 92)",0.30503528222897025
1.1892206255075723,78.99159663865547,0.8106208507860545,0.7967920587051294,1.6256849315068493,"(2, 0, 3, 1)","(64, 72, 80, 88)",0.3024215799026334
1.1697860202423178,79.83193277310924,0.8576941673629258,0.8369072587717636,1.4773972602739727,"(2, 0, 3, 1)","(70, 78, 86, 94)",0.35564933938849924
1.188438913359959,81.5126050420168,0.7899776731818021,0.7730180113869689,1.6921232876712329,"(2, 0, 3, 1)","(64, 70, 76, 82)",0.27226206185605173
1.188587215560332,79.83193277310924,0.8403779401901147,0.8112401819240025,1.558904109589041,"(2, 0, 3, 1)","(70, 76, 82, 88)",0.3374232043113785
1.188051095083998,81.5126050420168,0.7901144200810877,0.7789652383942931,1.7017123287671232,"(2, 0, 3, 1)","(58, 68, 78, 86)",0.2679888714715833
1.1726322186437375,78.99159663865547,0.8283353770879299,0.8133526810245177,1.5578767123287671,"(2, 0, 3, 1)","(64, 74, 84, 92)",0.3094451064700512
1.1892206255075723,80.67226890756302,0.8193961959036089,0.8086419593184409,1.6373287671232877,"(2, 0, 3, 2)","(64, 72, 80, 88)",0.29689641401510547
1.1697860202423178,79.83193277310924,0.8597770117911794,0.8369072587717636,1.5061643835616438,"(2, 0, 3, 2)","(70, 78, 86, 94)",0.335436521723659
1.195539100673907,83.19327731092437,0.8028192764598909,0.7867480239338865,1.6825342465753426,"(2, 0, 3, 2)","(64, 70, 76, 82)",0.28648980128841345
1.1920419933015296,79.83193277310924,0.8442318555487021,0.8112401819240025,1.5784246575342467,"(2, 0, 3, 2)","(70, 76, 82, 88)",0.33200865627025833
1.1901159342843959,81.5126050420168,0.7953211427347189,0.7837317357940248,1.7133561643835618,"(2, 0, 3, 2)","(58, 68, 78, 86)",0.266509134954602
1.1785957650804615,80.67226890756302,0.8356269416807542,0.8263748039571512,1.5876712328767124,"(2, 0, 3, 2)","(64, 74, 84, 92)",0.3039042156380813
1.2003473741824482,81.5126050420168,0.8272526614346288,0.810829257218027,1.6554794520547946,"(2, 0, 3, 3)","(64, 72, 80, 88)",0.30565012153226156
1.175279484686835,80.67226890756302,0.8657448124649723,0.8369072587717636,1.5308219178082192,"(2, 0, 3, 3)","(70, 78, 86, 94)",0.33020393244229573
1.2040370992615848,83.19327731092437,0.8106649418210694,0.796945140530914,1.7178082191780821,"(2, 0, 3, 3)","(64, 70, 76, 82)",0.28425015736823833
1.1937760051827477,80.67226890756302,0.8502963314214749,0.8112401819240025,1.5996575342465753,"(2, 0, 3, 3)","(70, 76, 82, 88)",0.3231444518181744
1.1788544061150028,80.67226890756302,0.8387547978078648,0.8297746146700357,1.6044520547945205,"(2, 0, 3, 3)","(64, 74, 84, 92)",0.2958951081336024
1.1972755575683467,78.99159663865547,0.7543460921113054,0.7384546909293923,1.7068493150684931,"(2, 1, 0, 0)","(58, 66, 74, 82)",0.2790913895831261
1.1874725792699956,78.99159663865547,0.8102237910122421,0.7914863260985178,1.516095890410959,"(2, 1, 0, 0)","(64, 72, 80, 88)",0.3632514475569921
1.1638020392615729,78.99159663865547,0.8615485474405603,0.8436675855263687,1.3363013698630137,"(2, 1, 0, 0)","(70, 78, 86, 94)",0.4870692002482615
1.2009072087234305,78.99159663865547,0.7851919396007774,0.7661050069444238,1.611986301369863,"(2, 1, 0, 0)","(64, 70, 76, 82)",0.32828710099183944
1.1909541519120785,78.99159663865547,0.8411418955416708,0.8191477382089246,1.4445205479452055,"(2, 1, 0, 0)","(70, 76, 82, 88)",0.42957328473287315
1.1934960658288702,80.67226890756302,0.7840165012288647,0.7697251738629505,1.6013698630136985,"(2, 1, 0, 0)","(58, 68, 78, 86)",0.32175883383844034
1.1708992339283535,78.15126050420169,0.8312603680984608,0.8134757907314787,1.4325342465753426,"(2, 1, 0, 0)","(64, 74, 84, 92)",0.39511145136246406
1.2079996120589067,82.35294117647058,0.7867019127362787,0.7750882633541842,1.7356164383561643,"(2, 1, 0, 1)","(58, 66, 74, 82)",0.2827555247728155
1.2024556458175844,82.35294117647058,0.8294365438053622,0.8117325533396134,1.5886986301369863,"(2, 1, 0, 1)","(64, 72, 80, 88)",0.34390371482684484
1.1787742366381948,79.83193277310924,0.8687350921517958,0.8491154067907903,1.4061643835616437,"(2, 1, 0, 1)","(70, 78, 86, 94)",0.44015242072810196
1.2181043782073486,82.35294117647058,0.8115724488325419,0.7902841555429685,1.654109589041096,"(2, 1, 0, 1)","(64, 70, 76, 82)",0.3334370598772031
1.2047349065798656,79.83193277310924,0.8549056295522219,0.8219171208835798,1.5198630136986302,"(2, 1, 0, 1)","(70, 76, 82, 88)",0.3938247214843264
1.2007436405465106,81.5126050420168,0.8029210175818059,0.7892277805132984,1.6770547945205478,"(2, 1, 0, 1)","(58, 68, 78, 86)",0.29649541244097677
1.1811055817027054,81.5126050420168,0.8442020770141133,0.8312736013645347,1.5058219178082193,"(2, 1, 0, 1)","(64, 74, 84, 92)",0.35804217912789416
1.2065793893088916,82.35294117647058,0.8355830307114104,0.8117325533396134,1.6537671232876712,"(2, 1, 0, 2)","(64, 72, 80, 88)",0.31598314132109145
1.1839377812511025,80.67226890756302,0.8752722124894734,0.8491154067907903,1.4746575342465753,"(2, 1, 0, 2)","(70, 78, 86, 94)",0.387516826301024
1.2171620453440706,82.35294117647058,0.822785293305771,0.7902841555429685,1.7417808219178081,"(2, 1, 0, 2)","(64, 70, 76, 82)",0.2927576973244165
1.206195683491959,81.5126050420168,0.8610704627347519,0.8219171208835798,1.5839041095890412,"(2, 1, 0, 2)","(70, 76, 82, 88)",0.3531327834583695
1.2071380077524219,82.35294117647058,0.8071918359760286,0.7973571020923231,1.7328767123287672,"(2, 1, 0, 2)","(58, 68, 78, 86)",0.2826369077743326
1.187811470285429,81.5126050420168,0.8454833011355547,0.8314158831628278,1.5938356164383563,"(2, 1, 0, 2)","(64, 74, 84, 92)",0.3162684505383233
1.2085746724210276,82.35294117647058,0.8321690439835364,0.8117325533396134,1.710958904109589,"(2, 1, 0, 3)","(64, 72, 80, 88)",0.2933709265266862
1.1846737084680132,81.5126050420168,0.8716688302084947,0.8491154067907903,1.533904109589041,"(2, 1, 0, 3)","(70, 78, 86, 94)",0.3458930267649767
1.206195683491959,82.35294117647058,0.8569211546535243,0.8219171208835798,1.63013698630137,"(2, 1, 0, 3)","(70, 76, 82, 88)",0.32722358467202173
1.187811470285429,80.67226890756302,0.8458714590339026,0.8314158831628278,1.6342465753424658,"(2, 1, 0, 3)","(64, 74, 84, 92)",0.29611743695110837
1.1731640250503428,78.15126050420169,0.7981037109458894,0.7803615425158139,1.564041095890411,"(2, 1, 1, 0)","(64, 72, 80, 88)",0.30700604319793623
1.156358202533312,78.15126050420169,0.85316720063729,0.8320186413773124,1.3832191780821919,"(2, 1, 1, 0)","(70, 78, 86, 94)",0.40801246773661365
1.1762041502827327,79.83193277310924,0.7671877029183677,0.7478006810113821,1.6582191780821918,"(2, 1, 1, 0)","(64, 70, 76, 82)",0.267698292833288
1.1817151894520692,76.47058823529412,0.8272386387325764,0.8038636224943754,1.4914383561643836,"(2, 1, 1, 0)","(70, 76, 82, 88)",0.3697619186063011
1.171085177267016,78.99159663865547,0.7726551382310921,0.7599302226363509,1.6647260273972602,"(2, 1, 1, 0)","(58, 68, 78, 86)",0.2573769797113277
1.1675046487207124,78.15126050420169,0.8170288947021628,0.8000836954674174,1.4804794520547946,"(2, 1, 1, 0)","(64, 74, 84, 92)",0.3486197963396151
1.1942960500867463,80.67226890756302,0.7731316455215997,0.7568785991155397,1.7496575342465754,"(2, 1, 1, 1)","(58, 66, 74, 82)",0.25917974703211477
1.1900981078187254,80.67226890756302,0.8164603713586811,0.8035509645035732,1.5897260273972602,"(2, 1, 1, 1)","(64, 72, 80, 88)",0.32234986923965053
1.1710126180753166,78.99159663865547,0.8624388904488798,0.8348941713405764,1.4236301369863014,"(2, 1, 1, 1)","(70, 78, 86, 94)",0.4036837872109334
1.1953970041139674,81.5126050420168,0.7969418466143905,0.7829134800105876,1.6582191780821918,"(2, 1, 1, 1)","(64, 70, 76, 82)",0.2968570509952055
1.1893004264963014,78.99159663865547,0.8463215303208371,0.8116019211891724,1.526027397260274,"(2, 1, 1, 1)","(70, 76, 82, 88)",0.35986799828723964
1.1925652434932796,80.67226890756302,0.7956047114671019,0.7812176906467834,1.6832191780821917,"(2, 1, 1, 1)","(58, 68, 78, 86)",0.28184988020069
1.175538004627461,78.99159663865547,0.8318354415149625,0.8186702780169263,1.5232876712328767,"(2, 1, 1, 1)","(64, 74, 84, 92)",0.33545220779593343
1.1900981078187254,80.67226890756302,0.8282872197630593,0.8071293751105688,1.6243150684931507,"(2, 1, 1, 2)","(64, 72, 80, 88)",0.30449066090547344
1.1744074082028055,80.67226890756302,0.8656846898813307,0.8348941713405764,1.461986301369863,"(2, 1, 1, 2)","(70, 78, 86, 94)",0.3775164061913952
1.2053989651787478,83.19327731092437,0.8080246018893272,0.7894302131363106,1.6856164383561645,"(2, 1, 1, 2)","(64, 70, 76, 82)",0.299582906254717
1.1905014532508231,79.83193277310924,0.8511960027601138,0.8116019211891724,1.5664383561643835,"(2, 1, 1, 2)","(70, 76, 82, 88)",0.3363145365734
1.1951456358740578,80.67226890756302,0.7960491799385233,0.7854382002608118,1.7232876712328766,"(2, 1, 1, 2)","(58, 68, 78, 86)",0.26980362535617836
1.175538004627461,80.67226890756302,0.8390165683247582,0.825549867258722,1.5712328767123287,"(2, 1, 1, 2)","(64, 74, 84, 92)",0.30729674670994384
1.1989985010539432,80.67226890756302,0.8293284661791609,0.8071293751105688,1.6705479452054794,"(2, 1, 1, 3)","(64, 72, 80, 88)",0.296769981142755
1.1756652158967873,80.67226890756302,0.8698363772800718,0.8348941713405764,1.510958904109589,"(2, 1, 1, 3)","(70, 78, 86, 94)",0.3437951946505489
1.2123219945555526,83.19327731092437,0.8134804279538682,0.7894302131363106,1.7325342465753424,"(2, 1, 1, 3)","(64, 70, 76, 82)",0.28984582706975853
1.1931489645743045,80.67226890756302,0.854665858306641,0.8116019211891724,1.5941780821917808,"(2, 1, 1, 3)","(70, 76, 82, 88)",0.3250691507532964
1.175538004627461,80.67226890756302,0.8421789087324575,0.825549867258722,1.6130136986301369,"(2, 1, 1, 3)","(64, 74, 84, 92)",0.2863524991688192
1.170443938843827,78.15126050420169,0.7897202701449136,0.7717872115367906,1.603082191780822,"(2, 1, 2, 0)","(64, 72, 80, 88)",0.28262140909936107
1.1557458469660677,75.63025210084034,0.8448027355103302,0.8229071871088733,1.4160958904109588,"(2, 1, 2, 0)","(70, 78, 86, 94)",0.37430277624766906
1.1655670948659518,78.15126050420169,0.7562529444329218,0.736692634107747,1.713013698630137,"(2, 1, 2, 0)","(64, 70, 76, 82)",0.23220745293399578
1.1772713521849818,77.31092436974791,0.8175529279492407,0.7954475532714431,1.5373287671232876,"(2, 1, 2, 0)","(70, 76, 82, 88)",0.3299122679287106
1.1629379226666814,77.31092436974791,0.7637421177407413,0.751674482792209,1.6928082191780822,"(2, 1, 2, 0)","(58, 68, 78, 86)",0.235184742553984
1.1620313425641768,77.31092436974791,0.8084838840214038,0.791793853925921,1.518150684931507,"(2, 1, 2, 0)","(64, 74, 84, 92)",0.31271085280065847
1.177282767998753,78.15126050420169,0.8092894940582784,0.7952025821715215,1.6071917808219178,"(2, 1, 2, 1)","(64, 72, 80, 88)",0.29197162016715095
1.1617383510807902,78.99159663865547,0.8569997563085746,0.8341459310068232,1.4356164383561645,"(2, 1, 2, 1)","(70, 78, 86, 94)",0.37128615185212827
1.1833454127802627,80.67226890756302,0.7835213685593718,0.7662963785230051,1.6876712328767123,"(2, 1, 2, 1)","(64, 70, 76, 82)",0.2666178313338482
1.1841086882138687,78.99159663865547,0.8365775310990673,0.8091922102404073,1.5414383561643836,"(2, 1, 2, 1)","(70, 76, 82, 88)",0.3400362868972148
1.1880720161492557,80.67226890756302,0.7856019217674052,0.7735265738154524,1.6866438356164384,"(2, 1, 2, 1)","(58, 68, 78, 86)",0.2739003925964223
1.1686352656279904,78.99159663865547,0.826113407173996,0.8109596057784217,1.5363013698630137,"(2, 1, 2, 1)","(64, 74, 84, 92)",0.3144412360368658
1.1818767642703278,80.67226890756302,0.8172325275004702,0.8062071940700272,1.6291095890410958,"(2, 1, 2, 2)","(64, 72, 80, 88)",0.28910187897079875
1.167188369045446,79.83193277310924,0.8594756152552017,0.8341459310068232,1.459931506849315,"(2, 1, 2, 2)","(70, 78, 86, 94)",0.36350710172204215
1.1947305461938136,81.5126050420168,0.8013731526462835,0.7851128922891328,1.6722602739726027,"(2, 1, 2, 2)","(64, 70, 76, 82)",0.28966540748137326
1.1891025342217327,80.67226890756302,0.8459856400256677,0.8091922102404073,1.566095890410959,"(2, 1, 2, 2)","(70, 76, 82, 88)",0.3340468239125587
1.189554477689853,80.67226890756302,0.7918237468111571,0.7805894568421126,1.7102739726027398,"(2, 1, 2, 2)","(58, 68, 78, 86)",0.26687515663180844
1.1686352656279904,79.83193277310924,0.8342934479962323,0.8253471894314853,1.5736301369863013,"(2, 1, 2, 2)","(64, 74, 84, 92)",0.29397908993058625
1.1895339791945065,80.67226890756302,0.8277438064377093,0.8093669538585568,1.6496575342465754,"(2, 1, 2, 3)","(64, 72, 80, 88)",0.29174444873376865
1.1682562961689946,79.83193277310924,0.8640545086041329,0.8341459310068232,1.5082191780821919,"(2, 1, 2, 3)","(70, 78, 86, 94)",0.331070340170798
1.203732370911281,83.19327731092437,0.8082509929520819,0.7943598375504566,1.7061643835616438,"(2, 1, 2, 3)","(64, 70, 76, 82)",0.2885055882933757
1.1920856769433585,80.67226890756302,0.8499007313693303,0.8091922102404073,1.5876712328767124,"(2, 1, 2, 3)","(70, 76, 82, 88)",0.32685907731620445
1.1696244608973718,80.67226890756302,0.8402401327393977,0.8276455908371398,1.593150684931507,"(2, 1, 2, 3)","(64, 74, 84, 92)",0.2859719548616199
1.1675596645229744,76.47058823529412,0.7832772479801748,0.765054722849933,1.6308219178082193,"(2, 1, 3, 0)","(64, 72, 80, 88)",0.26562118371720156
1.1499595844257562,75.63025210084034,0.8395953492351056,0.8180224564332587,1.4393835616438355,"(2, 1, 3, 0)","(70, 78, 86, 94)",0.3412953908988372
1.1554017248715223,78.15126050420169,0.7468639239619901,0.7269068600127201,1.7438356164383562,"(2, 1, 3, 0)","(64, 70, 76, 82)",0.20891944595987338
1.1671063970898448,77.31092436974791,0.8122874410942799,0.7891699698855897,1.560958904109589,"(2, 1, 3, 0)","(70, 76, 82, 88)",0.2978941877303704
1.159794053850888,78.15126050420169,0.7603153457639704,0.7475822754637663,1.7308219178082191,"(2, 1, 3, 0)","(58, 68, 78, 86)",0.21864978315116818
1.1538110989654464,77.31092436974791,0.805526648249175,0.7885399936727816,1.542808219178082,"(2, 1, 3, 0)","(64, 74, 84, 92)",0.28336177222656384
1.1729190302229904,78.15126050420169,0.8037189654177526,0.7876178088173881,1.6167808219178081,"(2, 1, 3, 1)","(64, 72, 80, 88)",0.2803573393954092
1.1545294271645248,78.99159663865547,0.8514025311896879,0.8375287394166773,1.4486301369863013,"(2, 1, 3, 1)","(70, 78, 86, 94)",0.34444727276367365
1.1758850231284235,81.5126050420168,0.7750327487947748,0.7577138943387733,1.7047945205479451,"(2, 1, 3, 1)","(64, 70, 76, 82)",0.24955503767492546
1.168224480050475,78.99159663865547,0.8306424074020198,0.8124866816609179,1.5527397260273972,"(2, 1, 3, 1)","(70, 76, 82, 88)",0.30434664296616315
1.1694689531217655,79.83193277310924,0.7786217801297675,0.7671408416172965,1.7027397260273973,"(2, 1, 3, 1)","(58, 68, 78, 86)",0.24115465064110872
1.1651462192698374,78.15126050420169,0.8203958114843998,0.805307833406318,1.5544520547945206,"(2, 1, 3, 1)","(64, 74, 84, 92)",0.2978548241308988
1.1768436763560006,79.83193277310924,0.8137957358166094,0.7998738629753358,1.6352739726027397,"(2, 1, 3, 2)","(64, 72, 80, 88)",0.2783738732935428
1.162989605383532,79.83193277310924,0.855995321134446,0.8388345265092029,1.4592465753424657,"(2, 1, 3, 2)","(70, 78, 86, 94)",0.35490652328106903
1.1877211142635709,81.5126050420168,0.7955043935454142,0.7779470707289445,1.6695205479452055,"(2, 1, 3, 2)","(64, 70, 76, 82)",0.2803814085164332
1.1883011650562025,78.99159663865547,0.8411348022740223,0.8124866816609179,1.5633561643835616,"(2, 1, 3, 2)","(70, 76, 82, 88)",0.33424887657392793
1.1838646979702951,80.67226890756302,0.7896631734494614,0.7762119580686234,1.7089041095890412,"(2, 1, 3, 2)","(58, 68, 78, 86)",0.2593646947213825
1.1651462192698374,78.99159663865547,0.8314931132417156,0.8182258758569547,1.5794520547945206,"(2, 1, 3, 2)","(64, 74, 84, 92)",0.28500411363352557
1.179686178548287,80.67226890756302,0.8196976465369569,0.8065115239226351,1.6493150684931508,"(2, 1, 3, 3)","(64, 72, 80, 88)",0.27673187835495683
1.1650571935875138,79.83193277310924,0.8582622865887802,0.8388345265092029,1.4972602739726026,"(2, 1, 3, 3)","(70, 78, 86, 94)",0.3319331992255788
1.1959739238809493,82.35294117647058,0.8032904779270922,0.7856511417058848,1.6972602739726028,"(2, 1, 3, 3)","(64, 70, 76, 82)",0.28106279849330634
1.1894614068011318,80.67226890756302,0.8457096314392255,0.8124866816609179,1.5832191780821918,"(2, 1, 3, 3)","(70, 76, 82, 88)",0.3248545554076951
1.1871837471360174,80.67226890756302,0.792740614848053,0.7805485344631558,1.731164383561644,"(2, 1, 3, 3)","(58, 68, 78, 86)",0.2560077478394242
1.1672387916806686,79.83193277310924,0.8350906169498039,0.825338644818146,1.5952054794520547,"(2, 1, 3, 3)","(64, 74, 84, 92)",0.2809765659997424
1.1601790569346466,76.47058823529412,0.7944467346257378,0.7763151976692085,1.5469178082191781,"(2, 2, 0, 0)","(64, 72, 80, 88)",0.292875921258089
1.1367954813555912,74.78991596638656,0.8450637427368133,0.8231482769751004,1.3763698630136987,"(2, 2, 0, 0)","(70, 78, 86, 94)",0.3634602416363295
1.1719706469222086,77.31092436974791,0.7580345782165628,0.7378085714444587,1.6811643835616439,"(2, 2, 0, 0)","(64, 70, 76, 82)",0.25246570588881306
1.1707485970521239,76.47058823529412,0.8203928045571746,0.7971526415815124,1.4589041095890412,"(2, 2, 0, 0)","(70, 76, 82, 88)",0.37207903238224
1.1644856993325285,75.63025210084034,0.7667846404699483,0.7494692607535418,1.6496575342465754,"(2, 2, 0, 0)","(58, 68, 78, 86)",0.25318831947864173
1.157082494063172,76.47058823529412,0.8120167025866273,0.7944047011958485,1.4873287671232878,"(2, 2, 0, 0)","(64, 74, 84, 92)",0.3223337193706693
1.192518657263557,78.99159663865547,0.7695392610067535,0.7484233014662038,1.731164383561644,"(2, 2, 0, 1)","(58, 66, 74, 82)",0.26330420571877594
1.1745850686996717,78.99159663865547,0.8146004215069,0.801678739746974,1.561986301369863,"(2, 2, 0, 1)","(64, 72, 80, 88)",0.3106571606356133
1.1609797462553861,77.31092436974791,0.8592582488603636,0.8379614119778676,1.3897260273972603,"(2, 2, 0, 1)","(70, 78, 86, 94)",0.413058751375859
1.1904959669488553,79.83193277310924,0.7872055768131861,0.7732339260226115,1.648972602739726,"(2, 2, 0, 1)","(64, 70, 76, 82)",0.2935346825808219
1.1707485970521239,78.15126050420169,0.843692232100964,0.8117155113583038,1.4996575342465754,"(2, 2, 0, 1)","(70, 76, 82, 88)",0.34173125660877424
1.1738998396210052,78.99159663865547,0.7875187214315719,0.7721559827188059,1.6571917808219179,"(2, 2, 0, 1)","(58, 68, 78, 86)",0.2646104907208625
1.1718764114856894,78.15126050420169,0.8304816135267423,0.8173415912018616,1.4886986301369862,"(2, 2, 0, 1)","(64, 74, 84, 92)",0.35170225756006535
1.1814082243718231,78.99159663865547,0.8226371563364651,0.8080404176716547,1.6106164383561643,"(2, 2, 0, 2)","(64, 72, 80, 88)",0.29709030575755674
1.17509300444725,78.15126050420169,0.8640637430663984,0.8379614119778676,1.4376712328767123,"(2, 2, 0, 2)","(70, 78, 86, 94)",0.4000560039013852
1.2026123717452128,79.83193277310924,0.8062960971338917,0.782687769039693,1.6773972602739726,"(2, 2, 0, 2)","(64, 70, 76, 82)",0.2991042090475336
1.182095793170128,78.99159663865547,0.8505775730703908,0.8117155113583038,1.5465753424657533,"(2, 2, 0, 2)","(70, 76, 82, 88)",0.33315771682755235
1.1841388052619226,78.99159663865547,0.7956021162571075,0.7789821537990225,1.7065068493150686,"(2, 2, 0, 2)","(58, 68, 78, 86)",0.2606327248496432
1.1732029016041117,78.99159663865547,0.8384242812823068,0.8258052236925892,1.540068493150685,"(2, 2, 0, 2)","(64, 74, 84, 92)",0.32070543607102475
1.187639185985836,79.83193277310924,0.8311118323641004,0.8080404176716547,1.652054794520548,"(2, 2, 0, 3)","(64, 72, 80, 88)",0.2877659785076896
1.1809362641177839,78.99159663865547,0.8688547412133852,0.8379614119778676,1.4866438356164384,"(2, 2, 0, 3)","(70, 78, 86, 94)",0.37180428657560083
1.2067994953136116,80.67226890756302,0.8127580859039246,0.782687769039693,1.7273972602739727,"(2, 2, 0, 3)","(64, 70, 76, 82)",0.2843006244424416
1.1866521039492386,79.83193277310924,0.8569291430942535,0.8117155113583038,1.5866438356164383,"(2, 2, 0, 3)","(70, 76, 82, 88)",0.3181693774266064
1.1747343655653029,78.99159663865547,0.8399778091166974,0.8258052236925892,1.582876712328767,"(2, 2, 0, 3)","(64, 74, 84, 92)",0.29977928757384514
1.1503202617530277,77.31092436974791,0.7846503339806361,0.7667598788166169,1.5897260273972602,"(2, 2, 1, 0)","(64, 72, 80, 88)",0.2548984694069924
1.1412393761826487,74.78991596638656,0.838129084353275,0.8166920022177909,1.4023972602739727,"(2, 2, 1, 0)","(70, 78, 86, 94)",0.3509948752794333
1.1681453407981461,78.15126050420169,0.7485076293402402,0.7283050176249164,1.7219178082191782,"(2, 2, 1, 0)","(64, 70, 76, 82)",0.23291479844904492
1.1645367142971608,75.63025210084034,0.8125411890261819,0.7898112766030152,1.498972602739726,"(2, 2, 1, 0)","(70, 76, 82, 88)",0.3297509991405006
1.15861055751018,76.47058823529412,0.7575185481363419,0.7404436917276432,1.6904109589041096,"(2, 2, 1, 0)","(58, 68, 78, 86)",0.2297335456000622
1.1454343138676906,76.47058823529412,0.80487262268358,0.7873720846405479,1.5133561643835616,"(2, 2, 1, 0)","(64, 74, 84, 92)",0.28330099832798966
1.1696888530271636,78.99159663865547,0.8055986030246053,0.792128807027751,1.5852739726027398,"(2, 2, 1, 1)","(64, 72, 80, 88)",0.2899306324396242
1.157968168874229,77.31092436974791,0.8535599575929547,0.8343727995053455,1.4123287671232876,"(2, 2, 1, 1)","(70, 78, 86, 94)",0.38311217035942574
1.1843762094904533,80.67226890756302,0.7812954252097957,0.7641554324979316,1.6684931506849314,"(2, 2, 1, 1)","(64, 70, 76, 82)",0.27580867403285025
1.1679484664367654,78.15126050420169,0.8361229608266162,0.8061588027224962,1.5229452054794521,"(2, 2, 1, 1)","(70, 76, 82, 88)",0.32115882252479044
1.165906176083178,78.99159663865547,0.7774306796793581,0.7629577594328304,1.6770547945205478,"(2, 2, 1, 1)","(58, 68, 78, 86)",0.2450409884485987
1.1627722744363895,78.15126050420169,0.8259681327408105,0.8105850375154559,1.498972602739726,"(2, 2, 1, 1)","(64, 74, 84, 92)",0.3262148533659968
1.1781352713704156,79.83193277310924,0.8136756588434555,0.8026306045068939,1.6181506849315068,"(2, 2, 1, 2)","(64, 72, 80, 88)",0.28817451102582475
1.1684796903179582,78.15126050420169,0.8602910129787805,0.8343727995053455,1.4386986301369864,"(2, 2, 1, 2)","(70, 78, 86, 94)",0.3840442589605291
1.195359271850123,80.67226890756302,0.7991374461414531,0.7819371759019973,1.6578767123287672,"(2, 2, 1, 2)","(64, 70, 76, 82)",0.29695422894448664
1.1745197406828083,78.99159663865547,0.8442994728778286,0.8061588027224962,1.5455479452054794,"(2, 2, 1, 2)","(70, 76, 82, 88)",0.31989808084984317
1.177206284110553,79.83193277310924,0.7911520578749253,0.7740838673292341,1.6986301369863013,"(2, 2, 1, 2)","(58, 68, 78, 86)",0.2536482105896152
1.1673135201651599,79.83193277310924,0.8332227017615218,0.8232902597642494,1.5404109589041095,"(2, 2, 1, 2)","(64, 74, 84, 92)",0.309604232498268
1.1790310128041945,79.83193277310924,0.825497785117192,0.8055182794197212,1.638013698630137,"(2, 2, 1, 3)","(64, 72, 80, 88)",0.280606847766102
1.171728709836953,78.15126050420169,0.8625700604751165,0.8343727995053455,1.4777397260273972,"(2, 2, 1, 3)","(70, 78, 86, 94)",0.35946081198846097
1.201138119381789,80.67226890756302,0.8030060147261224,0.7887698602824949,1.6979452054794522,"(2, 2, 1, 3)","(64, 70, 76, 82)",0.2881861180543786
1.179120238872688,79.83193277310924,0.8491461702038822,0.8061588027224962,1.5753424657534247,"(2, 2, 1, 3)","(70, 76, 82, 88)",0.31132803423110056
1.1804219511493308,79.83193277310924,0.793747198091178,0.7787026890188264,1.74486301369863,"(2, 2, 1, 3)","(58, 68, 78, 86)",0.24222165395680276
1.1716993434930703,79.83193277310924,0.8359115189893618,0.8267787185186308,1.5702054794520548,"(2, 2, 1, 3)","(64, 74, 84, 92)",0.3011183681680271
1.151385959001783,76.47058823529412,0.7800946975944969,0.7618188868721186,1.6205479452054794,"(2, 2, 2, 0)","(64, 72, 80, 88)",0.24395529817064368
1.1384063536859164,75.63025210084034,0.8335126766273286,0.8125365525049251,1.428082191780822,"(2, 2, 2, 0)","(70, 78, 86, 94)",0.32331724221030056
1.158095010852708,76.47058823529412,0.8055638023070856,0.7822290305162806,1.540068493150685,"(2, 2, 2, 0)","(70, 76, 82, 88)",0.2927314088078042
1.150438117312268,76.47058823529412,0.7522384930673376,0.7357251580266405,1.7188356164383563,"(2, 2, 2, 0)","(58, 68, 78, 86)",0.20928027753779058
1.1378963964961293,76.47058823529412,0.8022611657705154,0.7852970545160113,1.5246575342465754,"(2, 2, 2, 0)","(64, 74, 84, 92)",0.2628312518072438
1.1653302285451452,77.31092436974791,0.7999308961890059,0.7838120134636459,1.604109589041096,"(2, 2, 2, 1)","(64, 72, 80, 88)",0.2736758885214422
1.1478963489840073,78.15126050420169,0.8500432731683255,0.8351169851613784,1.4273972602739726,"(2, 2, 2, 1)","(70, 78, 86, 94)",0.34603953448181185
1.1711120373583643,79.83193277310924,0.7724435421459058,0.7550011611474888,1.6873287671232877,"(2, 2, 2, 1)","(64, 70, 76, 82)",0.24895224169727145
1.16679965374257,78.15126050420169,0.8293778732740313,0.8102622225684525,1.542123287671233,"(2, 2, 2, 1)","(70, 76, 82, 88)",0.30767845162874563
1.1626407811966406,78.99159663865547,0.7719886004240699,0.757751624133543,1.691095890410959,"(2, 2, 2, 1)","(58, 68, 78, 86)",0.23533750301991602
1.1623172811269433,77.31092436974791,0.8197941157865668,0.804523925709768,1.5191780821917809,"(2, 2, 2, 1)","(64, 74, 84, 92)",0.3126427842286771
1.1691187435494657,79.83193277310924,0.8106563188772291,0.7972352701841419,1.6215753424657535,"(2, 2, 2, 2)","(64, 72, 80, 88)",0.27208084361677115
1.162129620582087,78.99159663865547,0.8551359308786808,0.8351169851613784,1.446917808219178,"(2, 2, 2, 2)","(70, 78, 86, 94)",0.3627727908809917
1.18386202357101,80.67226890756302,0.7924562487639769,0.7752103957389407,1.6523972602739727,"(2, 2, 2, 2)","(64, 70, 76, 82)",0.2818252539776111
1.170824137572062,79.83193277310924,0.8387887549175775,0.8102622225684525,1.5486301369863014,"(2, 2, 2, 2)","(70, 76, 82, 88)",0.3113648450127473
1.1748956918343825,78.99159663865547,0.7853793429699484,0.768185231773562,1.704109589041096,"(2, 2, 2, 2)","(58, 68, 78, 86)",0.24839271408385055
1.1623172811269433,78.99159663865547,0.8285014296083043,0.8165987877013644,1.5465753424657533,"(2, 2, 2, 2)","(64, 74, 84, 92)",0.2969714667234803
1.1782465692083417,79.83193277310924,0.8180191490713884,0.8045274370599103,1.638013698630137,"(2, 2, 2, 3)","(64, 72, 80, 88)",0.2793773387484475
1.1672600428010143,78.99159663865547,0.8591418765564528,0.8351169851613784,1.4678082191780821,"(2, 2, 2, 3)","(70, 78, 86, 94)",0.35753976938430576
1.1932569742461496,80.67226890756302,0.8030949039286859,0.7844804883751542,1.6886986301369864,"(2, 2, 2, 3)","(64, 70, 76, 82)",0.2806118174036583
1.1733952757444113,79.83193277310924,0.8459388803786037,0.8102622225684525,1.5726027397260274,"(2, 2, 2, 3)","(70, 76, 82, 88)",0.3028195007019623
1.1763839681480999,78.99159663865547,0.7898115393165103,0.775093604879807,1.723972602739726,"(2, 2, 2, 3)","(58, 68, 78, 86)",0.24363348485924866
1.1654031141781844,79.83193277310924,0.8328629378293249,0.8244582828615937,1.5736301369863013,"(2, 2, 2, 3)","(64, 74, 84, 92)",0.2883445333733126
1.150225500284993,75.63025210084034,0.7764211325808,0.7581331193386309,1.6462328767123289,"(2, 2, 3, 0)","(64, 72, 80, 88)",0.23246341326559597
1.1328651816077622,74.78991596638656,0.8301646106832241,0.8096081199877804,1.4486301369863013,"(2, 2, 3, 0)","(70, 78, 86, 94)",0.29615750404172947
1.158470478784286,76.47058823529412,0.8025474875971038,0.7799884350901315,1.5681506849315068,"(2, 2, 3, 0)","(70, 76, 82, 88)",0.27892332613026855
1.145892558123413,77.31092436974791,0.7547972106823158,0.7376745396557577,1.7455479452054794,"(2, 2, 3, 0)","(58, 68, 78, 86)",0.19568501135524385
1.1356689938714355,76.47058823529412,0.7994167300850682,0.7826494150271689,1.5393835616438356,"(2, 2, 3, 0)","(64, 74, 84, 92)",0.251526007685455
1.1635483117367529,77.31092436974791,0.7933580755689819,0.7768770077198607,1.6181506849315068,"(2, 2, 3, 1)","(64, 72, 80, 88)",0.2645767702334174
1.1446814928320277,78.15126050420169,0.8465179077293704,0.8334623438647598,1.446917808219178,"(2, 2, 3, 1)","(70, 78, 86, 94)",0.3237317694019317
1.1621993038961875,79.83193277310924,0.764602967022008,0.7469238802320176,1.7191780821917808,"(2, 2, 3, 1)","(64, 70, 76, 82)",0.22553427017946076
1.1643030384779487,77.31092436974791,0.8245263589659099,0.8113257752668874,1.5541095890410959,"(2, 2, 3, 1)","(70, 76, 82, 88)",0.2965172264249754
1.159305539690952,79.83193277310924,0.7730436984238203,0.7585848062363509,1.7126712328767124,"(2, 2, 3, 1)","(58, 68, 78, 86)",0.22353300139239773
1.158197229926025,77.31092436974791,0.8147103336569064,0.7994623667964293,1.5315068493150685,"(2, 2, 3, 1)","(64, 74, 84, 92)",0.29763911815978933
1.1635483117367529,78.99159663865547,0.8056278500092003,0.7911295090625269,1.6294520547945206,"(2, 2, 3, 2)","(64, 72, 80, 88)",0.2598264800170394
1.1580528873428213,78.99159663865547,0.8511581488098127,0.8405001073116634,1.4517123287671232,"(2, 2, 3, 2)","(70, 78, 86, 94)",0.3498972183783459
1.1784980861473267,80.67226890756302,0.7803460154466081,0.7642796353366634,1.6784246575342465,"(2, 2, 3, 2)","(64, 70, 76, 82)",0.2631067196114053
1.168640721379229,78.99159663865547,0.8331510540360834,0.8164955035796556,1.5547945205479452,"(2, 2, 3, 2)","(70, 76, 82, 88)",0.30396969532552376
1.1714613917542804,79.83193277310924,0.7853404967159346,0.7695746992287303,1.709931506849315,"(2, 2, 3, 2)","(58, 68, 78, 86)",0.24151821703931448
1.158197229926025,78.15126050420169,0.8243009424191031,0.8107075885723382,1.5534246575342465,"(2, 2, 3, 2)","(64, 74, 84, 92)",0.28585143031187693
1.172470462369811,79.83193277310924,0.8131333050676195,0.7983527148105108,1.6407534246575342,"(2, 2, 3, 3)","(64, 72, 80, 88)",0.2691682256118911
1.1639839818830453,78.99159663865547,0.8565733357484224,0.8405001073116634,1.4616438356164383,"(2, 2, 3, 3)","(70, 78, 86, 94)",0.3552175275211368
1.183238020155384,81.5126050420168,0.7976062896701895,0.7798013286685844,1.6770547945205478,"(2, 2, 3, 3)","(64, 70, 76, 82)",0.2706398679078004
1.1716656673740466,79.83193277310924,0.8416756325867618,0.8164955035796556,1.5671232876712329,"(2, 2, 3, 3)","(70, 76, 82, 88)",0.30269550044215954
1.1750027488830712,79.83193277310924,0.7937238994269701,0.7773030939035902,1.720890410958904,"(2, 2, 3, 3)","(58, 68, 78, 86)",0.24275915759551922
1.161844567057964,79.83193277310924,0.8320146049092471,0.8215549706914759,1.5839041095890412,"(2, 2, 3, 3)","(64, 74, 84, 92)",0.2771766192429647
1.1436375255250644,74.78991596638656,0.77881077820053,0.7577213857460661,1.6020547945205479,"(2, 3, 0, 0)","(64, 72, 80, 88)",0.2385788251042025
1.1318797217213692,73.94957983193278,0.8321536420343312,0.8114832784789525,1.4065068493150685,"(2, 3, 0, 0)","(70, 78, 86, 94)",0.3244218933668054
1.1548549179668193,76.47058823529412,0.7458513510770056,0.7249492003564293,1.7188356164383563,"(2, 3, 0, 0)","(64, 70, 76, 82)",0.21542465958223544
1.1466811733227287,73.94957983193278,0.8064228386854164,0.7846329275612378,1.5006849315068493,"(2, 3, 0, 0)","(70, 76, 82, 88)",0.2929610301657782
1.1469326765985624,77.31092436974791,0.7541459125630674,0.7360755456463483,1.6914383561643835,"(2, 3, 0, 0)","(58, 68, 78, 86)",0.21250292999891138
1.1366802807620617,75.63025210084034,0.8007403426892432,0.7813534766809291,1.507876712328767,"(2, 3, 0, 0)","(64, 74, 84, 92)",0.2691209843730413
1.1652223845699843,78.15126050420169,0.800912645407948,0.7846728307047695,1.555821917808219,"(2, 3, 0, 1)","(64, 72, 80, 88)",0.2972577713766816
1.143087733690779,77.31092436974791,0.8518175293245406,0.8338547640002099,1.3856164383561644,"(2, 3, 0, 1)","(70, 78, 86, 94)",0.37106232893168256
1.1764175758262052,78.99159663865547,0.7746502496060279,0.7572622832894134,1.654109589041096,"(2, 3, 0, 1)","(64, 70, 76, 82)",0.26970645100131896
1.1629889103686946,76.47058823529412,0.833759938509845,0.8072169204955066,1.4938356164383562,"(2, 3, 0, 1)","(70, 76, 82, 88)",0.3300468920087296
1.1664841864559081,78.15126050420169,0.7751916649734709,0.7592349420408085,1.6613013698630137,"(2, 3, 0, 1)","(58, 68, 78, 86)",0.2517523689545581
1.1524145960075314,77.31092436974791,0.8249982353894205,0.8104168881981395,1.4763698630136985,"(2, 3, 0, 1)","(64, 74, 84, 92)",0.3199501224600947
1.1843476784680276,78.99159663865547,0.7714883364394186,0.7526510144478916,1.748972602739726,"(2, 3, 0, 2)","(58, 66, 74, 82)",0.24613407458922745
1.1761022158070953,78.99159663865547,0.8124703931603409,0.801317591693312,1.595890410958904,"(2, 3, 0, 2)","(64, 72, 80, 88)",0.29552785641190704
1.1468969525940322,77.31092436974791,0.8584232349221764,0.8338547640002099,1.4191780821917808,"(2, 3, 0, 2)","(70, 78, 86, 94)",0.3504404424628874
1.1798048696841996,78.99159663865547,0.7917233941251735,0.7764296763077199,1.6486301369863015,"(2, 3, 0, 2)","(64, 70, 76, 82)",0.2772070852575833
1.1716097575435684,77.31092436974791,0.8427427200696305,0.8072169204955066,1.5256849315068493,"(2, 3, 0, 2)","(70, 76, 82, 88)",0.32644983193955696
1.168605441671644,78.99159663865547,0.7905477904820136,0.7727207049752176,1.6883561643835616,"(2, 3, 0, 2)","(58, 68, 78, 86)",0.24493924859761224
1.1658832456006858,78.15126050420169,0.8302932976994797,0.8200071212295847,1.5222602739726028,"(2, 3, 0, 2)","(64, 74, 84, 92)",0.3176256243632803
1.1783236232806091,78.99159663865547,0.819880298180683,0.8052598805788727,1.6246575342465754,"(2, 3, 0, 3)","(64, 72, 80, 88)",0.28547422147992246
1.158768216794823,78.15126050420169,0.8619701602821108,0.8338547640002099,1.451027397260274,"(2, 3, 0, 3)","(70, 78, 86, 94)",0.3520145733036318
1.2001708478000315,78.99159663865547,0.8009870052922559,0.7866450911257555,1.688013698630137,"(2, 3, 0, 3)","(64, 70, 76, 82)",0.2909402068571886
1.1811568775768952,78.15126050420169,0.8487809351891011,0.8072169204955066,1.5568493150684932,"(2, 3, 0, 3)","(70, 76, 82, 88)",0.32532477400032844
1.1691174823199426,79.83193277310924,0.7939259785643014,0.778605399385314,1.7342465753424658,"(2, 3, 0, 3)","(58, 68, 78, 86)",0.23032791435365316
1.1706880001993523,78.15126050420169,0.8351021400057232,0.8258287424680941,1.5561643835616439,"(2, 3, 0, 3)","(64, 74, 84, 92)",0.30690206932395847
1.1421990980997077,75.63025210084034,0.7746376214301802,0.7552776227339583,1.6212328767123287,"(2, 3, 1, 0)","(64, 72, 80, 88)",0.2288982174482615
1.1316055844082227,73.94957983193278,0.8299156199614441,0.8096486156621755,1.428082191780822,"(2, 3, 1, 0)","(70, 78, 86, 94)",0.30743064517760815
1.1482025109284297,74.78991596638656,0.8003866477810306,0.7785768406471495,1.5301369863013699,"(2, 3, 1, 0)","(70, 76, 82, 88)",0.2795551239735238
1.13858252659358,76.47058823529412,0.7495893216671694,0.7322435272318758,1.726027397260274,"(2, 3, 1, 0)","(58, 68, 78, 86)",0.1908778196477612
1.1386395306154742,76.47058823529412,0.7983017018937512,0.7796416620129738,1.527054794520548,"(2, 3, 1, 0)","(64, 74, 84, 92)",0.2630457630910881
1.1594118118581798,78.15126050420169,0.795798122540204,0.7792590582666917,1.5811643835616438,"(2, 3, 1, 1)","(64, 72, 80, 88)",0.2742972838101856
1.1397669636410168,76.47058823529412,0.8449053536138617,0.8322672655083044,1.4047945205479453,"(2, 3, 1, 1)","(70, 78, 86, 94)",0.3452787934278926
1.172809055505439,78.15126050420169,0.7666714965801,0.7489130669677526,1.6842465753424658,"(2, 3, 1, 1)","(64, 70, 76, 82)",0.25255377481275354
1.1583897123727542,76.47058823529412,0.8258216465917976,0.8088499818745235,1.5167808219178083,"(2, 3, 1, 1)","(70, 76, 82, 88)",0.3064930153269995
1.1614973786281222,78.15126050420169,0.7677502690621136,0.7523014868118398,1.6767123287671233,"(2, 3, 1, 1)","(58, 68, 78, 86)",0.2386499724666583
1.1488018218012737,76.47058823529412,0.8195023232643728,0.8043050969753823,1.5037671232876713,"(2, 3, 1, 1)","(64, 74, 84, 92)",0.29537819147499594
1.1793486720857422,78.99159663865547,0.7648958840453345,0.7456593716553696,1.747945205479452,"(2, 3, 1, 2)","(58, 66, 74, 82)",0.23978851762379458
1.165786344723967,78.99159663865547,0.8055046303851905,0.7936138556518214,1.609931506849315,"(2, 3, 1, 2)","(64, 72, 80, 88)",0.2718114130230115
1.1447757146915194,77.31092436974791,0.8532452266155853,0.8344588789101087,1.4273972602739726,"(2, 3, 1, 2)","(70, 78, 86, 94)",0.33873805040002936
1.1773172643065666,79.83193277310924,0.7834816010705932,0.7672754918062615,1.6476027397260273,"(2, 3, 1, 2)","(64, 70, 76, 82)",0.27380561172669193
1.1675053873645564,78.15126050420169,0.8360513560072104,0.8088499818745235,1.5335616438356163,"(2, 3, 1, 2)","(70, 76, 82, 88)",0.3139382099515436
1.169363247671737,78.99159663865547,0.7849755381443022,0.766862699921398,1.7006849315068493,"(2, 3, 1, 2)","(58, 68, 78, 86)",0.24171098885702452
1.1592487883518434,78.15126050420169,0.8277745852258188,0.815325469657813,1.5311643835616437,"(2, 3, 1, 2)","(64, 74, 84, 92)",0.29981074273848024
1.178246441700824,79.83193277310924,0.8141381605058079,0.8015270523140333,1.6291095890410958,"(2, 3, 1, 3)","(64, 72, 80, 88)",0.28333130635079273
1.1563986326924434,78.15126050420169,0.8588158499403956,0.8344588789101087,1.45513698630137,"(2, 3, 1, 3)","(70, 78, 86, 94)",0.3436298024544278
1.1962240990492337,79.83193277310924,0.7985637775290445,0.7819327497684115,1.6787671232876713,"(2, 3, 1, 3)","(64, 70, 76, 82)",0.28908898548121204
1.1760824412101936,78.99159663865547,0.8449336720542204,0.8088499818745235,1.5585616438356165,"(2, 3, 1, 3)","(70, 76, 82, 88)",0.31524262926656355
1.1700440747672012,78.99159663865547,0.7889112504795657,0.7728763590562048,1.7178082191780821,"(2, 3, 1, 3)","(58, 68, 78, 86)",0.23689346293903984
1.1669576049339099,78.99159663865547,0.831699775691453,0.8240176151481112,1.5544520547945206,"(2, 3, 1, 3)","(64, 74, 84, 92)",0.30112180753984974
1.140904340189801,75.63025210084034,0.7718655036911289,0.7525930144191322,1.6376712328767122,"(2, 3, 2, 0)","(64, 72, 80, 88)",0.22096706410001005
1.1316178403046468,75.63025210084034,0.8261551497133902,0.8062347020914171,1.4414383561643835,"(2, 3, 2, 0)","(70, 78, 86, 94)",0.29815678331231094
1.1478583234441904,75.63025210084034,0.7963070869023129,0.7750280576547576,1.5527397260273972,"(2, 3, 2, 0)","(70, 76, 82, 88)",0.2675008082137769
1.1418990891638088,76.47058823529412,0.7494079714082968,0.7310179366950214,1.74486301369863,"(2, 3, 2, 0)","(58, 68, 78, 86)",0.19050360476244674
1.1330001687808602,76.47058823529412,0.7971358182205188,0.7780416648066416,1.5431506849315069,"(2, 3, 2, 0)","(64, 74, 84, 92)",0.244867902169049
1.157556320704684,78.15126050420169,0.7903244631911116,0.7740867549373832,1.6017123287671233,"(2, 3, 2, 1)","(64, 72, 80, 88)",0.26184658876361816
1.1395428563265577,76.47058823529412,0.8424628905097682,0.8299049964736638,1.4232876712328768,"(2, 3, 2, 1)","(70, 78, 86, 94)",0.3296643531339389
1.1644201651161405,78.15126050420169,0.759622115902792,0.7420458948683426,1.7164383561643837,"(2, 3, 2, 1)","(64, 70, 76, 82)",0.22949659758084623
1.1601927670966605,77.31092436974791,0.8207848613375178,0.8079590403791589,1.5386986301369863,"(2, 3, 2, 1)","(70, 76, 82, 88)",0.29736991730594325
1.158664174502291,78.15126050420169,0.7662135001810573,0.7508582441479614,1.7030821917808219,"(2, 3, 2, 1)","(58, 68, 78, 86)",0.2256694542360885
1.1472545089536978,76.47058823529412,0.812607866057713,0.7974555301526688,1.5167808219178083,"(2, 3, 2, 1)","(64, 74, 84, 92)",0.28494576947965383
1.160381913810033,78.99159663865547,0.8026373145959144,0.7881345036013844,1.6167808219178081,"(2, 3, 2, 2)","(64, 72, 80, 88)",0.2600306431567444
1.1450550532491224,77.31092436974791,0.8512135751980255,0.8361948459434503,1.4404109589041096,"(2, 3, 2, 2)","(70, 78, 86, 94)",0.3293629513899201
1.1754852399709506,79.83193277310924,0.7790186319152703,0.7628606943837344,1.6595890410958904,"(2, 3, 2, 2)","(64, 70, 76, 82)",0.266052388741005
1.166513102948166,78.99159663865547,0.8325491476644634,0.812144058079987,1.54486301369863,"(2, 3, 2, 2)","(70, 76, 82, 88)",0.3056054435000908
1.1646494745564133,78.99159663865547,0.7824461879817852,0.7653746848430026,1.70513698630137,"(2, 3, 2, 2)","(58, 68, 78, 86)",0.2334999833437236
1.1517962218320077,78.15126050420169,0.8240599875093356,0.8105441909532356,1.5393835616438356,"(2, 3, 2, 2)","(64, 74, 84, 92)",0.28142537634886505
1.1721180157669575,79.83193277310924,0.8103634555333534,0.7967637550228389,1.6352739726027397,"(2, 3, 2, 3)","(64, 72, 80, 88)",0.2709350975954264
1.157799346457597,78.99159663865547,0.8555680866645176,0.8361948459434503,1.4568493150684931,"(2, 3, 2, 3)","(70, 78, 86, 94)",0.34540786480973273
1.1837279282731894,79.83193277310924,0.7940700271031728,0.7776779285307985,1.672945205479452,"(2, 3, 2, 3)","(64, 70, 76, 82)",0.273020636416139
1.172208678163416,78.99159663865547,0.8407020404928799,0.812144058079987,1.5568493150684932,"(2, 3, 2, 3)","(70, 76, 82, 88)",0.30925543680023043
1.1715297093263892,78.99159663865547,0.7884334372050344,0.7705677130839206,1.7167808219178082,"(2, 3, 2, 3)","(58, 68, 78, 86)",0.2393056623187083
1.1600404719806707,78.99159663865547,0.8295121971451055,0.8182722614184196,1.5613013698630136,"(2, 3, 2, 3)","(64, 74, 84, 92)",0.2851239647245629
1.1406066027717572,74.78991596638656,0.7691849597874999,0.7509121720872823,1.652054794520548,"(2, 3, 3, 0)","(64, 72, 80, 88)",0.21563617651971165
1.130028048327391,74.78991596638656,0.8229052752185756,0.8028781749677587,1.4530821917808219,"(2, 3, 3, 0)","(70, 78, 86, 94)",0.2869855639576582
1.1488977641757774,75.63025210084034,0.7923806585827016,0.7715994374981645,1.575,"(2, 3, 3, 0)","(70, 76, 82, 88)",0.25895263334917806
1.1308943440871073,76.47058823529412,0.7950330112718391,0.7775748168321087,1.555821917808219,"(2, 3, 3, 0)","(64, 74, 84, 92)",0.23549690987945374
1.1538396548610927,77.31092436974791,0.7863808720595877,0.7699566057412566,1.6191780821917807,"(2, 3, 3, 1)","(64, 72, 80, 88)",0.2484578496650392
1.1388096309880869,76.47058823529412,0.8407576513466881,0.8269125230369787,1.4400684931506849,"(2, 3, 3, 1)","(70, 78, 86, 94)",0.315427332673318
1.1652213804760396,78.99159663865547,0.7536606589927796,0.7359373491782631,1.7458904109589042,"(2, 3, 3, 1)","(64, 70, 76, 82)",0.2215089214830283
1.1592950007303264,77.31092436974791,0.8162964595062333,0.8018084831803596,1.5571917808219178,"(2, 3, 3, 1)","(70, 76, 82, 88)",0.28588899946684276
1.157147628577338,78.99159663865547,0.7667070070566372,0.7501429356250613,1.7219178082191782,"(2, 3, 3, 1)","(58, 68, 78, 86)",0.2176807758281913
1.141784002930071,76.47058823529412,0.8084014912319535,0.7932890651314596,1.5284246575342466,"(2, 3, 3, 1)","(64, 74, 84, 92)",0.2683145097574901
1.1597442063145322,78.99159663865547,0.7962391191164646,0.7818269633592373,1.6236301369863013,"(2, 3, 3, 2)","(64, 72, 80, 88)",0.2561521594939232
1.1450980909410773,77.31092436974791,0.8474676969137602,0.8368506295199276,1.45,"(2, 3, 3, 2)","(70, 78, 86, 94)",0.3224402020912829
1.1702613608582266,80.67226890756302,0.7737503916949134,0.7578009969354166,1.6784246575342465,"(2, 3, 3, 2)","(64, 70, 76, 82)",0.2509657615880978
1.1657232773514907,78.15126050420169,0.8294294210579545,0.8179582811754796,1.555821917808219,"(2, 3, 3, 2)","(70, 76, 82, 88)",0.2981589463132181
1.1596068016297365,78.99159663865547,0.7780225580806236,0.7620639973899589,1.7147260273972602,"(2, 3, 3, 2)","(58, 68, 78, 86)",0.22331186428310046
1.1465698985429416,78.15126050420169,0.8188360101733347,0.8055409916240143,1.548972602739726,"(2, 3, 3, 2)","(64, 74, 84, 92)",0.2669894596041107
1.167504793503891,79.83193277310924,0.8068229682042155,0.793192335267484,1.6321917808219177,"(2, 3, 3, 3)","(64, 72, 80, 88)",0.26495882829434536
1.1542178276562973,78.99159663865547,0.8518360853196004,0.8423482601369169,1.4547945205479451,"(2, 3, 3, 3)","(70, 78, 86, 94)",0.3390934162322201
1.1768232021016765,80.67226890756302,0.7894104205602586,0.7724666317194911,1.6715753424657533,"(2, 3, 3, 3)","(64, 70, 76, 82)",0.26329614999331735
1.1684236254114704,78.99159663865547,0.8360860275248914,0.8179582811754796,1.558904109589041,"(2, 3, 3, 3)","(70, 76, 82, 88)",0.301346192525425
1.1716624685687627,79.83193277310924,0.787637896028816,0.7703627535127027,1.7171232876712328,"(2, 3, 3, 3)","(58, 68, 78, 86)",0.23937650822387155
1.1535071133878503,78.15126050420169,0.8267886290336267,0.8150006626025756,1.5599315068493151,"(2, 3, 3, 3)","(64, 74, 84, 92)",0.27415337681499863
1.2361302531221203,81.5126050420168,0.8064711842219796,0.7903401721278415,1.6743150684931507,"(3, 0, 0, 0)","(58, 66, 74, 82)",0.35017792743351517
1.2266457784485874,80.67226890756302,0.8371416812494936,0.8167281523146708,1.5113013698630138,"(3, 0, 0, 0)","(64, 72, 80, 88)",0.44327238651699596
1.1951921445540115,79.83193277310924,0.8757179750059906,0.8538367051458617,1.3445205479452054,"(3, 0, 0, 0)","(70, 78, 86, 94)",0.5665616919460374
1.2377329060511504,80.67226890756302,0.8219033665116786,0.8014338207716785,1.5996575342465753,"(3, 0, 0, 0)","(64, 70, 76, 82)",0.396447793072164
1.2242439475537232,78.99159663865547,0.8620816482668793,0.835500149896716,1.468150684931507,"(3, 0, 0, 0)","(70, 76, 82, 88)",0.47899950757635096
1.229121654846046,81.5126050420168,0.8232045104373081,0.8062444782838248,1.6051369863013698,"(3, 0, 0, 0)","(58, 68, 78, 86)",0.37862774881180206
1.203343030991933,81.5126050420168,0.8543079645426986,0.8368683026073326,1.425,"(3, 0, 0, 0)","(64, 74, 84, 92)",0.47845419056925426
1.233985432827903,82.35294117647058,0.8457428649136509,0.8249379055311971,1.6369863013698631,"(3, 0, 0, 1)","(64, 72, 80, 88)",0.3673319698158476
1.2048377511454809,81.5126050420168,0.8847362025986054,0.8553550069127291,1.436986301369863,"(3, 0, 0, 1)","(70, 78, 86, 94)",0.46875096657116316
1.2577006723101667,84.03361344537815,0.8349766870094366,0.8068718573564411,1.7184931506849315,"(3, 0, 0, 1)","(64, 70, 76, 82)",0.358668237915008
1.2374303671587088,81.5126050420168,0.8678631159831132,0.835500149896716,1.5541095890410959,"(3, 0, 0, 1)","(70, 76, 82, 88)",0.42848990859297265
1.2342698829818737,83.19327731092437,0.8244362699693696,0.8118439208016072,1.7054794520547945,"(3, 0, 0, 1)","(58, 68, 78, 86)",0.33207187296459767
1.2216048694720358,82.35294117647058,0.8574412613947142,0.8386139928575923,1.54486301369863,"(3, 0, 0, 1)","(64, 74, 84, 92)",0.40671666804421414
1.2372040002750693,83.19327731092437,0.8455549471710891,0.8249379055311971,1.698972602739726,"(3, 0, 0, 2)","(64, 72, 80, 88)",0.3393609411088693
1.217025779089436,82.35294117647058,0.8818718835267613,0.8553550069127291,1.5136986301369864,"(3, 0, 0, 2)","(70, 78, 86, 94)",0.4224768499607689
1.2400505950280827,80.67226890756302,0.8635232131540422,0.835500149896716,1.6441780821917809,"(3, 0, 0, 2)","(70, 76, 82, 88)",0.37264632508346696
1.2274376373516895,83.19327731092437,0.8552469996767613,0.8386139928575923,1.6034246575342466,"(3, 0, 0, 2)","(64, 74, 84, 92)",0.37691140809701107
1.2373135651297138,84.03361344537815,0.8430674594542971,0.8249379055311971,1.7465753424657535,"(3, 0, 0, 3)","(64, 72, 80, 88)",0.31786954595356154
1.225796997757343,82.35294117647058,0.8774002840404209,0.8553550069127291,1.5794520547945206,"(3, 0, 0, 3)","(70, 78, 86, 94)",0.3896733058223651
1.2385917188450595,82.35294117647058,0.8611836537408023,0.835500149896716,1.6962328767123287,"(3, 0, 0, 3)","(70, 76, 82, 88)",0.3426895322319595
1.2319468539451315,84.03361344537815,0.8535714380157787,0.8386139928575923,1.659931506849315,"(3, 0, 0, 3)","(64, 74, 84, 92)",0.3514711019822439
1.2121057972421676,83.19327731092437,0.780654057835968,0.7618493517424677,1.6921232876712329,"(3, 0, 1, 0)","(58, 66, 74, 82)",0.30645666894959395
1.213771976531193,81.5126050420168,0.8227873372698362,0.8043324798045859,1.539041095890411,"(3, 0, 1, 0)","(64, 72, 80, 88)",0.39657825379357264
1.1876744954186165,81.5126050420168,0.8730097625638247,0.8473419622407256,1.3616438356164384,"(3, 0, 1, 0)","(70, 78, 86, 94)",0.5189484153620834
1.218816040617935,81.5126050420168,0.7996280229602526,0.7816003867438128,1.615068493150685,"(3, 0, 1, 0)","(64, 70, 76, 82)",0.3557588188220323
1.2173927515262954,80.67226890756302,0.851360250110026,0.8233734146717648,1.475,"(3, 0, 1, 0)","(70, 76, 82, 88)",0.45766895058167456
1.2111610841971931,83.19327731092437,0.8025153415180742,0.7902668700922052,1.6202054794520548,"(3, 0, 1, 0)","(58, 68, 78, 86)",0.3404695559667609
1.1949960211157178,80.67226890756302,0.8375611875919065,0.8190649230608328,1.4626712328767124,"(3, 0, 1, 0)","(64, 74, 84, 92)",0.42145698124196584
1.2170260645864692,82.35294117647058,0.8357038020774477,0.8147901128635942,1.5948630136986301,"(3, 0, 1, 1)","(64, 72, 80, 88)",0.3648336837032183
1.1991133643708072,81.5126050420168,0.8712901158500945,0.8473419622407256,1.4232876712328768,"(3, 0, 1, 1)","(70, 78, 86, 94)",0.47039726857828223
1.2225830606032482,83.19327731092437,0.8191343152491316,0.7954595822291359,1.656849315068493,"(3, 0, 1, 1)","(64, 70, 76, 82)",0.3388647220862798
1.2202975334502633,81.5126050420168,0.8566419406561553,0.8233734146717648,1.5356164383561643,"(3, 0, 1, 1)","(70, 76, 82, 88)",0.4112971852140465
1.2136621313653944,83.19327731092437,0.8076440574334025,0.7969329335457573,1.6784246575342465,"(3, 0, 1, 1)","(58, 68, 78, 86)",0.31493862876676
1.2062380237212744,82.35294117647058,0.8500644978069954,0.8322464749581809,1.531849315068493,"(3, 0, 1, 1)","(64, 74, 84, 92)",0.387775292508771
1.2207806848742757,84.03361344537815,0.8400059098841383,0.8147901128635942,1.6462328767123289,"(3, 0, 1, 2)","(64, 72, 80, 88)",0.3416426072246343
1.2059499037516332,82.35294117647058,0.8766127931098323,0.8473419622407256,1.4873287671232878,"(3, 0, 1, 2)","(70, 78, 86, 94)",0.42260978141586014
1.2362144114550795,83.19327731092437,0.8234022362278601,0.7954595822291359,1.7345890410958904,"(3, 0, 1, 2)","(64, 70, 76, 82)",0.32155994473139027
1.2237922001509423,82.35294117647058,0.8598015235013992,0.8233734146717648,1.585958904109589,"(3, 0, 1, 2)","(70, 76, 82, 88)",0.3819247366690541
1.21746991039911,83.19327731092437,0.8122734289712698,0.8029458638553088,1.7164383561643837,"(3, 0, 1, 2)","(58, 68, 78, 86)",0.3035430871727539
1.2077646444418628,84.03361344537815,0.8511598944940423,0.8322464749581809,1.5883561643835618,"(3, 0, 1, 2)","(64, 74, 84, 92)",0.35312733513983663
1.2192007178345552,84.03361344537815,0.83778506647369,0.8147901128635942,1.6921232876712329,"(3, 0, 1, 3)","(64, 72, 80, 88)",0.31670761804893677
1.2065796392849384,82.35294117647058,0.8759637199799429,0.8473419622407256,1.5332191780821918,"(3, 0, 1, 3)","(70, 78, 86, 94)",0.387419747406564
1.2251446419421141,84.03361344537815,0.8595294032974098,0.8233734146717648,1.6102739726027397,"(3, 0, 1, 3)","(70, 76, 82, 88)",0.368923880174508
1.208783789613702,84.03361344537815,0.8494039181991316,0.8322464749581809,1.6267123287671232,"(3, 0, 1, 3)","(64, 74, 84, 92)",0.33314134736175394
1.1926835355727825,81.5126050420168,0.7625386623693474,0.7490454743968238,1.7205479452054795,"(3, 0, 2, 0)","(58, 66, 74, 82)",0.2674125113462571
1.1978904066720473,79.83193277310924,0.8109359230343443,0.794908375351558,1.5554794520547945,"(3, 0, 2, 0)","(64, 72, 80, 88)",0.35625153358962885
1.1722456533628491,78.99159663865547,0.8602763913654936,0.8429783652054003,1.393150684931507,"(3, 0, 2, 0)","(70, 78, 86, 94)",0.4381161217940064
1.1996754069884756,83.19327731092437,0.7850301613376849,0.766354233935292,1.6428082191780822,"(3, 0, 2, 0)","(64, 70, 76, 82)",0.3106298286661422
1.2019208611594159,79.83193277310924,0.8404093939385849,0.8139038182636856,1.5003424657534246,"(3, 0, 2, 0)","(70, 76, 82, 88)",0.4035653077245
1.1957306335030327,79.83193277310924,0.7894851286633451,0.7764740552116814,1.6527397260273973,"(3, 0, 2, 0)","(58, 68, 78, 86)",0.2998601520613092
1.1874835165610733,78.15126050420169,0.8272518599335957,0.8083694386018396,1.4972602739726026,"(3, 0, 2, 0)","(64, 74, 84, 92)",0.3770329671889354
1.204543751783849,83.19327731092437,0.7815277205637989,0.7696090083031764,1.7465753424657535,"(3, 0, 2, 1)","(58, 66, 74, 82)",0.27397603449946756
1.211358983365767,82.35294117647058,0.8215573349764931,0.8080670900730341,1.593150684931507,"(3, 0, 2, 1)","(64, 72, 80, 88)",0.35633269712935306
1.1869137289201956,78.99159663865547,0.8670704880105699,0.8437814120714414,1.4424657534246574,"(3, 0, 2, 1)","(70, 78, 86, 94)",0.4224366009651481
1.205637709882324,83.19327731092437,0.8059764933239785,0.7910789301534017,1.6503424657534247,"(3, 0, 2, 1)","(64, 70, 76, 82)",0.31619911156207814
1.2172948272852322,82.35294117647058,0.8518134544317886,0.8139038182636856,1.5297945205479453,"(3, 0, 2, 1)","(70, 76, 82, 88)",0.4101492538286218
1.208789965739332,82.35294117647058,0.8025360241214268,0.7898495779412037,1.6753424657534246,"(3, 0, 2, 1)","(58, 68, 78, 86)",0.3091616125551974
1.1967892264035567,81.5126050420168,0.837540534597445,0.8247155477189697,1.540068493150685,"(3, 0, 2, 1)","(64, 74, 84, 92)",0.36437827590259064
1.2155941430859123,84.03361344537815,0.8298963492284334,0.8098772821592602,1.617123287671233,"(3, 0, 2, 2)","(64, 72, 80, 88)",0.3493534394066947
1.1949326008907646,80.67226890756302,0.8705488871922968,0.8437814120714414,1.4828767123287672,"(3, 0, 2, 2)","(70, 78, 86, 94)",0.4036902089369025
1.2177804314254017,83.19327731092437,0.8146162499932612,0.7910789301534017,1.683904109589041,"(3, 0, 2, 2)","(64, 70, 76, 82)",0.31843708550935057
1.2172948272852322,82.35294117647058,0.8530358274499827,0.8139038182636856,1.5592465753424658,"(3, 0, 2, 2)","(70, 76, 82, 88)",0.38854923188786156
1.2094467146530725,83.19327731092437,0.8030232352071774,0.7941344590699377,1.7143835616438357,"(3, 0, 2, 2)","(58, 68, 78, 86)",0.2931852381529107
1.1998942588927708,82.35294117647058,0.841995842028842,0.8272950817428857,1.5746575342465754,"(3, 0, 2, 2)","(64, 74, 84, 92)",0.34784936589206833
1.2155941430859123,83.19327731092437,0.8332830678456823,0.8098772821592602,1.6595890410958904,"(3, 0, 2, 3)","(64, 72, 80, 88)",0.3268613176588078
1.1950883583023793,80.67226890756302,0.8718342471375781,0.8437814120714414,1.5143835616438357,"(3, 0, 2, 3)","(70, 78, 86, 94)",0.3792663157409769
1.2199125765092724,83.19327731092437,0.818343557808272,0.7910789301534017,1.7325342465753424,"(3, 0, 2, 3)","(64, 70, 76, 82)",0.3002079118312649
1.2172948272852322,83.19327731092437,0.8561331406644408,0.8139038182636856,1.5890410958904109,"(3, 0, 2, 3)","(70, 76, 82, 88)",0.36889586957725473
1.208594815871172,83.19327731092437,0.8079409682826824,0.7997254336609141,1.740068493150685,"(3, 0, 2, 3)","(58, 68, 78, 86)",0.2818587979379093
1.2011387467081445,82.35294117647058,0.8414281138830862,0.8272950817428857,1.603082191780822,"(3, 0, 2, 3)","(64, 74, 84, 92)",0.3335179672843735
1.1917177188523491,78.99159663865547,0.8027205154605364,0.7850373732273797,1.5924657534246576,"(3, 0, 3, 0)","(64, 72, 80, 88)",0.3235929127450054
1.1686647268113957,78.15126050420169,0.8546260648964309,0.8368530945622339,1.426027397260274,"(3, 0, 3, 0)","(70, 78, 86, 94)",0.3959011272421828
1.1782293649080162,80.67226890756302,0.7752218086488883,0.7560576315234963,1.6636986301369863,"(3, 0, 3, 0)","(64, 70, 76, 82)",0.2685396003774032
1.1980150929442148,78.99159663865547,0.8327639999408056,0.8135960751327674,1.5191780821917809,"(3, 0, 3, 0)","(70, 76, 82, 88)",0.38140110250468817
1.1911659579995666,78.99159663865547,0.7787391216472368,0.766166991226912,1.6845890410958904,"(3, 0, 3, 0)","(58, 68, 78, 86)",0.2792419196391868
1.1682527210428946,78.99159663865547,0.8208542241885575,0.803811378427744,1.5184931506849315,"(3, 0, 3, 0)","(64, 74, 84, 92)",0.32450326647638844
1.2000424504139164,79.83193277310924,0.8141981562160613,0.800912720125033,1.615068493150685,"(3, 0, 3, 1)","(64, 72, 80, 88)",0.3252360552386615
1.175051326234606,78.99159663865547,0.8634252217540627,0.8368530945622339,1.459931506849315,"(3, 0, 3, 1)","(70, 78, 86, 94)",0.38060303246839144
1.1981207639580729,83.19327731092437,0.7975406280719894,0.7819268761448479,1.670890410958904,"(3, 0, 3, 1)","(64, 70, 76, 82)",0.2953101739446518
1.2017003720277217,79.83193277310924,0.8456817691640581,0.8135960751327674,1.5410958904109588,"(3, 0, 3, 1)","(70, 76, 82, 88)",0.3727627128613592
1.1935617165188344,81.5126050420168,0.797151601091309,0.7834491137873252,1.6893835616438355,"(3, 0, 3, 1)","(58, 68, 78, 86)",0.2807750681743648
1.1822617697443285,80.67226890756302,0.8275953734958339,0.8154852391969143,1.5455479452054794,"(3, 0, 3, 1)","(64, 74, 84, 92)",0.3340893707805645
1.204290897542079,82.35294117647058,0.8215007930994941,0.8092724392803152,1.6154109589041097,"(3, 0, 3, 2)","(64, 72, 80, 88)",0.33195849795373983
1.178443601058419,79.83193277310924,0.8629545554971007,0.8368530945622339,1.4787671232876711,"(3, 0, 3, 2)","(70, 78, 86, 94)",0.37271481766136155
1.2025609145740037,83.19327731092437,0.8058680633188249,0.7896397723339614,1.6715753424657533,"(3, 0, 3, 2)","(64, 70, 76, 82)",0.3016205357246767
1.2049689902663638,80.67226890756302,0.8477564229232375,0.8135960751327674,1.5633561643835616,"(3, 0, 3, 2)","(70, 76, 82, 88)",0.36383553287403186
1.202121663843139,81.5126050420168,0.7984549882338302,0.788079498848127,1.7006849315068493,"(3, 0, 3, 2)","(58, 68, 78, 86)",0.28846298065589715
1.1872618249686555,80.67226890756302,0.8373832903831326,0.8262385730748857,1.5616438356164384,"(3, 0, 3, 2)","(64, 74, 84, 92)",0.33341739567589884
1.204290897542079,83.19327731092437,0.8281050561353918,0.8092724392803152,1.6363013698630138,"(3, 0, 3, 3)","(64, 72, 80, 88)",0.32105996815009175
1.1819386982190807,79.83193277310924,0.8671114688179679,0.8368530945622339,1.514041095890411,"(3, 0, 3, 3)","(70, 78, 86, 94)",0.3539380405061397
1.2076227878346775,83.19327731092437,0.8129141269516292,0.7975999158820536,1.698972602739726,"(3, 0, 3, 3)","(64, 70, 76, 82)",0.29703995123824506
1.2062187493190188,81.5126050420168,0.851691865852863,0.8135960751327674,1.5832191780821918,"(3, 0, 3, 3)","(70, 76, 82, 88)",0.3535870510930916
1.202121663843139,82.35294117647058,0.7999100526679526,0.7909833582762966,1.7414383561643836,"(3, 0, 3, 3)","(58, 68, 78, 86)",0.27260750966372543
1.1872618249686555,81.5126050420168,0.8406473967032659,0.8262385730748857,1.5924657534246576,"(3, 0, 3, 3)","(64, 74, 84, 92)",0.31607198202801967
1.2030507433230706,82.35294117647058,0.7738233122969174,0.7567407637890936,1.670890410958904,"(3, 1, 0, 0)","(58, 66, 74, 82)",0.3026585862702227
1.197024444019378,79.83193277310924,0.8175684691697962,0.7986828146163856,1.5123287671232877,"(3, 1, 0, 0)","(64, 72, 80, 88)",0.38456642816616565
1.1699395345145907,79.83193277310924,0.865619610372556,0.8488668980722118,1.3273972602739725,"(3, 1, 0, 0)","(70, 78, 86, 94)",0.5190621765508419
1.2132729557162238,81.5126050420168,0.793125494799259,0.7728005141035471,1.5938356164383563,"(3, 1, 0, 0)","(64, 70, 76, 82)",0.3591447697182085
1.2029099056805843,79.83193277310924,0.8475843099387473,0.824765757951981,1.4465753424657535,"(3, 1, 0, 0)","(70, 76, 82, 88)",0.45436880719885436
1.1986106675146022,81.5126050420168,0.7968185792033146,0.780244012548451,1.5972602739726027,"(3, 1, 0, 0)","(58, 68, 78, 86)",0.33253620937077893
1.1774970511736709,78.99159663865547,0.8373402201840112,0.8178364235547814,1.417808219178082,"(3, 1, 0, 0)","(64, 74, 84, 92)",0.42482900772714677
1.2104272165266745,83.19327731092437,0.7930655099963152,0.7797610074482906,1.7328767123287672,"(3, 1, 0, 1)","(58, 66, 74, 82)",0.287124987036397
1.2154728267789265,84.03361344537815,0.8316931527039496,0.8147013504478031,1.575,"(3, 1, 0, 1)","(64, 72, 80, 88)",0.37473535091987226
1.187253887894746,79.83193277310924,0.8725572366262374,0.8506530940685448,1.3863013698630138,"(3, 1, 0, 1)","(70, 78, 86, 94)",0.48473524171334964
1.2205667675336322,83.19327731092437,0.8155392569756732,0.7934681173274999,1.6414383561643835,"(3, 1, 0, 1)","(64, 70, 76, 82)",0.34386276625638346
1.218332110540834,82.35294117647058,0.8575107306806008,0.824765757951981,1.5102739726027397,"(3, 1, 0, 1)","(70, 76, 82, 88)",0.42787232401290964
1.2106394124706477,82.35294117647058,0.8034688210806744,0.7945696549597949,1.6681506849315069,"(3, 1, 0, 1)","(58, 68, 78, 86)",0.31525734721388576
1.1872090908679163,82.35294117647058,0.8471053865834484,0.8336197162028771,1.4907534246575342,"(3, 1, 0, 1)","(64, 74, 84, 92)",0.3814728160044072
1.2176388894690167,84.03361344537815,0.8407207660456627,0.8147013504478031,1.632876712328767,"(3, 1, 0, 2)","(64, 72, 80, 88)",0.34388828855493975
1.1899117625121283,79.83193277310924,0.8750547050876201,0.8506530940685448,1.4376712328767123,"(3, 1, 0, 2)","(70, 78, 86, 94)",0.4339141991669911
1.2317284187213158,83.19327731092437,0.8234560787583857,0.7934681173274999,1.7126712328767124,"(3, 1, 0, 2)","(64, 70, 76, 82)",0.3251547249717645
1.220153426782949,82.35294117647058,0.8617532868110459,0.824765757951981,1.5643835616438355,"(3, 1, 0, 2)","(70, 76, 82, 88)",0.3900776736688175
1.2106075120628463,83.19327731092437,0.8095916883565769,0.7999636036948439,1.701027397260274,"(3, 1, 0, 2)","(58, 68, 78, 86)",0.30042693464753845
1.1978256792691209,81.5126050420168,0.8489020133912983,0.8367121907048497,1.5681506849315068,"(3, 1, 0, 2)","(64, 74, 84, 92)",0.3481922745423948
1.2169522597919877,83.19327731092437,0.8369002825936181,0.8147013504478031,1.6736301369863014,"(3, 1, 0, 3)","(64, 72, 80, 88)",0.3220643612570433
1.190209769145552,80.67226890756302,0.8758962764600615,0.8506530940685448,1.5037671232876713,"(3, 1, 0, 3)","(70, 78, 86, 94)",0.37757479667233973
1.2225460543679458,83.19327731092437,0.8603529847165915,0.824765757951981,1.6071917808219178,"(3, 1, 0, 3)","(70, 76, 82, 88)",0.3665169084909204
1.2005385875779016,82.35294117647058,0.8473537879575845,0.8368610584275895,1.6092465753424658,"(3, 1, 0, 3)","(64, 74, 84, 92)",0.32915833374225545
1.1941643147690528,80.67226890756302,0.7551138412995543,0.7418780125124819,1.7191780821917808,"(3, 1, 1, 0)","(58, 66, 74, 82)",0.2699808567264925
1.1951448143215004,78.99159663865547,0.8069512210102717,0.7893017489909133,1.5431506849315069,"(3, 1, 1, 0)","(64, 72, 80, 88)",0.35928301249607897
1.1657009112415229,79.83193277310924,0.8587858528547222,0.8405767445316225,1.3595890410958904,"(3, 1, 1, 0)","(70, 78, 86, 94)",0.46080634364309214
1.1976833524752097,78.99159663865547,0.7821885565100207,0.7633376206005693,1.6253424657534246,"(3, 1, 1, 0)","(64, 70, 76, 82)",0.31612014744118977
1.197228981623429,78.99159663865547,0.8394360663912636,0.8162851335177806,1.4746575342465753,"(3, 1, 1, 0)","(70, 76, 82, 88)",0.4155184894230971
1.1931953043342913,78.99159663865547,0.7828397341914001,0.7719033855995336,1.6311643835616438,"(3, 1, 1, 0)","(58, 68, 78, 86)",0.3060934827217204
1.1713199906728315,78.99159663865547,0.827551487757369,0.8100519365221923,1.4623287671232876,"(3, 1, 1, 0)","(64, 74, 84, 92)",0.3705587946404949
1.2061709383599102,82.35294117647058,0.7773281333920765,0.7635430968977601,1.734931506849315,"(3, 1, 1, 1)","(58, 66, 74, 82)",0.2805308201355721
1.2013254044894415,81.5126050420168,0.8213435403230027,0.808093012624105,1.571917808219178,"(3, 1, 1, 1)","(64, 72, 80, 88)",0.3520180725204606
1.1733290004220713,79.83193277310924,0.8675866439071892,0.8444033756073099,1.3972602739726028,"(3, 1, 1, 1)","(70, 78, 86, 94)",0.43631093209693816
1.207216499088469,82.35294117647058,0.8038058003051459,0.7876190497385613,1.6332191780821919,"(3, 1, 1, 1)","(64, 70, 76, 82)",0.32724292987470505
1.203144471146055,79.83193277310924,0.8513907370671076,0.8162851335177806,1.5106164383561644,"(3, 1, 1, 1)","(70, 76, 82, 88)",0.3978416202189676
1.1975672374976793,81.5126050420168,0.7996026556235215,0.7902077700540161,1.665068493150685,"(3, 1, 1, 1)","(58, 68, 78, 86)",0.29706299355984744
1.1775340519481252,79.83193277310924,0.8368853412139536,0.8231688687889018,1.50513698630137,"(3, 1, 1, 1)","(64, 74, 84, 92)",0.3514572418227292
1.2041992796869398,82.35294117647058,0.8298396991901902,0.8105275592254287,1.6106164383561643,"(3, 1, 1, 2)","(64, 72, 80, 88)",0.3344149729028965
1.1799006042030946,79.83193277310924,0.8682293696686352,0.8444033756073099,1.441095890410959,"(3, 1, 1, 2)","(70, 78, 86, 94)",0.4078491958641585
1.2138980373913981,82.35294117647058,0.8117967353815146,0.7876190497385613,1.6770547945205478,"(3, 1, 1, 2)","(64, 70, 76, 82)",0.31592426362310705
1.2069594829407875,79.83193277310924,0.8530053976450533,0.8162851335177806,1.5476027397260275,"(3, 1, 1, 2)","(70, 76, 82, 88)",0.3779372671589114
1.1994473807949182,81.5126050420168,0.799839436382778,0.7930615598319676,1.701027397260274,"(3, 1, 1, 2)","(58, 68, 78, 86)",0.2845072554573332
1.1881862761548345,81.5126050420168,0.8428336253603694,0.827893119245427,1.5565068493150684,"(3, 1, 1, 2)","(64, 74, 84, 92)",0.33815626238284113
1.207758110900662,82.35294117647058,0.8335064065544214,0.8105275592254287,1.6479452054794521,"(3, 1, 1, 3)","(64, 72, 80, 88)",0.32064148193971104
1.184628621189359,79.83193277310924,0.8722116339294325,0.8444033756073099,1.4852739726027397,"(3, 1, 1, 3)","(70, 78, 86, 94)",0.38046264916932143
1.2138980373913981,82.35294117647058,0.8192451467870904,0.7876190497385613,1.715068493150685,"(3, 1, 1, 3)","(64, 70, 76, 82)",0.2991294392638326
1.2086185281201165,82.35294117647058,0.8572074987434315,0.8162851335177806,1.5773972602739725,"(3, 1, 1, 3)","(70, 76, 82, 88)",0.3613084828652077
1.2077917016525386,82.35294117647058,0.8043775660925843,0.796367692962745,1.734931506849315,"(3, 1, 1, 3)","(58, 68, 78, 86)",0.28273614577139455
1.1881862761548345,81.5126050420168,0.8434653093573059,0.827893119245427,1.5924657534246576,"(3, 1, 1, 3)","(64, 74, 84, 92)",0.31763232738272645
1.1741696758821578,78.99159663865547,0.7983506738270761,0.780599372178701,1.573972602739726,"(3, 1, 2, 0)","(64, 72, 80, 88)",0.3034459746872916
1.1608669015075486,78.15126050420169,0.8541399013706304,0.8327868773471183,1.3917808219178083,"(3, 1, 2, 0)","(70, 78, 86, 94)",0.4106043290227638
1.1824960156009028,79.83193277310924,0.7714456702390297,0.7523872926343308,1.6530821917808218,"(3, 1, 2, 0)","(64, 70, 76, 82)",0.2794380522048433
1.1860873077609013,78.99159663865547,0.8307117746992845,0.808147531512265,1.4996575342465754,"(3, 1, 2, 0)","(70, 76, 82, 88)",0.37242970436040557
1.185136462210733,78.99159663865547,0.7739465160465074,0.7633309035354388,1.6684931506849314,"(3, 1, 2, 0)","(58, 68, 78, 86)",0.2769459373234326
1.1680832129418854,78.15126050420169,0.8176356604055743,0.8003740940637517,1.4821917808219178,"(3, 1, 2, 0)","(64, 74, 84, 92)",0.34858166320334194
1.196363932991977,80.67226890756302,0.8123738551797534,0.7984589200998652,1.5893835616438357,"(3, 1, 2, 1)","(64, 72, 80, 88)",0.333168323263552
1.1702869920193573,78.99159663865547,0.8625324682004566,0.8363454059635134,1.4202054794520549,"(3, 1, 2, 1)","(70, 78, 86, 94)",0.40524695737287947
1.1914074539100108,81.5126050420168,0.7904871767740048,0.7729943733041408,1.6544520547945205,"(3, 1, 2, 1)","(64, 70, 76, 82)",0.29246978828740533
1.1938489855357928,79.83193277310924,0.8423062072568478,0.8117640440668203,1.5205479452054795,"(3, 1, 2, 1)","(70, 76, 82, 88)",0.372394103792444
1.1917590766091823,80.67226890756302,0.794900341610333,0.780879638115451,1.6794520547945206,"(3, 1, 2, 1)","(58, 68, 78, 86)",0.2822260603320627
1.1743018683639224,78.99159663865547,0.8269095662300753,0.8132103687345182,1.5246575342465754,"(3, 1, 2, 1)","(64, 74, 84, 92)",0.3322202712941601
1.2030627125338147,81.5126050420168,0.7816423124551206,0.7692108224755194,1.7414383561643836,"(3, 1, 2, 2)","(58, 66, 74, 82)",0.27387673006870156
1.196363932991977,80.67226890756302,0.8195858414120654,0.8070374906430237,1.6082191780821917,"(3, 1, 2, 2)","(64, 72, 80, 88)",0.32285061054987224
1.1751546101954575,79.83193277310924,0.8643632515005661,0.8363454059635134,1.4424657534246574,"(3, 1, 2, 2)","(70, 78, 86, 94)",0.3958602645284335
1.2021942711926168,83.19327731092437,0.8038144289512709,0.7879732178617659,1.667123287671233,"(3, 1, 2, 2)","(64, 70, 76, 82)",0.30308381513472327
1.1938489855357928,79.83193277310924,0.849007304337317,0.8117640440668203,1.5486301369863014,"(3, 1, 2, 2)","(70, 76, 82, 88)",0.35333273268696314
1.1939410957936973,80.67226890756302,0.7986532268795384,0.7867296386523278,1.6931506849315068,"(3, 1, 2, 2)","(58, 68, 78, 86)",0.2797964425482195
1.1766971327414115,80.67226890756302,0.8362520477580488,0.8250297100636823,1.5544520547945206,"(3, 1, 2, 2)","(64, 74, 84, 92)",0.3186878490456588
1.196363932991977,81.5126050420168,0.8278948106068639,0.8070374906430237,1.6321917808219177,"(3, 1, 2, 3)","(64, 72, 80, 88)",0.31060817136325736
1.1751546101954575,80.67226890756302,0.8652304257125703,0.8363454059635134,1.4801369863013698,"(3, 1, 2, 3)","(70, 78, 86, 94)",0.3648013279391841
1.2044863492532354,83.19327731092437,0.8094256575331306,0.7918151976649764,1.691095890410959,"(3, 1, 2, 3)","(64, 70, 76, 82)",0.29588708613451303
1.1938489855357928,80.67226890756302,0.8513603521511045,0.8117640440668203,1.5746575342465754,"(3, 1, 2, 3)","(70, 76, 82, 88)",0.33732958150447845
1.195559713732419,81.5126050420168,0.7970940134060469,0.787052975715996,1.7304794520547946,"(3, 1, 2, 3)","(58, 68, 78, 86)",0.26771418851320367
1.1790052860515403,80.67226890756302,0.8390750567199711,0.8250297100636823,1.5777397260273973,"(3, 1, 2, 3)","(64, 74, 84, 92)",0.3098372467519251
1.1726756181510958,78.15126050420169,0.7934516481901985,0.7756548529330739,1.5996575342465753,"(3, 1, 3, 0)","(64, 72, 80, 88)",0.2879570559687034
1.1592045569105107,77.31092436974791,0.8482143118294942,0.8275795910811446,1.4113013698630137,"(3, 1, 3, 0)","(70, 78, 86, 94)",0.38707519248850236
1.1723682398493445,78.99159663865547,0.7626503963952187,0.7433866235056374,1.6897260273972603,"(3, 1, 3, 0)","(64, 70, 76, 82)",0.24990827227412404
1.1816599397997443,77.31092436974791,0.8224154759546993,0.8011783787181785,1.5253424657534247,"(3, 1, 3, 0)","(70, 76, 82, 88)",0.34579336650277265
1.1659658038562368,78.15126050420169,0.7664907600401495,0.7554507271025338,1.6849315068493151,"(3, 1, 3, 0)","(58, 68, 78, 86)",0.24231007363010573
1.1665046844126123,78.15126050420169,0.8114539154322484,0.7945766287329421,1.5113013698630138,"(3, 1, 3, 0)","(64, 74, 84, 92)",0.32564881345266444
1.1845431036358913,78.99159663865547,0.8080784700946712,0.7921898577864561,1.6071917808219178,"(3, 1, 3, 1)","(64, 72, 80, 88)",0.30392885652385937
1.1678877789611046,78.15126050420169,0.8579791451867324,0.8341515238335612,1.430821917808219,"(3, 1, 3, 1)","(70, 78, 86, 94)",0.3896918239796706
1.1817612978901202,80.67226890756302,0.7816516468013517,0.7638889515380894,1.6801369863013698,"(3, 1, 3, 1)","(64, 70, 76, 82)",0.26724219025133483
1.1868181010904288,79.83193277310924,0.8357526464288684,0.810484621859905,1.5366438356164382,"(3, 1, 3, 1)","(70, 76, 82, 88)",0.34812307286793387
1.1888206320824162,80.67226890756302,0.7879738567823598,0.7749910062658548,1.6852739726027397,"(3, 1, 3, 1)","(58, 68, 78, 86)",0.2755403526639956
1.1716516691247598,78.15126050420169,0.8242154334336278,0.8084554007743353,1.534931506849315,"(3, 1, 3, 1)","(64, 74, 84, 92)",0.32088532256357155
1.1845431036358913,80.67226890756302,0.8148123586709429,0.8036205216861526,1.6195205479452055,"(3, 1, 3, 2)","(64, 72, 80, 88)",0.2978805210706482
1.1678877789611046,78.99159663865547,0.8607265832811885,0.8341515238335612,1.444178082191781,"(3, 1, 3, 2)","(70, 78, 86, 94)",0.3779740281930805
1.196297853450053,81.5126050420168,0.7981624245004858,0.7805320159571558,1.6616438356164382,"(3, 1, 3, 2)","(64, 70, 76, 82)",0.2966820559390036
1.1889177528944712,79.83193277310924,0.8436174496450477,0.810484621859905,1.5486301369863014,"(3, 1, 3, 2)","(70, 76, 82, 88)",0.3443444684468514
1.1905543670023078,80.67226890756302,0.7949249130981729,0.781560273812134,1.6962328767123287,"(3, 1, 3, 2)","(58, 68, 78, 86)",0.27369343415973374
1.1731863969381857,80.67226890756302,0.8311347936323612,0.8205601119478444,1.5575342465753426,"(3, 1, 3, 2)","(64, 74, 84, 92)",0.3106291640414633
1.1845431036358913,80.67226890756302,0.8213143143320615,0.8082091683936625,1.6308219178082193,"(3, 1, 3, 3)","(64, 72, 80, 88)",0.2925438993576561
1.1678877789611046,79.83193277310924,0.8602016170414095,0.8341515238335612,1.4784246575342466,"(3, 1, 3, 3)","(70, 78, 86, 94)",0.3509179059172695
1.19791101460429,82.35294117647058,0.8025125383279343,0.7865599721340069,1.6794520547945206,"(3, 1, 3, 3)","(64, 70, 76, 82)",0.29128032391357184
1.1891460687000415,80.67226890756302,0.8471271804928382,0.810484621859905,1.5712328767123287,"(3, 1, 3, 3)","(70, 76, 82, 88)",0.3311190171487537
1.1913315041116492,80.67226890756302,0.7932369742617066,0.7828231885138813,1.716095890410959,"(3, 1, 3, 3)","(58, 68, 78, 86)",0.2671869880468751
1.1731863969381857,80.67226890756302,0.8347661934950795,0.8258679392446523,1.5773972602739725,"(3, 1, 3, 3)","(64, 74, 84, 92)",0.2999432260139397
1.1777955110523948,78.99159663865547,0.7455922503973493,0.7266852724543272,1.7321917808219178,"(3, 2, 0, 0)","(58, 66, 74, 82)",0.2428264229527562
1.174350520954318,77.31092436974791,0.803964556947297,0.785679209234854,1.520890410958904,"(3, 2, 0, 0)","(64, 72, 80, 88)",0.33471631899185295
1.1633204827042667,78.99159663865547,0.8562386093728446,0.8340758713901886,1.3472602739726027,"(3, 2, 0, 0)","(70, 78, 86, 94)",0.470311449207553
1.181839630645859,78.99159663865547,0.7741282401265227,0.7549922612282217,1.6267123287671232,"(3, 2, 0, 0)","(64, 70, 76, 82)",0.29014848168628865
1.1794963432281547,77.31092436974791,0.8319432016176731,0.8073417229798765,1.4404109589041096,"(3, 2, 0, 0)","(70, 76, 82, 88)",0.4075655693827462
1.1696316081605644,78.15126050420169,0.7778663335222639,0.760463423156792,1.6202054794520548,"(3, 2, 0, 0)","(58, 68, 78, 86)",0.2735087221583921
1.1658661211669459,77.31092436974791,0.8248660289051754,0.8070842293422646,1.4503424657534247,"(3, 2, 0, 0)","(64, 74, 84, 92)",0.36831108274333224
1.1972645776878912,78.99159663865547,0.7740801453086769,0.7541974382138542,1.7195205479452054,"(3, 2, 0, 1)","(58, 66, 74, 82)",0.27416114557289023
1.18676664735743,79.83193277310924,0.8195121929736815,0.8059811300896484,1.5547945205479452,"(3, 2, 0, 1)","(64, 72, 80, 88)",0.33664111745907155
1.1714359044419667,78.99159663865547,0.8652603151028008,0.8456459445493276,1.372945205479452,"(3, 2, 0, 1)","(70, 78, 86, 94)",0.4596812130124359
1.2024177566272962,79.83193277310924,0.7928422639364536,0.7785139257076883,1.628082191780822,"(3, 2, 0, 1)","(64, 70, 76, 82)",0.3222790890685414
1.1871513231806778,78.15126050420169,0.8466000657037941,0.8183505237338913,1.489041095890411,"(3, 2, 0, 1)","(70, 76, 82, 88)",0.3826903807335989
1.1956623360283294,79.83193277310924,0.7965380276736265,0.7805157447099101,1.6465753424657534,"(3, 2, 0, 1)","(58, 68, 78, 86)",0.3026133586878823
1.1756484597307126,78.15126050420169,0.8349110195377715,0.8208374775970754,1.476027397260274,"(3, 2, 0, 1)","(64, 74, 84, 92)",0.36898813123286395
1.192938684500957,79.83193277310924,0.8271406451631289,0.8104252813767346,1.5969178082191782,"(3, 2, 0, 2)","(64, 72, 80, 88)",0.32322487592816673
1.1751132629652181,78.99159663865547,0.8663088064463067,0.8456459445493276,1.4236301369863014,"(3, 2, 0, 2)","(70, 78, 86, 94)",0.4133635633455432
1.2053761774424325,81.5126050420168,0.8085506879069437,0.7864395831152657,1.6609589041095891,"(3, 2, 0, 2)","(64, 70, 76, 82)",0.3107245793429549
1.190895860304846,78.99159663865547,0.8534548375935823,0.8183505237338913,1.5308219178082192,"(3, 2, 0, 2)","(70, 76, 82, 88)",0.3596231690904197
1.1978880463085173,79.83193277310924,0.7997488684851594,0.7829260373834045,1.685958904109589,"(3, 2, 0, 2)","(58, 68, 78, 86)",0.28848382187761884
1.1774822340003492,80.67226890756302,0.8420861588435099,0.827756329558489,1.520890410958904,"(3, 2, 0, 2)","(64, 74, 84, 92)",0.3407285491656935
1.192938684500957,79.83193277310924,0.8344860358956252,0.8104252813767346,1.632876712328767,"(3, 2, 0, 3)","(64, 72, 80, 88)",0.30485982615952095
1.1808951529768452,79.83193277310924,0.871423933764101,0.8456459445493276,1.4582191780821918,"(3, 2, 0, 3)","(70, 78, 86, 94)",0.39477865971030496
1.2072609582317795,82.35294117647058,0.8177215271449618,0.7864395831152657,1.7017123287671232,"(3, 2, 0, 3)","(64, 70, 76, 82)",0.29536456712386344
1.1916127721128742,79.83193277310924,0.8586487582294324,0.8183505237338913,1.5633561643835616,"(3, 2, 0, 3)","(70, 76, 82, 88)",0.3401272307413937
1.2010374132762023,80.67226890756302,0.7999980842899493,0.7860763482247659,1.722945205479452,"(3, 2, 0, 3)","(58, 68, 78, 86)",0.27808112115893446
1.1780062085488976,80.67226890756302,0.8431195505062067,0.827756329558489,1.5626712328767123,"(3, 2, 0, 3)","(64, 74, 84, 92)",0.3163591777010231
1.1716231029548931,77.31092436974791,0.7962285608494852,0.778619247071329,1.5565068493150684,"(3, 2, 1, 0)","(64, 72, 80, 88)",0.3083935142327926
1.154694727607672,76.47058823529412,0.8505420328289657,0.8282776754039997,1.3715753424657535,"(3, 2, 1, 0)","(70, 78, 86, 94)",0.41632129457548583
1.1751244934539984,78.99159663865547,0.7647226845878481,0.7453722630957962,1.6582191780821918,"(3, 2, 1, 0)","(64, 70, 76, 82)",0.2660580233536292
1.1796583792670787,76.47058823529412,0.8259227695494531,0.8014654754570377,1.4801369863013698,"(3, 2, 1, 0)","(70, 76, 82, 88)",0.374181503181077
1.1674255088957355,77.31092436974791,0.7710882194751196,0.75587472743479,1.6547945205479453,"(3, 2, 1, 0)","(58, 68, 78, 86)",0.25569167676545373
1.1656011319961619,78.15126050420169,0.8158869657431502,0.7986927331268397,1.4794520547945205,"(3, 2, 1, 0)","(64, 74, 84, 92)",0.345396646734852
1.1916017949042532,79.83193277310924,0.7649745460022123,0.7447662959060659,1.731164383561644,"(3, 2, 1, 1)","(58, 66, 74, 82)",0.2620502300329833
1.1788855452907456,78.15126050420169,0.8107430115543971,0.7965622522343552,1.5702054794520548,"(3, 2, 1, 1)","(64, 72, 80, 88)",0.3137211965459323
1.1634160488162058,78.15126050420169,0.8596277375487389,0.83537005404941,1.4003424657534247,"(3, 2, 1, 1)","(70, 78, 86, 94)",0.4081906437496328
1.195529660695649,79.83193277310924,0.7857042044587291,0.769039905114944,1.6517123287671234,"(3, 2, 1, 1)","(64, 70, 76, 82)",0.3000244925019941
1.1800956661233155,78.15126050420169,0.8416305935207223,0.8112345629609575,1.5082191780821919,"(3, 2, 1, 1)","(70, 76, 82, 88)",0.354366135498707
1.184872934889682,80.67226890756302,0.7872292392578891,0.7731145406451968,1.6695205479452055,"(3, 2, 1, 1)","(58, 68, 78, 86)",0.27612735032116187
1.1724111665151182,78.99159663865547,0.8272639353139728,0.8126035712157942,1.4863013698630136,"(3, 2, 1, 1)","(64, 74, 84, 92)",0.3545356381860178
1.1946421090214698,79.83193277310924,0.7771845039019015,0.7602604807304503,1.7335616438356165,"(3, 2, 1, 2)","(58, 66, 74, 82)",0.2653384492729654
1.1839635967549935,79.83193277310924,0.8185986244949788,0.8073729743456766,1.6,"(3, 2, 1, 2)","(64, 72, 80, 88)",0.30660599459165583
1.172601795374539,78.99159663865547,0.8629579948052148,0.83537005404941,1.4253424657534246,"(3, 2, 1, 2)","(70, 78, 86, 94)",0.4057948812348258
1.197171338956031,80.67226890756302,0.8021536410288655,0.7859120682320193,1.6561643835616437,"(3, 2, 1, 2)","(64, 70, 76, 82)",0.3004907670937425
1.1896546944223292,78.99159663865547,0.8476839001252933,0.8112345629609575,1.5311643835616437,"(3, 2, 1, 2)","(70, 76, 82, 88)",0.3570546149021285
1.1925238324092895,80.67226890756302,0.7952651376119045,0.779014561105428,1.6883561643835616,"(3, 2, 1, 2)","(58, 68, 78, 86)",0.2796863635000624
1.1724111665151182,79.83193277310924,0.8362939393354305,0.8239595674571876,1.5273972602739727,"(3, 2, 1, 2)","(64, 74, 84, 92)",0.3269094845611332
1.185437745054602,79.83193277310924,0.8276622586847513,0.8075481893715667,1.622945205479452,"(3, 2, 1, 3)","(64, 72, 80, 88)",0.29767906297935026
1.1754255632691037,78.99159663865547,0.8647396073044697,0.83537005404941,1.45513698630137,"(3, 2, 1, 3)","(70, 78, 86, 94)",0.3854346461593551
1.2036710929669436,80.67226890756302,0.8069385343805358,0.7859120682320193,1.6832191780821917,"(3, 2, 1, 3)","(64, 70, 76, 82)",0.298105058377682
1.1899398030367456,79.83193277310924,0.8502333504588065,0.8112345629609575,1.5623287671232877,"(3, 2, 1, 3)","(70, 76, 82, 88)",0.33777358396303114
1.1925238324092895,80.67226890756302,0.7955711919482437,0.7824328714503034,1.7164383561643837,"(3, 2, 1, 3)","(58, 68, 78, 86)",0.26872351368791836
1.1724111665151182,80.67226890756302,0.8383445098103738,0.8242620826374724,1.560958904109589,"(3, 2, 1, 3)","(64, 74, 84, 92)",0.3073507974506381
1.1698849503581055,78.15126050420169,0.790520869208976,0.7726493814065212,1.582876712328767,"(3, 2, 2, 0)","(64, 72, 80, 88)",0.29145949180121505
1.149829849437614,75.63025210084034,0.8454760228890034,0.8230530708732544,1.401027397260274,"(3, 2, 2, 0)","(70, 78, 86, 94)",0.37361499603572407
1.1715075704884332,78.15126050420169,0.7559132615961843,0.7362550954397826,1.6952054794520548,"(3, 2, 2, 0)","(64, 70, 76, 82)",0.24670054474198277
1.1743926364626613,76.47058823529412,0.8185835422858896,0.7959196146986304,1.510958904109589,"(3, 2, 2, 0)","(70, 76, 82, 88)",0.3413046236400611
1.1642288099124936,77.31092436974791,0.7650528010675137,0.7514271581471674,1.6797945205479452,"(3, 2, 2, 0)","(58, 68, 78, 86)",0.24158595715087214
1.1599118394364571,77.31092436974791,0.8094889789636027,0.7923272129719897,1.5,"(3, 2, 2, 0)","(64, 74, 84, 92)",0.3198236788729143
1.1750126561500758,78.15126050420169,0.8050666688975924,0.7904930862773731,1.584931506849315,"(3, 2, 2, 1)","(64, 72, 80, 88)",0.2992019648467338
1.158331474856569,78.15126050420169,0.855412594461539,0.835037790528284,1.4174657534246575,"(3, 2, 2, 1)","(70, 78, 86, 94)",0.3792681760305015
1.1832938431106534,80.67226890756302,0.7794224102510139,0.7615751951645053,1.6712328767123288,"(3, 2, 2, 1)","(64, 70, 76, 82)",0.2730704193281163
1.1743926364626613,78.15126050420169,0.8354006856071008,0.8073604915530734,1.523972602739726,"(3, 2, 2, 1)","(70, 76, 82, 88)",0.3328277767784125
1.1671826146424975,78.99159663865547,0.7793200767099311,0.7666516640790985,1.6784246575342465,"(3, 2, 2, 1)","(58, 68, 78, 86)",0.24642768034128862
1.166570933458292,78.15126050420169,0.8241459684791003,0.8083168189985478,1.5013698630136987,"(3, 2, 2, 1)","(64, 74, 84, 92)",0.33223164323648424
1.1904539447097806,79.83193277310924,0.7709186259842826,0.7539501841282619,1.74486301369863,"(3, 2, 2, 2)","(58, 66, 74, 82)",0.25568989358738364
1.1750126561500758,79.83193277310924,0.8134439158681696,0.8019182187328454,1.6044520547945205,"(3, 2, 2, 2)","(64, 72, 80, 88)",0.28953935181768914
1.166163026119024,78.99159663865547,0.8588106145914939,0.835037790528284,1.4318493150684932,"(3, 2, 2, 2)","(70, 78, 86, 94)",0.3847708455729974
1.191674105576829,80.67226890756302,0.7936602738640612,0.7781731256319737,1.6517123287671234,"(3, 2, 2, 2)","(64, 70, 76, 82)",0.2941084541693854
1.1819141909060171,78.15126050420169,0.8426783000652829,0.8073604915530734,1.5386986301369863,"(3, 2, 2, 2)","(70, 76, 82, 88)",0.33769195006075653
1.187860378010065,80.67226890756302,0.7916447518463687,0.7757796128534232,1.6893835616438355,"(3, 2, 2, 2)","(58, 68, 78, 86)",0.2725048702381469
1.166570933458292,79.83193277310924,0.8297649702332267,0.8180607075478636,1.527054794520548,"(3, 2, 2, 2)","(64, 74, 84, 92)",0.3160410173477667
1.1817560916600547,80.67226890756302,0.8189545274544138,0.8050454972617793,1.6253424657534246,"(3, 2, 2, 3)","(64, 72, 80, 88)",0.2906504861157502
1.1709248208377914,79.83193277310924,0.8617230125033588,0.835037790528284,1.4506849315068493,"(3, 2, 2, 3)","(70, 78, 86, 94)",0.37925568149418754
1.1978839732752755,81.5126050420168,0.8028104395506229,0.7862945185356396,1.6736301369863014,"(3, 2, 2, 3)","(64, 70, 76, 82)",0.29375760140508617
1.1889260466868368,78.99159663865547,0.8471446391024516,0.8073604915530734,1.5623287671232877,"(3, 2, 2, 3)","(70, 76, 82, 88)",0.33597080165990456
1.187860378010065,80.67226890756302,0.7935162549969484,0.7804048254635332,1.709931506849315,"(3, 2, 2, 3)","(58, 68, 78, 86)",0.2646176091603423
1.167587581516254,79.83193277310924,0.8349490674551372,0.8254845761821215,1.5613013698630136,"(3, 2, 2, 3)","(64, 74, 84, 92)",0.29856969983371673
1.1680386879943505,77.31092436974791,0.7861026041271433,0.7680493407812715,1.608904109589041,"(3, 2, 3, 0)","(64, 72, 80, 88)",0.27596904889960827
1.1504883025885093,75.63025210084034,0.8415780728061617,0.8194898575857881,1.4160958904109588,"(3, 2, 3, 0)","(70, 78, 86, 94)",0.36166736095345453
1.1640543578099063,78.15126050420169,0.7488553711413839,0.7289441045423201,1.7270547945205479,"(3, 2, 3, 0)","(64, 70, 76, 82)",0.22564235742106756
1.169005158657282,76.47058823529412,0.8125005621163736,0.7907459321108492,1.5404109589041095,"(3, 2, 3, 0)","(70, 76, 82, 88)",0.31273451411867154
1.1612644489245167,77.31092436974791,0.7602580781685984,0.7465071218232769,1.7047945205479451,"(3, 2, 3, 0)","(58, 68, 78, 86)",0.2288105883671472
1.1522181106793234,77.31092436974791,0.8065019946885541,0.7897087839595169,1.5236301369863015,"(3, 2, 3, 0)","(64, 74, 84, 92)",0.29069776532611147
1.1730311156124706,78.15126050420169,0.8024879724745962,0.7853111689443796,1.6003424657534246,"(3, 2, 3, 1)","(64, 72, 80, 88)",0.2882206831650966
1.1540321347365758,78.15126050420169,0.852267861105731,0.8352033561274544,1.4270547945205478,"(3, 2, 3, 1)","(70, 78, 86, 94)",0.3606847100487583
1.1752287489296662,80.67226890756302,0.7719918079124194,0.7539535327570627,1.6832191780821917,"(3, 2, 3, 1)","(64, 70, 76, 82)",0.2564751613406644
1.169005158657282,78.15126050420169,0.8296449055114297,0.8088218315747967,1.539041095890411,"(3, 2, 3, 1)","(70, 76, 82, 88)",0.31352926510753715
1.165218810907464,78.99159663865547,0.7742244748303969,0.762114618347447,1.6886986301369864,"(3, 2, 3, 1)","(58, 68, 78, 86)",0.2399000138487293
1.166451681370694,78.15126050420169,0.8197614285967143,0.8038323041876501,1.5191780821917809,"(3, 2, 3, 1)","(64, 74, 84, 92)",0.32060614089869816
1.1730311156124706,78.99159663865547,0.8096020765918195,0.7977377207638765,1.6136986301369862,"(3, 2, 3, 2)","(64, 72, 80, 88)",0.28194802320782053
1.161279104724082,78.99159663865547,0.8556418577492791,0.8352033561274544,1.436986301369863,"(3, 2, 3, 2)","(70, 78, 86, 94)",0.3690713054814417
1.1847393983121004,80.67226890756302,0.7857582108911011,0.7687769596246616,1.6832191780821917,"(3, 2, 3, 2)","(64, 70, 76, 82)",0.27039551031144526
1.1710394591136666,78.99159663865547,0.8367885268636288,0.8088218315747967,1.5455479452054794,"(3, 2, 3, 2)","(70, 76, 82, 88)",0.31351865700684645
1.1780634670394614,80.67226890756302,0.7853219151862552,0.7706622453241837,1.6917808219178083,"(3, 2, 3, 2)","(58, 68, 78, 86)",0.2573986751263501
1.166451681370694,78.99159663865547,0.827370769238053,0.8134567260849246,1.533904109589041,"(3, 2, 3, 2)","(64, 74, 84, 92)",0.31176325182965137
1.1782971201940096,79.83193277310924,0.8144707459843739,0.8037535303606106,1.6256849315068493,"(3, 2, 3, 3)","(64, 72, 80, 88)",0.28496310397728947
1.1653690495532338,79.83193277310924,0.8586101977166474,0.8352033561274544,1.4523972602739725,"(3, 2, 3, 3)","(70, 78, 86, 94)",0.3655394585128258
1.1906262936949135,80.67226890756302,0.7986827821700931,0.7815123642127363,1.6575342465753424,"(3, 2, 3, 3)","(64, 70, 76, 82)",0.28991082166101423
1.1859872375041705,79.83193277310924,0.8430323449329798,0.8088218315747967,1.5575342465753426,"(3, 2, 3, 3)","(70, 76, 82, 88)",0.33358890264875773
1.18428345506687,80.67226890756302,0.7899472467351106,0.7765899637210766,1.710958904109589,"(3, 2, 3, 3)","(58, 68, 78, 86)",0.2592040890150579
1.166451681370694,79.83193277310924,0.8323692767041443,0.8232024890560905,1.5633561643835616,"(3, 2, 3, 3)","(64, 74, 84, 92)",0.2954643827370374
1.1601790569346466,76.47058823529412,0.7944467346257378,0.7763151976692085,1.5469178082191781,"(3, 3, 0, 0)","(64, 72, 80, 88)",0.292875921258089
1.1367954813555912,74.78991596638656,0.8450637427368133,0.8231482769751004,1.3763698630136987,"(3, 3, 0, 0)","(70, 78, 86, 94)",0.3634602416363295
1.1719706469222086,77.31092436974791,0.7580345782165628,0.7378085714444587,1.6811643835616439,"(3, 3, 0, 0)","(64, 70, 76, 82)",0.25246570588881306
1.1707485970521239,76.47058823529412,0.8203928045571746,0.7971526415815124,1.4589041095890412,"(3, 3, 0, 0)","(70, 76, 82, 88)",0.37207903238224
1.1644856993325285,75.63025210084034,0.7667846404699483,0.7494692607535418,1.6496575342465754,"(3, 3, 0, 0)","(58, 68, 78, 86)",0.25318831947864173
1.157082494063172,76.47058823529412,0.8120167025866273,0.7944047011958485,1.4873287671232878,"(3, 3, 0, 0)","(64, 74, 84, 92)",0.3223337193706693
1.1800239493418,78.99159663865547,0.7614994111297678,0.7419924622855384,1.725,"(3, 3, 0, 1)","(58, 66, 74, 82)",0.2483088956438622
1.1741893809759398,78.15126050420169,0.8092130241038669,0.794149732376865,1.5424657534246575,"(3, 3, 0, 1)","(64, 72, 80, 88)",0.32110668715261637
1.1556631279066043,77.31092436974791,0.8573959112381322,0.8379614119778676,1.3736301369863013,"(3, 3, 0, 1)","(70, 78, 86, 94)",0.4166235870644222
1.1892147362503596,79.83193277310924,0.7826127594139485,0.766332432320625,1.6345890410958903,"(3, 3, 0, 1)","(64, 70, 76, 82)",0.2981689313821101
1.1707485970521239,78.15126050420169,0.8409679787579363,0.8117155113583038,1.4815068493150685,"(3, 3, 0, 1)","(70, 76, 82, 88)",0.3546130180598874
1.1703970278909384,78.99159663865547,0.7804105242866428,0.7659704731972626,1.6565068493150685,"(3, 3, 0, 1)","(58, 68, 78, 86)",0.2595510283993427
1.1699519875390065,77.31092436974791,0.8284206181837013,0.8136254912638733,1.4726027397260273,"(3, 3, 0, 1)","(64, 74, 84, 92)",0.3596085533434052
1.1938404581148685,78.99159663865547,0.775015232014712,0.7553532542989458,1.7270547945205479,"(3, 3, 0, 2)","(58, 66, 74, 82)",0.26661052175949884
1.1785289334172804,78.99159663865547,0.8185833666095299,0.807366088747107,1.5842465753424657,"(3, 3, 0, 2)","(64, 72, 80, 88)",0.30557121077283633
1.167281254048158,78.15126050420169,0.8623900263249921,0.8379614119778676,1.408904109589041,"(3, 3, 0, 2)","(70, 78, 86, 94)",0.40909653418812525
1.1951158757936642,79.83193277310924,0.7964436619459773,0.782687769039693,1.6503424657534247,"(3, 3, 0, 2)","(64, 70, 76, 82)",0.3000201986927327
1.174155701882744,78.99159663865547,0.8481805952771354,0.8117155113583038,1.514041095890411,"(3, 3, 0, 2)","(70, 76, 82, 88)",0.3387972348418471
1.1787373029642083,78.99159663865547,0.7927935835869848,0.7755534243299548,1.675,"(3, 3, 0, 2)","(58, 68, 78, 86)",0.2647960043914197
1.1721553578140502,78.99159663865547,0.8341442035147419,0.8221212735542959,1.5126712328767122,"(3, 3, 0, 2)","(64, 74, 84, 92)",0.3358006979405656
1.1814082243718231,78.99159663865547,0.8226371563364651,0.8080404176716547,1.6106164383561643,"(3, 3, 0, 3)","(64, 72, 80, 88)",0.29709030575755674
1.17509300444725,78.15126050420169,0.8640637430663984,0.8379614119778676,1.4376712328767123,"(3, 3, 0, 3)","(70, 78, 86, 94)",0.4000560039013852
1.2026123717452128,79.83193277310924,0.8062960971338917,0.782687769039693,1.6773972602739726,"(3, 3, 0, 3)","(64, 70, 76, 82)",0.2991042090475336
1.182095793170128,78.99159663865547,0.8505775730703908,0.8117155113583038,1.5465753424657533,"(3, 3, 0, 3)","(70, 76, 82, 88)",0.33315771682755235
1.1841388052619226,78.99159663865547,0.7956021162571075,0.7789821537990225,1.7065068493150686,"(3, 3, 0, 3)","(58, 68, 78, 86)",0.2606327248496432
1.1732029016041117,78.99159663865547,0.8384242812823068,0.8258052236925892,1.540068493150685,"(3, 3, 0, 3)","(64, 74, 84, 92)",0.32070543607102475
1.1540129003654487,77.31092436974791,0.7874337460029379,0.7694300575841876,1.5736301369863013,"(3, 3, 1, 0)","(64, 72, 80, 88)",0.26848816063708075
1.1414035740882957,74.78991596638656,0.8407087548256575,0.8194228345646416,1.3921232876712328,"(3, 3, 1, 0)","(70, 78, 86, 94)",0.3606099880679682
1.16977368789435,78.15126050420169,0.7522783919293194,0.7321953264604996,1.7061643835616438,"(3, 3, 1, 0)","(64, 70, 76, 82)",0.24041666762924457
1.1660616834787476,75.63025210084034,0.816223265162738,0.7933829225367214,1.4842465753424658,"(3, 3, 1, 0)","(70, 76, 82, 88)",0.34292794608058197
1.1617448352994812,76.47058823529412,0.7602829835792443,0.7432464699955276,1.6784246575342465,"(3, 3, 1, 0)","(58, 68, 78, 86)",0.2384123771198815
1.150669153561712,77.31092436974791,0.8066029770433382,0.7888132504736065,1.5058219178082193,"(3, 3, 1, 0)","(64, 74, 84, 92)",0.29786995829397345
1.171311219250142,78.99159663865547,0.8029879653316208,0.7861401498811835,1.5688356164383561,"(3, 3, 1, 1)","(64, 72, 80, 88)",0.3011612042205989
1.1547844640526963,77.31092436974791,0.8545739861461474,0.8348472615540103,1.393150684931507,"(3, 3, 1, 1)","(70, 78, 86, 94)",0.3937026437577292
1.1786139241695224,79.83193277310924,0.7751186728197323,0.7570226128305945,1.6527397260273973,"(3, 3, 1, 1)","(64, 70, 76, 82)",0.2736372815188905
1.1660616834787476,78.15126050420169,0.8336539251333898,0.8066478452212298,1.5075342465753425,"(3, 3, 1, 1)","(70, 76, 82, 88)",0.32719306056541364
1.1662015120476747,78.99159663865547,0.7756449592026236,0.7611285720035612,1.6702054794520549,"(3, 3, 1, 1)","(58, 68, 78, 86)",0.2479859045371539
1.1617334948189264,77.31092436974791,0.8239811623441722,0.8079607403635061,1.4856164383561643,"(3, 3, 1, 1)","(64, 74, 84, 92)",0.3330478172575918
1.189513265509377,79.83193277310924,0.7691104027031439,0.7490790412537434,1.7393835616438356,"(3, 3, 1, 2)","(58, 66, 74, 82)",0.25631252213403466
1.1727295536000075,79.83193277310924,0.8110720833326719,0.7993357374420499,1.5904109589041096,"(3, 3, 1, 2)","(64, 72, 80, 88)",0.29255817663110323
1.1633895381485946,77.31092436974791,0.8575787220820026,0.8348472615540103,1.4188356164383562,"(3, 3, 1, 2)","(70, 78, 86, 94)",0.3901042120963991
1.1907981560753222,80.67226890756302,0.7875953044770325,0.7726721376462093,1.6592465753424657,"(3, 3, 1, 2)","(64, 70, 76, 82)",0.28941850168308625
1.1707854137656344,78.99159663865547,0.8403057827001754,0.8066478452212298,1.527054794520548,"(3, 3, 1, 2)","(70, 76, 82, 88)",0.3240373022713791
1.1720069626949663,79.83193277310924,0.7879995467121081,0.7713345844743515,1.6815068493150684,"(3, 3, 1, 2)","(58, 68, 78, 86)",0.2523921261654782
1.1673540537883944,78.99159663865547,0.8294468933924906,0.8170570040566866,1.5089041095890412,"(3, 3, 1, 2)","(64, 74, 84, 92)",0.32885184189913297
1.1809546545529865,79.83193277310924,0.8165836309039969,0.8053776738255098,1.617123287671233,"(3, 3, 1, 3)","(64, 72, 80, 88)",0.293222858654118
1.1700269183839638,78.15126050420169,0.8619265269101567,0.8348472615540103,1.4397260273972603,"(3, 3, 1, 3)","(70, 78, 86, 94)",0.3866655776333132
1.1975163549018046,80.67226890756302,0.8022679716130313,0.7855011072638116,1.6647260273972602,"(3, 3, 1, 3)","(64, 70, 76, 82)",0.29713949320621824
1.1770862586151063,78.99159663865547,0.8469267690783683,0.8066478452212298,1.5462328767123288,"(3, 3, 1, 3)","(70, 76, 82, 88)",0.32419553301323534
1.1801145369125858,79.83193277310924,0.7924672051728376,0.7750459559339694,1.702054794520548,"(3, 3, 1, 3)","(58, 68, 78, 86)",0.25655338916329296
1.1686012745987824,79.83193277310924,0.8351296964446726,0.8251882881769019,1.542123287671233,"(3, 3, 1, 3)","(64, 74, 84, 92)",0.31100171941152527
1.1496267593819658,77.31092436974791,0.7833318689628401,0.7651691258540186,1.5976027397260273,"(3, 3, 2, 0)","(64, 72, 80, 88)",0.25037830223228663
1.1419730397477321,75.63025210084034,0.8372598876222784,0.8157828014912811,1.409931506849315,"(3, 3, 2, 0)","(70, 78, 86, 94)",0.3463335639627217
1.1668959874440774,78.15126050420169,0.7462739159396743,0.7263594457386622,1.7332191780821917,"(3, 3, 2, 0)","(64, 70, 76, 82)",0.22762087031139938
1.1619308492228406,75.63025210084034,0.8105582065173268,0.7878014296899194,1.5092465753424658,"(3, 3, 2, 0)","(70, 76, 82, 88)",0.31798122375971394
1.156998332511885,76.47058823529412,0.7565239887607969,0.7394802107541489,1.6965753424657535,"(3, 3, 2, 0)","(58, 68, 78, 86)",0.22538600340939258
1.1415411815579921,76.47058823529412,0.8042909956707124,0.786950024003703,1.5154109589041096,"(3, 3, 2, 0)","(64, 74, 84, 92)",0.27461810641151957
1.1672006640057562,77.31092436974791,0.7987840616622349,0.7819319540207849,1.5921232876712328,"(3, 3, 2, 1)","(64, 72, 80, 88)",0.28237474777143323
1.1495974948558303,78.15126050420169,0.8497056850744885,0.8338257315116819,1.4082191780821918,"(3, 3, 2, 1)","(70, 78, 86, 94)",0.3664636618951548
1.1746728942001325,79.83193277310924,0.7694620542219656,0.7512513240998293,1.6787671232876713,"(3, 3, 2, 1)","(64, 70, 76, 82)",0.25733847177819724
1.1657199098338558,76.47058823529412,0.827719284687678,0.8079117682179126,1.5253424657534247,"(3, 3, 2, 1)","(70, 76, 82, 88)",0.31545119733693533
1.1632046475399158,78.99159663865547,0.7706846679196868,0.7558214904272369,1.6797945205479452,"(3, 3, 2, 1)","(58, 68, 78, 86)",0.24007938076400714
1.1610944828946137,77.31092436974791,0.8196157244774863,0.803653477162538,1.5,"(3, 3, 2, 1)","(64, 74, 84, 92)",0.3221889657892274
1.1672006640057562,78.99159663865547,0.8065148849991663,0.7943634424142114,1.6020547945205479,"(3, 3, 2, 2)","(64, 72, 80, 88)",0.2777166887922685
1.1590562797380777,78.15126050420169,0.8546610401044049,0.8367010566938979,1.423972602739726,"(3, 3, 2, 2)","(70, 78, 86, 94)",0.3751569764419927
1.1852552061931385,80.67226890756302,0.782613445491859,0.765910753287488,1.6684931506849314,"(3, 3, 2, 2)","(64, 70, 76, 82)",0.2771235666413753
1.1692326758030513,78.99159663865547,0.8354417760060274,0.8079117682179126,1.5332191780821918,"(3, 3, 2, 2)","(70, 76, 82, 88)",0.3173791993223571
1.1671062680191633,78.99159663865547,0.7823414637123849,0.7672093397085071,1.688013698630137,"(3, 3, 2, 2)","(58, 68, 78, 86)",0.24288218149126767
1.1614361074596273,78.15126050420169,0.8265177895080894,0.8127202406740456,1.5167808219178083,"(3, 3, 2, 2)","(64, 74, 84, 92)",0.31238796141955716
1.1759953024883207,79.83193277310924,0.8116086856869674,0.8003832990848063,1.6157534246575342,"(3, 3, 2, 3)","(64, 72, 80, 88)",0.2858210696695754
1.1660412940020803,78.99159663865547,0.8581432420959254,0.8367010566938979,1.4424657534246574,"(3, 3, 2, 3)","(70, 78, 86, 94)",0.3752636056393767
1.1907620228242504,80.67226890756302,0.7972634469752894,0.7798429974893187,1.6547945205479453,"(3, 3, 2, 3)","(64, 70, 76, 82)",0.29133112272322753
1.1727399445433304,78.99159663865547,0.8425360162417936,0.8079117682179126,1.547945205479452,"(3, 3, 2, 3)","(70, 76, 82, 88)",0.315250398791578
1.1763505820427813,79.83193277310924,0.7883103796235912,0.7709721028546379,1.7023972602739725,"(3, 3, 2, 3)","(58, 68, 78, 86)",0.25106957560454485
1.1657743285823712,79.83193277310924,0.8298664472137858,0.8201877258935272,1.540068493150685,"(3, 3, 2, 3)","(64, 74, 84, 92)",0.3069505640206239
1.151385959001783,76.47058823529412,0.7800946975944969,0.7618188868721186,1.6205479452054794,"(3, 3, 3, 0)","(64, 72, 80, 88)",0.24395529817064368
1.1384063536859164,75.63025210084034,0.8335126766273286,0.8125365525049251,1.428082191780822,"(3, 3, 3, 0)","(70, 78, 86, 94)",0.32331724221030056
1.158095010852708,76.47058823529412,0.8055638023070856,0.7822290305162806,1.540068493150685,"(3, 3, 3, 0)","(70, 76, 82, 88)",0.2927314088078042
1.150438117312268,76.47058823529412,0.7522384930673376,0.7357251580266405,1.7188356164383563,"(3, 3, 3, 0)","(58, 68, 78, 86)",0.20928027753779058
1.1378963964961293,76.47058823529412,0.8022611657705154,0.7852970545160113,1.5246575342465754,"(3, 3, 3, 0)","(64, 74, 84, 92)",0.2628312518072438
1.1653302285451452,77.31092436974791,0.7949772695308372,0.7776839689799417,1.6047945205479452,"(3, 3, 3, 1)","(64, 72, 80, 88)",0.27336594980284484
1.1457504093983244,78.15126050420169,0.8466020818315281,0.8309120060025147,1.41986301369863,"(3, 3, 3, 1)","(70, 78, 86, 94)",0.34713800607105
1.1661930994453251,78.99159663865547,0.762712646644913,0.7442075896194419,1.7085616438356164,"(3, 3, 3, 1)","(64, 70, 76, 82)",0.2345499518513047
1.1651854132569728,77.31092436974791,0.8230068138704311,0.807961518494668,1.5383561643835617,"(3, 3, 3, 1)","(70, 76, 82, 88)",0.30683295592262116
1.1618240432095583,78.99159663865547,0.7668520648173265,0.7523565214145101,1.6900684931506849,"(3, 3, 3, 1)","(58, 68, 78, 86)",0.23450432068084884
1.154477494900073,77.31092436974791,0.8146009386709786,0.7985117273185545,1.5147260273972603,"(3, 3, 3, 1)","(64, 74, 84, 92)",0.30011595815583025
1.1653302285451452,78.99159663865547,0.8042330525721458,0.7888418654505827,1.6113013698630136,"(3, 3, 3, 2)","(64, 72, 80, 88)",0.27045617218589585
1.1536875918282707,78.15126050420169,0.8515310009582636,0.8351169851613784,1.4373287671232877,"(3, 3, 3, 2)","(70, 78, 86, 94)",0.3514234676104546
1.177957485905397,80.67226890756302,0.7797438751216457,0.7630794091454672,1.688013698630137,"(3, 3, 3, 2)","(64, 70, 76, 82)",0.2586539864827073
1.1680096505116104,78.99159663865547,0.8338930407726142,0.8102622225684525,1.5434931506849314,"(3, 3, 3, 2)","(70, 76, 82, 88)",0.3091292876458113
1.164732339585867,78.99159663865547,0.7782455337283332,0.7628505220140352,1.6955479452054794,"(3, 3, 3, 2)","(58, 68, 78, 86)",0.23683822333369373
1.1623172811269433,78.15126050420169,0.8236950071399898,0.8091287945853567,1.5280821917808218,"(3, 3, 3, 2)","(64, 74, 84, 92)",0.30737124571379676
1.1691187435494657,79.83193277310924,0.8106563188772291,0.7972352701841419,1.6215753424657535,"(3, 3, 3, 3)","(64, 72, 80, 88)",0.27208084361677115
1.162129620582087,78.99159663865547,0.8551359308786808,0.8351169851613784,1.446917808219178,"(3, 3, 3, 3)","(70, 78, 86, 94)",0.3627727908809917
1.18386202357101,80.67226890756302,0.7924562487639769,0.7752103957389407,1.6523972602739727,"(3, 3, 3, 3)","(64, 70, 76, 82)",0.2818252539776111
1.170824137572062,79.83193277310924,0.8387887549175775,0.8102622225684525,1.5486301369863014,"(3, 3, 3, 3)","(70, 76, 82, 88)",0.3113648450127473
1.1748956918343825,78.99159663865547,0.7853793429699484,0.768185231773562,1.704109589041096,"(3, 3, 3, 3)","(58, 68, 78, 86)",0.24839271408385055
1.1623172811269433,78.99159663865547,0.8285014296083043,0.8165987877013644,1.5465753424657533,"(3, 3, 3, 3)","(64, 74, 84, 92)",0.2969714667234803
