eff,win,p05,pior,cap,w,cuts,eff_por_cap
1.162129620582087,78.99159663865547,0.8551359308786808,0.8351169851613784,1.446917808219178,"(1, 1, 1, 1)","(70, 78, 86, 94)",0.3627727908809917
1.170824137572062,79.83193277310924,0.8387887549175775,0.8102622225684525,1.5486301369863014,"(1, 1, 1, 1)","(70, 76, 82, 88)",0.3113648450127473
1.1623172811269433,78.99159663865547,0.8285014296083043,0.8165987877013644,1.5465753424657533,"(1, 1, 1, 1)","(64, 74, 84, 92)",0.2969714667234803
1.1691474303709275,78.99159663865547,0.8623745208375561,0.8351169851613784,1.4972602739726026,"(1, 1, 1, 2)","(70, 78, 86, 94)",0.34015874427211323
1.1816117410027893,80.67226890756302,0.8500569877303348,0.8102622225684525,1.5873287671232876,"(1, 1, 1, 2)","(70, 76, 82, 88)",0.30921649196976375
1.1690034219938799,79.83193277310924,0.8376510769680793,0.8285056674265457,1.5952054794520547,"(1, 1, 1, 2)","(64, 74, 84, 92)",0.2839413073775197
1.1709503969275474,79.83193277310924,0.8685412030550812,0.8351169851613784,1.5424657534246575,"(1, 1, 1, 3)","(70, 78, 86, 94)",0.3151358327199738
1.175518529331735,79.83193277310924,0.8669611765376728,0.8351169851613784,1.5708904109589041,"(1, 1, 1, 4)","(70, 78, 86, 94)",0.30744697399440074
1.1533521735911658,78.15126050420169,0.8487769463330793,0.8384523911075817,1.4585616438356164,"(1, 1, 2, 1)","(70, 78, 86, 94)",0.33441997526975675
1.1663866322389307,78.15126050420169,0.829566852249916,0.8194454470256022,1.5626712328767123,"(1, 1, 2, 1)","(70, 76, 82, 88)",0.2957084395238452
1.1547263850704743,78.15126050420169,0.8203913584782722,0.8067197547502674,1.564041095890411,"(1, 1, 2, 1)","(64, 74, 84, 92)",0.27431757401687007
1.1641599976771733,78.99159663865547,0.8556978333301671,0.8472477549681887,1.4845890410958904,"(1, 1, 2, 2)","(70, 78, 86, 94)",0.33876126729141054
1.171931169245521,79.83193277310924,0.843148904334405,0.8228654496971676,1.5787671232876712,"(1, 1, 2, 2)","(70, 76, 82, 88)",0.2970645054419653
1.1657368280464047,78.99159663865547,0.8624869401782326,0.8478049281558432,1.5287671232876712,"(1, 1, 2, 3)","(70, 78, 86, 94)",0.3134401152172938
1.1859849716375381,80.67226890756302,0.8498455496702051,0.8228654496971676,1.5986301369863014,"(1, 1, 2, 3)","(70, 76, 82, 88)",0.31068427756385086
1.1718203399444125,78.99159663865547,0.8677217093900346,0.8478049281558432,1.560958904109589,"(1, 1, 2, 4)","(70, 78, 86, 94)",0.30629755350285987
1.1740918039103025,79.83193277310924,0.8671975172278372,0.8478049281558432,1.5746575342465754,"(1, 1, 2, 5)","(70, 78, 86, 94)",0.3029487886877732
1.1742514830245145,79.83193277310924,0.8670175129386413,0.8478049281558432,1.591095890410959,"(1, 1, 2, 6)","(70, 78, 86, 94)",0.29479393420138034
1.1457229750614781,78.15126050420169,0.8484933789361105,0.8332141694758917,1.4722602739726027,"(1, 1, 3, 1)","(70, 78, 86, 94)",0.30856496532234673
1.1630339989916993,78.15126050420169,0.8297134805669466,0.8138703545955148,1.5729452054794522,"(1, 1, 3, 1)","(70, 76, 82, 88)",0.2845542600452851
1.1532895028063141,78.15126050420169,0.813183874573247,0.7993501554576059,1.5924657534246576,"(1, 1, 3, 1)","(64, 74, 84, 92)",0.2587314151412932
1.159506797724478,79.83193277310924,0.8514877345999653,0.8428614899165666,1.4856164383561643,"(1, 1, 3, 2)","(70, 78, 86, 94)",0.3284625171759349
1.1687177596868223,80.67226890756302,0.8386608398661809,0.8295964059011012,1.5787671232876712,"(1, 1, 3, 2)","(70, 76, 82, 88)",0.2915123421807818
1.1630595952514475,79.83193277310924,0.8564522680042648,0.8483274644708412,1.518835616438356,"(1, 1, 3, 3)","(70, 78, 86, 94)",0.3142798799565854
1.179332075785342,81.5126050420168,0.8440812662617849,0.8332038683924241,1.5928082191780821,"(1, 1, 3, 3)","(70, 76, 82, 88)",0.30251280259572433
1.1692321578907008,79.83193277310924,0.8631002694039638,0.8508062280908689,1.5469178082191781,"(1, 1, 3, 4)","(70, 78, 86, 94)",0.3094288672766727
1.1692321578907008,79.83193277310924,0.8665408901298234,0.8508062280908689,1.5654109589041096,"(1, 1, 3, 5)","(70, 78, 86, 94)",0.2993082380622933
1.1692321578907008,80.67226890756302,0.867696354608907,0.8508062280908689,1.5777397260273973,"(1, 1, 3, 6)","(70, 78, 86, 94)",0.292921103165884
1.1440755408996783,78.15126050420169,0.8423217954728174,0.8276744419407962,1.4866438356164384,"(1, 1, 4, 1)","(70, 78, 86, 94)",0.29605952106056344
1.1643194547284967,78.15126050420169,0.8234610624057195,0.8073895942123629,1.584931506849315,"(1, 1, 4, 1)","(70, 76, 82, 88)",0.28092084766230124
1.1536945140035664,78.99159663865547,0.8518733406126379,0.8373304186945901,1.4917808219178081,"(1, 1, 4, 2)","(70, 78, 86, 94)",0.31252644908803195
1.1676338937851087,79.83193277310924,0.8376952058196776,0.8223291097102365,1.5839041095890412,"(1, 1, 4, 2)","(70, 76, 82, 88)",0.28709147791936507
1.1610160195518697,79.83193277310924,0.8530469515325283,0.8436900483571206,1.5136986301369864,"(1, 1, 4, 3)","(70, 78, 86, 94)",0.313444518060973
1.1715174467640028,81.5126050420168,0.8431126492715079,0.8301596097325613,1.5886986301369863,"(1, 1, 4, 3)","(70, 76, 82, 88)",0.2913501713501386
1.1660440204861828,79.83193277310924,0.8580716770261769,0.8504617508695775,1.5383561643835617,"(1, 1, 4, 4)","(70, 78, 86, 94)",0.3084278243127569
1.1828461080543942,81.5126050420168,0.8463300753175133,0.834165882599157,1.5996575342465753,"(1, 1, 4, 4)","(70, 76, 82, 88)",0.3049175531232616
1.1660440204861828,79.83193277310924,0.8632102374053683,0.8531750707756577,1.5541095890410959,"(1, 1, 4, 5)","(70, 78, 86, 94)",0.29965917170559575
1.1660440204861828,79.83193277310924,0.8656145080152056,0.8531750707756577,1.5681506849315068,"(1, 1, 4, 6)","(70, 78, 86, 94)",0.29225348994554184
1.1421456557433338,77.31092436974791,0.8368302625611187,0.8220379564756254,1.4976027397260274,"(1, 1, 5, 1)","(70, 78, 86, 94)",0.28566091863078785
1.1681173953312494,78.15126050420169,0.8158592712651901,0.799211800369609,1.5945205479452054,"(1, 1, 5, 1)","(70, 76, 82, 88)",0.2827781073544057
1.1500316580053436,78.99159663865547,0.8490259439804315,0.8345367348675987,1.498972602739726,"(1, 1, 5, 2)","(70, 78, 86, 94)",0.30068115399835493
1.1699030601754117,78.99159663865547,0.8309205028921789,0.8152776114499276,1.5873287671232876,"(1, 1, 5, 2)","(70, 76, 82, 88)",0.2892810120770858
1.1579103177344945,79.83193277310924,0.8554268486344853,0.8410607636067512,1.5133561643835616,"(1, 1, 5, 3)","(70, 78, 86, 94)",0.30760382107052964
1.1699030601754117,80.67226890756302,0.8406329969976064,0.8270468566166859,1.5938356164383563,"(1, 1, 5, 3)","(70, 76, 82, 88)",0.2861112662700127
1.163743681219568,79.83193277310924,0.8596915029470923,0.8459978852040938,1.533904109589041,"(1, 1, 5, 4)","(70, 78, 86, 94)",0.3066911797056695
1.179246206589032,81.5126050420168,0.8416730925912734,0.8295515839306469,1.595890410958904,"(1, 1, 5, 4)","(70, 76, 82, 88)",0.3008039788735478
1.163743681219568,79.83193277310924,0.860563664617739,0.8518665176053705,1.5462328767123288,"(1, 1, 5, 5)","(70, 78, 86, 94)",0.2997689963392719
1.163743681219568,79.83193277310924,0.8633275861736206,0.855258715964754,1.5592465753424658,"(1, 1, 5, 6)","(70, 78, 86, 94)",0.2927933552732019
1.1442116478027355,77.31092436974791,0.8316707824316054,0.8186970437637728,1.5123287671232877,"(1, 1, 6, 1)","(70, 78, 86, 94)",0.28148262806416297
1.1497533936887092,78.15126050420169,0.8473046089232489,0.8328370220612574,1.5102739726027397,"(1, 1, 6, 2)","(70, 78, 86, 94)",0.29347644937653083
1.1757195333263915,78.99159663865547,0.8283878174058729,0.8126290118569801,1.5914383561643837,"(1, 1, 6, 2)","(70, 76, 82, 88)",0.2971054066665101
1.1571231934402808,78.99159663865547,0.8515407677451299,0.8370006545560685,1.5202054794520548,"(1, 1, 6, 3)","(70, 78, 86, 94)",0.30204063518473995
1.1790664177322843,79.83193277310924,0.8367615696927582,0.8225173712979054,1.5945205479452054,"(1, 1, 6, 3)","(70, 76, 82, 88)",0.30119466577089293
1.1620984251010655,78.99159663865547,0.8563929111198207,0.8420336995231362,1.5352739726027398,"(1, 1, 6, 4)","(70, 78, 86, 94)",0.30283263038714736
1.1792358716861386,81.5126050420168,0.8405830353720033,0.8281888943564775,1.5996575342465753,"(1, 1, 6, 4)","(70, 76, 82, 88)",0.29889705615278406
1.1620984251010655,79.83193277310924,0.86006555563656,0.8465607201837383,1.5424657534246575,"(1, 1, 6, 5)","(70, 78, 86, 94)",0.29881780384792384
1.1794278371240443,81.5126050420168,0.8425390363905003,0.8299297980686559,1.598972602739726,"(1, 1, 6, 5)","(70, 76, 82, 88)",0.2995593392808516
1.1620984251010655,79.83193277310924,0.8631584954369088,0.8516799507846099,1.55,"(1, 1, 6, 6)","(70, 78, 86, 94)",0.2947244092746646
1.1415681506740427,78.15126050420169,0.8466584674777211,0.8356835377252737,1.4349315068493151,"(1, 2, 1, 1)","(70, 78, 86, 94)",0.3254952755655155
1.1578113748677843,78.15126050420169,0.827902862375939,0.8132123003361861,1.542123287671233,"(1, 2, 1, 1)","(70, 76, 82, 88)",0.29109868263672145
1.1452684406464462,76.47058823529412,0.8184252579894727,0.8050774659509204,1.5356164383561643,"(1, 2, 1, 1)","(64, 74, 84, 92)",0.2712172932785312
1.1497401772493299,78.15126050420169,0.8559207516069741,0.840346294802112,1.4616438356164383,"(1, 2, 1, 2)","(70, 78, 86, 94)",0.32436299522851875
1.1694553589304915,79.83193277310924,0.8425076224952499,0.8132123003361861,1.5636986301369864,"(1, 2, 1, 2)","(70, 76, 82, 88)",0.30061339494352063
1.1609113186237516,78.99159663865547,0.8281899501365761,0.8203293270482623,1.5681506849315068,"(1, 2, 1, 2)","(64, 74, 84, 92)",0.28321943965120844
1.161995823787301,78.99159663865547,0.8610478039080304,0.840346294802112,1.4996575342465754,"(1, 2, 1, 3)","(70, 78, 86, 94)",0.32421371176073926
1.1725683782450989,79.83193277310924,0.8493638747615835,0.8132123003361861,1.588013698630137,"(1, 2, 1, 3)","(70, 76, 82, 88)",0.2934767993451885
1.1705165371684665,78.99159663865547,0.8332040555424892,0.824686780366071,1.5883561643835618,"(1, 2, 1, 3)","(64, 74, 84, 92)",0.2898185614271956
1.161995823787301,79.83193277310924,0.8681666809797911,0.840346294802112,1.5297945205479453,"(1, 2, 1, 4)","(70, 78, 86, 94)",0.30577104425269463
1.1637444463862379,79.83193277310924,0.8682960703310378,0.840346294802112,1.5452054794520549,"(1, 2, 1, 5)","(70, 78, 86, 94)",0.3003352911104362
1.1676765183502342,79.83193277310924,0.8669573983148817,0.840346294802112,1.5674657534246574,"(1, 2, 1, 6)","(70, 78, 86, 94)",0.2954830619086808
1.139007112969295,77.31092436974791,0.8431196781412756,0.8317958471397553,1.4537671232876712,"(1, 2, 2, 1)","(70, 78, 86, 94)",0.3063402036757292
1.1557652891802253,78.15126050420169,0.8212321538890063,0.809762307003182,1.5626712328767123,"(1, 2, 2, 1)","(70, 76, 82, 88)",0.27683179817788056
1.1404001309972214,77.31092436974791,0.8114321313264674,0.7979518050973616,1.5554794520547945,"(1, 2, 2, 1)","(64, 74, 84, 92)",0.2527548597483886
1.1484990037097282,78.99159663865547,0.8497149561044555,0.8406084887207934,1.4616438356164383,"(1, 2, 2, 2)","(70, 78, 86, 94)",0.32167439972730455
1.1683306328757241,79.83193277310924,0.8348018861220564,0.825071096906677,1.5643835616438355,"(1, 2, 2, 2)","(70, 76, 82, 88)",0.2982557330079579
1.1481388079745918,78.99159663865547,0.8251912681094962,0.813567084208422,1.5773972602739725,"(1, 2, 2, 2)","(64, 74, 84, 92)",0.25656306007461926
1.1575235028548416,78.99159663865547,0.855818401571463,0.8476948899203695,1.4886986301369862,"(1, 2, 2, 3)","(70, 78, 86, 94)",0.3223326057015681
1.171139941468937,80.67226890756302,0.8445910810954612,0.828852661446816,1.5784246575342467,"(1, 2, 2, 3)","(70, 76, 82, 88)",0.2958724861393108
1.158264441918003,79.83193277310924,0.8329074193562391,0.8216269224256774,1.6,"(1, 2, 2, 3)","(64, 74, 84, 92)",0.26377406986333835
1.1616189265071157,79.83193277310924,0.8628350987143938,0.8487367627159322,1.5167808219178083,"(1, 2, 2, 4)","(70, 78, 86, 94)",0.3127417265744055
1.173549519033484,80.67226890756302,0.8480457898114453,0.828852661446816,1.5972602739726027,"(1, 2, 2, 4)","(70, 76, 82, 88)",0.29057602957441114
1.1616189265071157,79.83193277310924,0.8670200702378369,0.8487367627159322,1.5393835616438356,"(1, 2, 2, 5)","(70, 78, 86, 94)",0.29963635898462093
1.1670140310022432,80.67226890756302,0.8681196150545871,0.8487367627159322,1.5571917808219178,"(1, 2, 2, 6)","(70, 78, 86, 94)",0.299742452689951
1.1365784829814332,77.31092436974791,0.8392607138900239,0.8271121821182382,1.4736301369863014,"(1, 2, 3, 1)","(70, 78, 86, 94)",0.28836527137077717
1.159660730765177,78.15126050420169,0.8164433560980222,0.8048405243234443,1.5808219178082192,"(1, 2, 3, 1)","(70, 76, 82, 88)",0.2748875789117433
1.1398382688650937,77.31092436974791,0.8066990654557443,0.7926067884003319,1.5763698630136986,"(1, 2, 3, 1)","(64, 74, 84, 92)",0.2426189810374768
1.1456402651468114,78.99159663865547,0.8489904705757969,0.8367598600371681,1.4678082191780821,"(1, 2, 3, 2)","(70, 78, 86, 94)",0.3113247249111928
1.1637521085967824,78.99159663865547,0.8319169171218236,0.817802297380778,1.5698630136986302,"(1, 2, 3, 2)","(70, 76, 82, 88)",0.2873534597972382
1.1448390962751485,78.99159663865547,0.8189070182639007,0.8068578274603639,1.584931506849315,"(1, 2, 3, 2)","(64, 74, 84, 92)",0.24761719035329832
1.1560920487961355,78.99159663865547,0.8536840356074266,0.8456253946560011,1.4880136986301369,"(1, 2, 3, 3)","(70, 78, 86, 94)",0.3198517771822566
1.1714911607242922,80.67226890756302,0.8429254643986918,0.8285783061585805,1.5804794520547945,"(1, 2, 3, 3)","(70, 76, 82, 88)",0.2954302001858013
1.1588120346135649,79.83193277310924,0.8566466482255226,0.8488360236089646,1.5071917808219177,"(1, 2, 3, 4)","(70, 78, 86, 94)",0.313120284315739
1.1718343257119461,80.67226890756302,0.8452227886059187,0.8317355136043767,1.591095890410959,"(1, 2, 3, 4)","(70, 76, 82, 88)",0.2907046530005114
1.1603526176771504,79.83193277310924,0.8631316594586667,0.8529809620790961,1.5222602739726028,"(1, 2, 3, 5)","(70, 78, 86, 94)",0.30703583188018296
1.16504325170607,79.83193277310924,0.8661143422809933,0.8529809620790961,1.5517123287671233,"(1, 2, 3, 6)","(70, 78, 86, 94)",0.29914729669877377
1.1342466582458048,77.31092436974791,0.8350661895061187,0.8225874591024465,1.486986301369863,"(1, 2, 4, 1)","(70, 78, 86, 94)",0.27566824337394524
1.1630388019604099,78.15126050420169,0.8094199546181424,0.7971183413970597,1.5921232876712328,"(1, 2, 4, 1)","(70, 76, 82, 88)",0.2753460391696917
1.1526868837737696,77.31092436974791,0.8028119211297436,0.7884765581000645,1.5904109589041096,"(1, 2, 4, 1)","(64, 74, 84, 92)",0.2586111952548766
1.1441978397145904,78.15126050420169,0.8467996425295999,0.8339564995008169,1.478082191780822,"(1, 2, 4, 2)","(70, 78, 86, 94)",0.3016172578557335
1.16875470894547,78.99159663865547,0.8282384535760566,0.8147766095779881,1.5780821917808219,"(1, 2, 4, 2)","(70, 76, 82, 88)",0.2919216529151495
1.153101677898247,78.15126050420169,0.8156578070496402,0.8032446763941152,1.5904109589041096,"(1, 2, 4, 2)","(64, 74, 84, 92)",0.2593137467882142
1.152361510806532,78.99159663865547,0.8546335038148459,0.8411352251870614,1.4945205479452055,"(1, 2, 4, 3)","(70, 78, 86, 94)",0.30809945398550775
1.16875470894547,79.83193277310924,0.8396642251212346,0.8246829189932511,1.584931506849315,"(1, 2, 4, 3)","(70, 76, 82, 88)",0.2885033665812484
1.1562462459248384,79.83193277310924,0.8552555704270132,0.8455176634295565,1.503082191780822,"(1, 2, 4, 4)","(70, 78, 86, 94)",0.31057797011608446
1.1721434444940446,80.67226890756302,0.8429134990469749,0.8296903828059935,1.5873287671232876,"(1, 2, 4, 4)","(70, 76, 82, 88)",0.2930955439781984
1.158188953350576,79.83193277310924,0.8581560544982939,0.8504932725126532,1.5174657534246576,"(1, 2, 4, 5)","(70, 78, 86, 94)",0.3056993671632574
1.1721434444940446,81.5126050420168,0.847102988182731,0.8328876400433017,1.597945205479452,"(1, 2, 4, 5)","(70, 76, 82, 88)",0.28789167120424414
1.1643747303366256,79.83193277310924,0.8630580291000682,0.8548740267274529,1.5383561643835617,"(1, 2, 4, 6)","(70, 78, 86, 94)",0.3053271072410603
1.143290295070236,77.31092436974791,0.8309572965251403,0.817770530249827,1.4955479452054794,"(1, 2, 5, 1)","(70, 78, 86, 94)",0.2891552602661292
1.143324319828294,77.31092436974791,0.844715838213412,0.8309089208569101,1.4873287671232878,"(1, 2, 5, 2)","(70, 78, 86, 94)",0.29410190716698426
1.1719952237784343,78.99159663865547,0.827165813005477,0.8122093008674068,1.5832191780821918,"(1, 2, 5, 2)","(70, 76, 82, 88)",0.29490666672520743
1.1499408713183485,78.99159663865547,0.8501574584055618,0.8362667544073795,1.4965753424657535,"(1, 2, 5, 3)","(70, 78, 86, 94)",0.30194989258591565
1.1720380633616037,78.99159663865547,0.8355861976028026,0.8202976723931915,1.5856164383561644,"(1, 2, 5, 3)","(70, 76, 82, 88)",0.2937725994244928
1.155361196304412,79.83193277310924,0.8568966376835994,0.8429232605874328,1.5047945205479452,"(1, 2, 5, 4)","(70, 78, 86, 94)",0.3077711622855379
1.1720380633616037,80.67226890756302,0.8406368848703011,0.8273406104554607,1.591095890410959,"(1, 2, 5, 4)","(70, 76, 82, 88)",0.2910493308319135
1.1571253860807849,79.83193277310924,0.8593267842075951,0.845858538947111,1.510958904109589,"(1, 2, 5, 5)","(70, 78, 86, 94)",0.30751080921976665
1.1737259836042055,81.5126050420168,0.8432608978633008,0.8292806306673098,1.5934931506849315,"(1, 2, 5, 5)","(70, 76, 82, 88)",0.2927177565633469
1.1626917034809012,79.83193277310924,0.8637464418251712,0.8514089411543229,1.5315068493150685,"(1, 2, 5, 6)","(70, 78, 86, 94)",0.30609521531200484
1.1397248441500036,77.31092436974791,0.8280752669254935,0.8150609383703185,1.5085616438356164,"(1, 2, 6, 1)","(70, 78, 86, 94)",0.27474514809293643
1.1522647693036472,77.31092436974791,0.8414825724704087,0.8271389805278628,1.4976027397260274,"(1, 2, 6, 2)","(70, 78, 86, 94)",0.30599664581324826
1.1711126178525693,78.15126050420169,0.823561690547438,0.8075931629808838,1.591095890410959,"(1, 2, 6, 2)","(70, 76, 82, 88)",0.28948368721292134
1.1549437301165102,78.15126050420169,0.8482335812416036,0.8339205984834378,1.5006849315068493,"(1, 2, 6, 3)","(70, 78, 86, 94)",0.30946353757880285
1.172948618638158,78.99159663865547,0.8300793498702853,0.8145161084359478,1.5866438356164383,"(1, 2, 6, 3)","(70, 76, 82, 88)",0.29481025477140754
1.155436128316833,79.83193277310924,0.8540329687058358,0.8399063090667576,1.5068493150684932,"(1, 2, 6, 4)","(70, 78, 86, 94)",0.30667128019267065
1.1784777288201043,79.83193277310924,0.8384627082178576,0.824289500218633,1.5938356164383563,"(1, 2, 6, 4)","(70, 76, 82, 88)",0.30055073134642696
1.1564191866468398,79.83193277310924,0.8572042010886566,0.8433868767563721,1.5171232876712328,"(1, 2, 6, 5)","(70, 78, 86, 94)",0.3024794867607764
1.1784777288201043,80.67226890756302,0.8414286295378727,0.8270616842465212,1.595890410958904,"(1, 2, 6, 5)","(70, 76, 82, 88)",0.299514349514198
1.1616235628780585,79.83193277310924,0.8609921011959765,0.847892823277771,1.5263698630136986,"(1, 2, 6, 6)","(70, 78, 86, 94)",0.3070532229043141
1.1820485396966214,81.5126050420168,0.8438891145129256,0.8291481939620975,1.597945205479452,"(1, 2, 6, 6)","(70, 76, 82, 88)",0.3044568934216119
1.13022082742311,75.63025210084034,0.8378658795039708,0.8277403708742028,1.4277397260273972,"(1, 3, 1, 1)","(70, 78, 86, 94)",0.3044394043838922
1.149278883606532,77.31092436974791,0.812781613836328,0.8004676370385798,1.5356164383561643,"(1, 3, 1, 1)","(70, 76, 82, 88)",0.2787048210556735
1.135647148446341,76.47058823529412,0.8108252957918449,0.7973227845224964,1.533904109589041,"(1, 3, 1, 1)","(64, 74, 84, 92)",0.25406649997646946
1.1444934097503878,78.15126050420169,0.8475764647507467,0.838123947832851,1.4455479452054794,"(1, 3, 1, 2)","(70, 78, 86, 94)",0.32430496269879516
1.155557540901784,77.31092436974791,0.8322542535599605,0.8175381470264372,1.545890410958904,"(1, 3, 1, 2)","(70, 76, 82, 88)",0.28496111633200083
1.144395529812594,77.31092436974791,0.823444206809453,0.8121280736728016,1.5633561643835616,"(1, 3, 1, 2)","(64, 74, 84, 92)",0.2563130377220515
1.1495284876150471,78.15126050420169,0.8560826591745087,0.838123947832851,1.4657534246575343,"(1, 3, 1, 3)","(70, 78, 86, 94)",0.3210464587028952
1.1685743920111158,79.83193277310924,0.8440674422234273,0.8175381470264372,1.5667808219178083,"(1, 3, 1, 3)","(70, 76, 82, 88)",0.2974243049380411
1.1503330793142814,78.15126050420169,0.8295612261577606,0.8202544434963358,1.584931506849315,"(1, 3, 1, 3)","(64, 74, 84, 92)",0.25700971405017664
1.1511110243823555,78.15126050420169,0.8611100216218751,0.838123947832851,1.5047945205479452,"(1, 3, 1, 4)","(70, 78, 86, 94)",0.2993515544073799
1.1714680813706555,79.83193277310924,0.848068058765996,0.8175381470264372,1.5883561643835618,"(1, 3, 1, 4)","(70, 76, 82, 88)",0.2914358542504738
1.1548073085991999,78.99159663865547,0.832331420628772,0.8221537530590156,1.595890410958904,"(1, 3, 1, 4)","(64, 74, 84, 92)",0.25979157535038144
1.1548289381634103,78.15126050420169,0.8675285496236043,0.838123947832851,1.5273972602739727,"(1, 3, 1, 5)","(70, 78, 86, 94)",0.29357175288127135
1.1581249791734607,78.99159663865547,0.8686138126801893,0.838123947832851,1.5414383561643836,"(1, 3, 1, 6)","(70, 78, 86, 94)",0.29204613484282427
1.1338578310433038,77.31092436974791,0.8368852439392976,0.8244844750215571,1.4554794520547945,"(1, 3, 2, 1)","(70, 78, 86, 94)",0.29388335838078744
1.1452651601359287,77.31092436974791,0.8101762042029379,0.7977789381365318,1.5582191780821917,"(1, 3, 2, 1)","(70, 76, 82, 88)",0.26022961202264533
1.1355223501923521,77.31092436974791,0.8057387182378417,0.7922650536616097,1.5561643835616439,"(1, 3, 2, 1)","(64, 74, 84, 92)",0.24367319123255432
1.1428274348633805,78.99159663865547,0.8473388172270437,0.8352552474617003,1.4554794520547945,"(1, 3, 2, 2)","(70, 78, 86, 94)",0.3135760224068203
1.158630464506511,78.15126050420169,0.8313311339487304,0.8161792424841995,1.5599315068493151,"(1, 3, 2, 2)","(70, 76, 82, 88)",0.2833033372226375
1.1401940384075742,78.15126050420169,0.8182919891645976,0.8062666263717225,1.569178082191781,"(1, 3, 2, 2)","(64, 74, 84, 92)",0.2463096222323204
1.1495215762426856,78.99159663865547,0.8527095656589615,0.8439881037396447,1.4722602739726027,"(1, 3, 2, 3)","(70, 78, 86, 94)",0.3166084137988701
1.1668119080537638,80.67226890756302,0.8394063818215861,0.8258313727668605,1.5726027397260274,"(1, 3, 2, 3)","(70, 76, 82, 88)",0.29132223176853483
1.147496757799441,78.99159663865547,0.827157426029144,0.8155166134162737,1.5917808219178082,"(1, 3, 2, 3)","(64, 74, 84, 92)",0.24924220646664805
1.1528949564309563,78.99159663865547,0.8563821375699674,0.8475593971580062,1.4945205479452055,"(1, 3, 2, 4)","(70, 78, 86, 94)",0.30917816674403903
1.170441721248453,80.67226890756302,0.844492613319749,0.8307486233626473,1.5797945205479451,"(1, 3, 2, 4)","(70, 76, 82, 88)",0.2939691825431086
1.1559243848792116,78.99159663865547,0.862124733964416,0.8475593971580062,1.5126712328767122,"(1, 3, 2, 5)","(70, 78, 86, 94)",0.3041410847343339
1.1724912758539252,80.67226890756302,0.8469873188734354,0.8338238942357897,1.593150684931507,"(1, 3, 2, 5)","(70, 76, 82, 88)",0.290805153287218
1.160038480625894,79.83193277310924,0.8676955034878954,0.8475593971580062,1.5342465753424657,"(1, 3, 2, 6)","(70, 78, 86, 94)",0.29955920732539154
1.133393959833233,77.31092436974791,0.8322128223653621,0.8202383366395727,1.4664383561643837,"(1, 3, 3, 1)","(70, 78, 86, 94)",0.28598411359254056
1.1522834415393768,77.31092436974791,0.8063975159296293,0.7935143256361661,1.5784246575342467,"(1, 3, 3, 1)","(70, 76, 82, 88)",0.26327273492894027
1.138582754479747,77.31092436974791,0.8021383649102076,0.7883210265504572,1.5729452054794522,"(1, 3, 3, 1)","(64, 74, 84, 92)",0.24187785001844678
1.141352318316213,78.15126050420169,0.8445522863012725,0.8320153051994174,1.4657534246575343,"(1, 3, 3, 2)","(70, 78, 86, 94)",0.30349174226716336
1.1601057283919927,78.15126050420169,0.8288020859304726,0.8135203233739493,1.5712328767123287,"(1, 3, 3, 2)","(70, 76, 82, 88)",0.2802810113337042
1.1408879887542451,77.31092436974791,0.8136063948163136,0.801354028052017,1.5808219178082192,"(1, 3, 3, 2)","(64, 74, 84, 92)",0.24256658441178994
1.1478643202306553,78.99159663865547,0.8520280001741136,0.8386528778459194,1.475,"(1, 3, 3, 3)","(70, 78, 86, 94)",0.311293305748748
1.1649488564309887,78.99159663865547,0.8373793503721411,0.8222265845421513,1.571917808219178,"(1, 3, 3, 3)","(70, 76, 82, 88)",0.2884135693284353
1.1447724194965159,78.15126050420169,0.8235167929944487,0.8117652532860001,1.5962328767123288,"(1, 3, 3, 3)","(64, 74, 84, 92)",0.24281186957485715
1.1523420418983872,78.99159663865547,0.8542441691540021,0.8457690322317382,1.4924657534246575,"(1, 3, 3, 4)","(70, 78, 86, 94)",0.3093454536462383
1.168682690754717,80.67226890756302,0.8432138354648383,0.8286758146773763,1.582191780821918,"(1, 3, 3, 4)","(70, 76, 82, 88)",0.2897373276492785
1.1523420418983872,78.99159663865547,0.856307223272934,0.8486219599375088,1.5044520547945206,"(1, 3, 3, 5)","(70, 78, 86, 94)",0.30199508645165685
1.1710717014611083,80.67226890756302,0.8451030633190783,0.8309593372767413,1.5866438356164383,"(1, 3, 3, 5)","(70, 76, 82, 88)",0.29161083961846834
1.1590643522803585,79.83193277310924,0.8629478146578271,0.85425180237043,1.5198630136986302,"(1, 3, 3, 6)","(70, 78, 86, 94)",0.30597358936669755
1.1728967449410632,80.67226890756302,0.8475167807877358,0.8355916348385243,1.5996575342465753,"(1, 3, 3, 6)","(70, 76, 82, 88)",0.28832581109531963
1.1329013943901975,77.31092436974791,0.8274203832675084,0.8150921108096733,1.4767123287671233,"(1, 3, 4, 1)","(70, 78, 86, 94)",0.2787874077725408
1.1606174101217102,77.31092436974791,0.8025338359349105,0.7894382428472462,1.5955479452054795,"(1, 3, 4, 1)","(70, 76, 82, 88)",0.26969685885876576
1.143462906984943,77.31092436974791,0.7992389982064686,0.7848723333498384,1.5866438356164383,"(1, 3, 4, 1)","(64, 74, 84, 92)",0.24454856298659272
1.139928367235544,77.31092436974791,0.8434085633658492,0.8308233344480428,1.479109589041096,"(1, 3, 4, 2)","(70, 78, 86, 94)",0.2920592082400204
1.1617245229847937,77.31092436974791,0.8231955758779712,0.8087800553132573,1.5811643835616438,"(1, 3, 4, 2)","(70, 76, 82, 88)",0.2782767278229803
1.1540092105402702,77.31092436974791,0.809901434164928,0.7973916122923228,1.590068493150685,"(1, 3, 4, 2)","(64, 74, 84, 92)",0.26100226046290703
1.1458650084957307,78.99159663865547,0.8487012629243018,0.8353668136834721,1.479109589041096,"(1, 3, 4, 3)","(70, 78, 86, 94)",0.3044501964314036
1.1640305830715238,78.99159663865547,0.8313731443636484,0.8156444690546439,1.5767123287671232,"(1, 3, 4, 3)","(70, 76, 82, 88)",0.2844235763472979
1.1540092105402702,78.15126050420169,0.8195584896374078,0.8076039711008319,1.5962328767123288,"(1, 3, 4, 3)","(64, 74, 84, 92)",0.2583037879250941
1.1515743511928853,78.99159663865547,0.856530713882284,0.842784288406442,1.4924657534246575,"(1, 3, 4, 4)","(70, 78, 86, 94)",0.3077865823944542
1.1695714488484743,80.67226890756302,0.8400853284884657,0.8251279990959324,1.584931506849315,"(1, 3, 4, 4)","(70, 76, 82, 88)",0.2898996666496165
1.153734124528525,78.99159663865547,0.8574852785947827,0.846058008172994,1.5034246575342465,"(1, 3, 4, 5)","(70, 78, 86, 94)",0.30537662831516554
1.1695714488484743,80.67226890756302,0.8429903085549489,0.8287258777795056,1.586986301369863,"(1, 3, 4, 5)","(70, 76, 82, 88)",0.2888848486800145
1.1574992391967591,79.83193277310924,0.8587001746753091,0.8503803128413299,1.5147260273972603,"(1, 3, 4, 6)","(70, 78, 86, 94)",0.3059865458779352
1.171421871856223,80.67226890756302,0.8467159662290799,0.8326965499199498,1.595890410958904,"(1, 3, 4, 6)","(70, 76, 82, 88)",0.28767348610354676
1.137063825638661,77.31092436974791,0.8247692679916943,0.812375446410794,1.4910958904109588,"(1, 3, 5, 1)","(70, 78, 86, 94)",0.2790978876324198
1.1502079634149502,77.31092436974791,0.8422652214230129,0.828393150679068,1.4880136986301369,"(1, 3, 5, 2)","(70, 78, 86, 94)",0.3077945636292314
1.1642380327789161,78.15126050420169,0.8201182363415549,0.8054622151332632,1.5890410958904109,"(1, 3, 5, 2)","(70, 76, 82, 88)",0.27882270681071814
1.1507881658727437,78.99159663865547,0.8480861311190411,0.8341866695371224,1.4842465753424658,"(1, 3, 5, 3)","(70, 78, 86, 94)",0.31138716007667006
1.171045229027975,78.99159663865547,0.8302951332775929,0.8146503720253244,1.579109589041096,"(1, 3, 5, 3)","(70, 76, 82, 88)",0.2953589998590696
1.1599955828079962,77.31092436974791,0.8160094366971516,0.8038419714635997,1.5982876712328766,"(1, 3, 5, 3)","(64, 74, 84, 92)",0.2674224967368912
1.150973378983847,78.99159663865547,0.8532105378056107,0.839285704160011,1.4976027397260274,"(1, 3, 5, 4)","(70, 78, 86, 94)",0.3034014223212892
1.1776637832804697,79.83193277310924,0.8371298813758953,0.8220113050709457,1.5890410958904109,"(1, 3, 5, 4)","(70, 76, 82, 88)",0.3016152599877742
1.1523899508173236,78.99159663865547,0.8573898333929405,0.8436821165216236,1.5068493150684932,"(1, 3, 5, 5)","(70, 78, 86, 94)",0.30066125431526014
1.1776637832804697,79.83193277310924,0.8411673618336267,0.8266570658909703,1.5883561643835618,"(1, 3, 5, 5)","(70, 76, 82, 88)",0.30196638368973894
1.1561595619417817,78.99159663865547,0.860109818617373,0.8468571180654255,1.5102739726027397,"(1, 3, 5, 6)","(70, 78, 86, 94)",0.3060308193758407
1.1786579379738178,80.67226890756302,0.8432241984720531,0.8290930041056956,1.5941780821917808,"(1, 3, 5, 6)","(70, 76, 82, 88)",0.3006807947455608
1.1409821294692566,76.47058823529412,0.8221583595998655,0.8093918979877833,1.5054794520547945,"(1, 3, 6, 1)","(70, 78, 86, 94)",0.2789077358063884
1.1474963094203245,77.31092436974791,0.8403985252280699,0.8262580552126157,1.4962328767123287,"(1, 3, 6, 2)","(70, 78, 86, 94)",0.2972320383073483
1.163255548427487,78.15126050420169,0.8172368595247747,0.8029006139738297,1.5969178082191782,"(1, 3, 6, 2)","(70, 76, 82, 88)",0.27349753379705205
1.1512517592058833,77.31092436974791,0.8457044451582943,0.8313909955580037,1.492123287671233,"(1, 3, 6, 3)","(70, 78, 86, 94)",0.30734525878996466
1.1736347534865152,78.99159663865547,0.8273971538440323,0.8116978956982996,1.5839041095890412,"(1, 3, 6, 3)","(70, 76, 82, 88)",0.2973686100766126
1.1512517592058833,78.99159663865547,0.8495363164956792,0.8352677052559899,1.5013698630136987,"(1, 3, 6, 4)","(70, 78, 86, 94)",0.3016770060663792
1.1767489448560426,79.83193277310924,0.8333784512092116,0.8179245524872408,1.5873287671232876,"(1, 3, 6, 4)","(70, 76, 82, 88)",0.30093697899687727
1.155183997272065,78.99159663865547,0.8559119255143129,0.8421792125108367,1.5068493150684932,"(1, 3, 6, 5)","(70, 78, 86, 94)",0.3061738324556958
1.1809655017566032,79.83193277310924,0.8385595658960211,0.8238137149204816,1.5921232876712328,"(1, 3, 6, 5)","(70, 76, 82, 88)",0.30562132164793604
1.1582774226524981,78.99159663865547,0.8586612248701686,0.8452015000919125,1.5123287671232877,"(1, 3, 6, 6)","(70, 78, 86, 94)",0.3089372153377637
1.1809655017566032,79.83193277310924,0.8418227062235397,0.8273452329688574,1.5948630136986301,"(1, 3, 6, 6)","(70, 76, 82, 88)",0.3042137392799547
1.125545922192166,75.63025210084034,0.8299332109704344,0.8197125754056472,1.4301369863013698,"(1, 4, 1, 1)","(70, 78, 86, 94)",0.29187427770790186
1.1436341770460448,75.63025210084034,0.8054757057706766,0.7944573017987347,1.5417808219178082,"(1, 4, 1, 1)","(70, 76, 82, 88)",0.26511491591305353
1.130283200840773,75.63025210084034,0.8020800889845009,0.7882489941888448,1.5328767123287672,"(1, 4, 1, 1)","(64, 74, 84, 92)",0.2444903254852553
1.1408573421404822,77.31092436974791,0.840997242757308,0.8333079054470666,1.435958904109589,"(1, 4, 1, 2)","(70, 78, 86, 94)",0.32309775259246504
1.1495476256925472,77.31092436974791,0.8255914860490456,0.8137576816403094,1.536986301369863,"(1, 4, 1, 2)","(70, 76, 82, 88)",0.27849430294785577
1.1370370734083977,77.31092436974791,0.816624526146374,0.8048925669367015,1.5527397260273972,"(1, 4, 1, 2)","(64, 74, 84, 92)",0.24792332983427584
1.143888916730773,78.15126050420169,0.8497612814187442,0.8369746233275269,1.4568493150684931,"(1, 4, 1, 3)","(70, 78, 86, 94)",0.31495924801638486
1.1518746970469331,78.15126050420169,0.8362435705020301,0.8223686321845314,1.5520547945205478,"(1, 4, 1, 3)","(70, 76, 82, 88)",0.2751080120204993
1.145505991493259,78.15126050420169,0.8239799763618233,0.8131920260577001,1.5808219178082192,"(1, 4, 1, 3)","(64, 74, 84, 92)",0.2505173910143375
1.149071147205968,78.15126050420169,0.8559093979076623,0.8369746233275269,1.4732876712328766,"(1, 4, 1, 4)","(70, 78, 86, 94)",0.314969428249947
1.160908990508212,78.99159663865547,0.8436005944546261,0.8233710751180952,1.5695205479452055,"(1, 4, 1, 4)","(70, 76, 82, 88)",0.28253412644857423
1.149039833652715,78.15126050420169,0.8296236786019705,0.819181937699829,1.5924657534246576,"(1, 4, 1, 4)","(64, 74, 84, 92)",0.2515585631594958
1.1503926078968407,78.15126050420169,0.8613933297067008,0.8369746233275269,1.50513698630137,"(1, 4, 1, 5)","(70, 78, 86, 94)",0.2977263830906948
1.166294771319175,78.99159663865547,0.8474518685971351,0.8233710751180952,1.5921232876712328,"(1, 4, 1, 5)","(70, 76, 82, 88)",0.28084484225100687
1.151156574406722,78.99159663865547,0.8669123053226925,0.8369746233275269,1.5263698630136986,"(1, 4, 1, 6)","(70, 78, 86, 94)",0.2871679878123802
1.127867698184235,76.47058823529412,0.8297822157687142,0.8170242709235537,1.4452054794520548,"(1, 4, 2, 1)","(70, 78, 86, 94)",0.28721052207535874
1.1435135999343393,76.47058823529412,0.8044159797470065,0.7915621950882034,1.5582191780821917,"(1, 4, 2, 1)","(70, 76, 82, 88)",0.2570918477351355
1.1351996501404849,76.47058823529412,0.7988011808118514,0.7849586203477652,1.5506849315068494,"(1, 4, 2, 1)","(64, 74, 84, 92)",0.24551180249391524
1.139826685033003,76.47058823529412,0.8417976607381515,0.8308175287767161,1.4506849315068493,"(1, 4, 2, 2)","(70, 78, 86, 94)",0.31025373882702795
1.1533970808589982,78.15126050420169,0.8205972407803206,0.8087259951652489,1.5527397260273972,"(1, 4, 2, 2)","(70, 76, 82, 88)",0.27752136066188027
1.1383976696360798,77.31092436974791,0.8119513104120343,0.7995504777568055,1.5643835616438355,"(1, 4, 2, 2)","(64, 74, 84, 92)",0.24521917192800552
1.144342241478617,78.99159663865547,0.8472740955071452,0.8390973771037448,1.4595890410958905,"(1, 4, 2, 3)","(70, 78, 86, 94)",0.3140680664065289
1.153720596004545,78.99159663865547,0.8314837331894699,0.8173799129431065,1.5599315068493151,"(1, 4, 2, 3)","(70, 76, 82, 88)",0.2745346424056704
1.142771074391833,78.15126050420169,0.8235206975823,0.8118008220472873,1.5825342465753425,"(1, 4, 2, 3)","(64, 74, 84, 92)",0.2450861476920353
1.1483825163271666,78.99159663865547,0.8536782846867139,0.8457415646078981,1.476027397260274,"(1, 4, 2, 4)","(70, 78, 86, 94)",0.311710034298796
1.1612232866824832,79.83193277310924,0.8411906150348871,0.8267982222902228,1.5767123287671232,"(1, 4, 2, 4)","(70, 76, 82, 88)",0.27955581776297567
1.14631984503183,78.99159663865547,0.8285009827386655,0.8174773048402985,1.5972602739726027,"(1, 4, 2, 4)","(64, 74, 84, 92)",0.24498506163586203
1.1496513150597898,78.99159663865547,0.8570605949427562,0.8473227363475611,1.4965753424657535,"(1, 4, 2, 5)","(70, 78, 86, 94)",0.30136678618936974
1.1678471346840302,79.83193277310924,0.8446511883094313,0.8311474992873152,1.5804794520547945,"(1, 4, 2, 5)","(70, 76, 82, 88)",0.2891525860043471
1.1504451756487724,78.99159663865547,0.8618066994197268,0.8473227363475611,1.510958904109589,"(1, 4, 2, 6)","(70, 78, 86, 94)",0.2944369389372757
1.1678471346840302,80.67226890756302,0.8473239729271114,0.8351870164050181,1.5917808219178082,"(1, 4, 2, 6)","(70, 76, 82, 88)",0.2836305748132918
1.1291473559892276,76.47058823529412,0.8271256129416357,0.8143227785805282,1.461986301369863,"(1, 4, 3, 1)","(70, 78, 86, 94)",0.2795480203769788
1.1514086271795887,77.31092436974791,0.8003151320500621,0.787120776245099,1.5729452054794522,"(1, 4, 3, 1)","(70, 76, 82, 88)",0.26426371271034005
1.1365352901471568,76.47058823529412,0.7967399885173402,0.782967751536108,1.5743150684931506,"(1, 4, 3, 1)","(64, 74, 84, 92)",0.23773586596881213
1.1394200366332468,77.31092436974791,0.8398966828678434,0.8288764530720281,1.4657534246575343,"(1, 4, 3, 2)","(70, 78, 86, 94)",0.2993430198302062
1.1532094316314518,78.15126050420169,0.8193705455181393,0.8052625187828473,1.5681506849315068,"(1, 4, 3, 2)","(70, 76, 82, 88)",0.26966337574673865
1.1365352901471568,77.31092436974791,0.8085896423674199,0.7960540176963438,1.5773972602739725,"(1, 4, 3, 2)","(64, 74, 84, 92)",0.2364668133034982
1.1434116755596224,78.99159663865547,0.8479797277137114,0.8364680753379524,1.466095890410959,"(1, 4, 3, 3)","(70, 78, 86, 94)",0.30768706291998343
1.1618350502859176,78.15126050420169,0.8307271033585167,0.8153526223057782,1.5684931506849316,"(1, 4, 3, 3)","(70, 76, 82, 88)",0.28467370291257793
1.1405924659950122,78.15126050420169,0.8190892882164432,0.8071472265715953,1.5866438356164383,"(1, 4, 3, 3)","(64, 74, 84, 92)",0.23965557542640725
1.1471323278648662,78.99159663865547,0.8539646596499846,0.8421272757705996,1.4832191780821917,"(1, 4, 3, 4)","(70, 78, 86, 94)",0.30448362676499596
1.1649739975400915,78.99159663865547,0.8378682212997032,0.8228090365555064,1.579109589041096,"(1, 4, 3, 4)","(70, 76, 82, 88)",0.28487526482381254
1.149109386807652,78.99159663865547,0.8558017652512535,0.8465377202999889,1.4965753424657535,"(1, 4, 3, 5)","(70, 78, 86, 94)",0.300275454812651
1.168532971900291,80.67226890756302,0.842936698405201,0.8283376415463141,1.5825342465753425,"(1, 4, 3, 5)","(70, 76, 82, 88)",0.2893099811574661
1.1493914979583832,78.99159663865547,0.8573573889886855,0.849272334333944,1.50513698630137,"(1, 4, 3, 6)","(70, 78, 86, 94)",0.2957445247718502
1.1702642609498806,80.67226890756302,0.8453088362495923,0.8312187000620543,1.5873287671232876,"(1, 4, 3, 6)","(70, 76, 82, 88)",0.2898960011508171
1.131628888081179,76.47058823529412,0.823914252021159,0.81110635897491,1.4763698630136985,"(1, 4, 4, 1)","(70, 78, 86, 94)",0.27631657311074226
1.1511322112563427,77.31092436974791,0.7986615219449262,0.78502091395604,1.5921232876712328,"(1, 4, 4, 1)","(70, 76, 82, 88)",0.25523774254975173
1.1377964074963842,76.47058823529412,0.7937311456449194,0.7796278078072382,1.5856164383561644,"(1, 4, 4, 1)","(64, 74, 84, 92)",0.23530146777160346
1.1373303755317254,77.31092436974791,0.838956859298073,0.8258277572055537,1.475,"(1, 4, 4, 2)","(70, 78, 86, 94)",0.28911658006679036
1.1553814945795553,78.15126050420169,0.8168156858931581,0.8016432861411775,1.5808219178082192,"(1, 4, 4, 2)","(70, 76, 82, 88)",0.26752002604498903
1.151419134432643,77.31092436974791,0.806499874945656,0.7936932839045144,1.5832191780821918,"(1, 4, 4, 2)","(64, 74, 84, 92)",0.25962646655508953
1.1434723739470745,78.15126050420169,0.846678383723579,0.8330937074637469,1.4767123287671233,"(1, 4, 4, 3)","(70, 78, 86, 94)",0.3009621637395527
1.1609105922259935,78.15126050420169,0.8288223478404182,0.813222105276597,1.576027397260274,"(1, 4, 4, 3)","(70, 76, 82, 88)",0.2793453800831753
1.1551309729088992,78.15126050420169,0.8147747752427816,0.802564973170872,1.5904109589041096,"(1, 4, 4, 3)","(64, 74, 84, 92)",0.26275083578537456
1.1460931310899614,78.99159663865547,0.8516360628892684,0.8379956615783775,1.4856164383561643,"(1, 4, 4, 4)","(70, 78, 86, 94)",0.30084058024166943
1.1673086514892779,78.99159663865547,0.8348672791897321,0.819789771259099,1.5787671232876712,"(1, 4, 4, 4)","(70, 76, 82, 88)",0.28907767002881146
1.148226241571473,78.99159663865547,0.8583104933061041,0.8446695525461311,1.4982876712328768,"(1, 4, 4, 5)","(70, 78, 86, 94)",0.29747122019842004
1.1725920183991647,79.83193277310924,0.8403364970049152,0.8256479315225536,1.5883561643835618,"(1, 4, 4, 5)","(70, 76, 82, 88)",0.2933461546714557
1.1488864646648922,78.99159663865547,0.8589460005847749,0.8468551424813202,1.5006849315068493,"(1, 4, 4, 6)","(70, 78, 86, 94)",0.2973655792212621
1.1725920183991647,80.67226890756302,0.8431712241858875,0.8288892519712794,1.586986301369863,"(1, 4, 4, 6)","(70, 76, 82, 88)",0.29403074313043226
1.1353763476259457,75.63025210084034,0.8217216812295787,0.8084873528842519,1.4893835616438356,"(1, 4, 5, 1)","(70, 78, 86, 94)",0.2766262666674329
1.1469683258085082,76.47058823529412,0.7929327172741106,0.7786468157024652,1.595890410958904,"(1, 4, 5, 1)","(64, 74, 84, 92)",0.24663650078209418
1.141810923569204,77.31092436974791,0.8379178691492938,0.8242771408276339,1.4842465753424658,"(1, 4, 5, 2)","(70, 78, 86, 94)",0.2928485833253717
1.1630516289765551,77.31092436974791,0.8145796264716382,0.7993837145846869,1.5938356164383563,"(1, 4, 5, 2)","(70, 76, 82, 88)",0.2745736773999659
1.1494278459290403,77.31092436974791,0.8034658675706351,0.7904596356874583,1.5941780821917808,"(1, 4, 5, 2)","(64, 74, 84, 92)",0.25148663407077687
1.146619210294217,77.31092436974791,0.8438337582276677,0.8301130989419185,1.483904109589041,"(1, 4, 5, 3)","(70, 78, 86, 94)",0.3029922817120408
1.1630516289765551,78.15126050420169,0.8266501409922704,0.8108260941566058,1.582876712328767,"(1, 4, 5, 3)","(70, 76, 82, 88)",0.2797360497130088
1.1564064745441496,77.31092436974791,0.8128039125728791,0.8004939690232766,1.5955479452054795,"(1, 4, 5, 3)","(64, 74, 84, 92)",0.26262616772220626
1.1512562765654446,78.99159663865547,0.8486589892993142,0.8348911795038401,1.489041095890411,"(1, 4, 5, 4)","(70, 78, 86, 94)",0.309291545918136
1.1644886576337656,78.99159663865547,0.8307797888170461,0.8153302799898542,1.5808219178082192,"(1, 4, 5, 4)","(70, 76, 82, 88)",0.28319981149209644
1.1564064745441496,78.15126050420169,0.82022163855136,0.8084617106714301,1.597945205479452,"(1, 4, 5, 4)","(64, 74, 84, 92)",0.2615732563968595
1.1520131521326378,78.99159663865547,0.8552730330891265,0.841468539581172,1.4976027397260274,"(1, 4, 5, 5)","(70, 78, 86, 94)",0.30549098708004285
1.1744411753112352,79.83193277310924,0.8380826878518332,0.8234415176375307,1.5883561643835618,"(1, 4, 5, 5)","(70, 76, 82, 88)",0.29648907561630183
1.1531688859112401,78.99159663865547,0.8585390811026353,0.845076869099605,1.5041095890410958,"(1, 4, 5, 6)","(70, 78, 86, 94)",0.3038404530304492
1.1756442260399402,79.83193277310924,0.8412949359925421,0.8269209088548855,1.590068493150685,"(1, 4, 5, 6)","(70, 76, 82, 88)",0.2976675217856213
1.1422368929385518,75.63025210084034,0.819296102578743,0.8059983255728727,1.498972602739726,"(1, 4, 6, 1)","(70, 78, 86, 94)",0.28505952462633577
1.144309578311711,77.31092436974791,0.8359308206973449,0.8221682311488212,1.49486301369863,"(1, 4, 6, 2)","(70, 78, 86, 94)",0.29161520323196966
1.147787018467767,77.31092436974791,0.8430748635208004,0.8286943880061028,1.4897260273972603,"(1, 4, 6, 3)","(70, 78, 86, 94)",0.3017748908572584
1.1677022864018582,78.15126050420169,0.8219857155547744,0.805983915737997,1.5876712328767124,"(1, 4, 6, 3)","(70, 76, 82, 88)",0.285367526977521
1.15503230172265,77.31092436974791,0.8095956805162791,0.7970951097817267,1.598972602739726,"(1, 4, 6, 3)","(64, 74, 84, 92)",0.2588303722299246
1.1480493476243967,78.99159663865547,0.8480323394613847,0.8339156530535693,1.4941780821917807,"(1, 4, 6, 4)","(70, 78, 86, 94)",0.29958703746586174
1.1714366250084003,78.99159663865547,0.8283467415591182,0.8125582919719222,1.5811643835616438,"(1, 4, 6, 4)","(70, 76, 82, 88)",0.29498818210048844
1.1528467478155784,78.99159663865547,0.852393796735505,0.838460859756381,1.5,"(1, 4, 6, 5)","(70, 78, 86, 94)",0.3056934956311568
1.179735831283813,79.83193277310924,0.8352114357322984,0.820014596119289,1.590068493150685,"(1, 4, 6, 5)","(70, 76, 82, 88)",0.30460164094528974
1.15547499878699,78.99159663865547,0.8574984531445534,0.8440323064773644,1.5075342465753425,"(1, 4, 6, 6)","(70, 78, 86, 94)",0.3063340057071595
1.1822204293233662,79.83193277310924,0.839197243664638,0.8246860966942784,1.5914383561643837,"(1, 4, 6, 6)","(70, 76, 82, 88)",0.3080970779526516
1.1238780941805138,75.63025210084034,0.8233038544737117,0.81558059597808,1.4400684931506849,"(1, 5, 1, 1)","(70, 78, 86, 94)",0.28149730350747104
1.1382008675262811,75.63025210084034,0.7942328332225637,0.7842475427957248,1.5465753424657533,"(1, 5, 1, 1)","(70, 76, 82, 88)",0.25284870499795803
1.123406318845994,75.63025210084034,0.7960950210083796,0.7819765046096672,1.545890410958904,"(1, 5, 1, 1)","(64, 74, 84, 92)",0.22606427291737918
1.129028675527988,75.63025210084034,0.8369474139438342,0.829143741917668,1.4356164383561645,"(1, 5, 1, 2)","(70, 78, 86, 94)",0.2961979029416074
1.1440397960405024,76.47058823529412,0.8149452759079054,0.8032305252587539,1.540068493150685,"(1, 5, 1, 2)","(70, 76, 82, 88)",0.2667065342030863
1.1336897409208515,76.47058823529412,0.8123013684399395,0.8002045709424727,1.5438356164383562,"(1, 5, 1, 2)","(64, 74, 84, 92)",0.24582748330534407
1.1385229977027331,77.31092436974791,0.8455734244871,0.8379323875228765,1.4458904109589041,"(1, 5, 1, 3)","(70, 78, 86, 94)",0.3106660163532878
1.1489303307502026,78.15126050420169,0.8280680155340036,0.8178967120681049,1.5438356164383562,"(1, 5, 1, 3)","(70, 76, 82, 88)",0.27385174168173265
1.139029395738746,78.15126050420169,0.8197797502076384,0.8087319189105467,1.569178082191781,"(1, 5, 1, 3)","(64, 74, 84, 92)",0.24426343896338054
1.144396032090721,77.31092436974791,0.8525291273594986,0.8383226697677614,1.460958904109589,"(1, 5, 1, 4)","(70, 78, 86, 94)",0.3132514217718464
1.152743057439794,78.15126050420169,0.8368571875720304,0.8251778485244712,1.5585616438356165,"(1, 5, 1, 4)","(70, 76, 82, 88)",0.2734578342882886
1.1447115057430748,78.15126050420169,0.825144177020715,0.81343621613146,1.586986301369863,"(1, 5, 1, 4)","(64, 74, 84, 92)",0.24653302028575166
1.1490127262514407,78.15126050420169,0.8559097010773073,0.8383226697677614,1.4773972602739727,"(1, 5, 1, 5)","(70, 78, 86, 94)",0.31213569630861315
1.1543090018028064,78.99159663865547,0.8423301401626231,0.8272556124731419,1.5708904109589041,"(1, 5, 1, 5)","(70, 76, 82, 88)",0.27029531209609753
1.1472143976329292,78.15126050420169,0.8304299271856258,0.8181311058610737,1.598972602739726,"(1, 5, 1, 5)","(64, 74, 84, 92)",0.24577818244033925
1.150227598677656,78.99159663865547,0.8597709504561049,0.8383226697677614,1.5023972602739726,"(1, 5, 1, 6)","(70, 78, 86, 94)",0.2990215324735893
1.15810741921313,78.99159663865547,0.8472518031703773,0.8272556124731419,1.5921232876712328,"(1, 5, 1, 6)","(70, 76, 82, 88)",0.2670177351661883
1.1311642306428762,76.47058823529412,0.8200893525754341,0.8113420511586299,1.4530821917808219,"(1, 5, 2, 1)","(70, 78, 86, 94)",0.28949323770007446
1.1377160744138373,76.47058823529412,0.7902450074378468,0.7812315780451228,1.563013698630137,"(1, 5, 2, 1)","(70, 76, 82, 88)",0.2446051929978131
1.1276040622432453,76.47058823529412,0.794487943965858,0.7803650537395737,1.5623287671232877,"(1, 5, 2, 1)","(64, 74, 84, 92)",0.22692074406228757
1.131872887121298,76.47058823529412,0.8368212382798736,0.8260687684659339,1.4482876712328767,"(1, 5, 2, 2)","(70, 78, 86, 94)",0.29417022948372046
1.1479139772447229,78.15126050420169,0.8119919243859598,0.8000496838811603,1.5493150684931507,"(1, 5, 2, 2)","(70, 76, 82, 88)",0.269269833886902
1.1357241326304206,76.47058823529412,0.8093780424938225,0.7966285215521413,1.5582191780821917,"(1, 5, 2, 2)","(64, 74, 84, 92)",0.24313770998823817
1.139906320083826,78.15126050420169,0.8440137404238948,0.8340148779531774,1.452054794520548,"(1, 5, 2, 3)","(70, 78, 86, 94)",0.30948973836725135
1.1552430258195658,78.15126050420169,0.8283900071232313,0.8139028386349826,1.5523972602739726,"(1, 5, 2, 3)","(70, 76, 82, 88)",0.2810351118370318
1.1411306265990029,78.15126050420169,0.8174301229387125,0.8055795215851882,1.5773972602739725,"(1, 5, 2, 3)","(64, 74, 84, 92)",0.2444255217491628
1.144190088884949,78.99159663865547,0.8491050658821231,0.8411970013800127,1.466095890410959,"(1, 5, 2, 4)","(70, 78, 86, 94)",0.3093571341249457
1.15568039663205,78.99159663865547,0.8352594359829624,0.8198663908533569,1.5643835616438355,"(1, 5, 2, 4)","(70, 76, 82, 88)",0.27584147946940885
1.1444262357332058,78.99159663865547,0.8227710174421844,0.811546549080193,1.5897260273972602,"(1, 5, 2, 4)","(64, 74, 84, 92)",0.24490395374039545
1.148418327266741,78.99159663865547,0.8548355409261071,0.8463578084808384,1.4784246575342466,"(1, 5, 2, 5)","(70, 78, 86, 94)",0.31022298898989525
1.1568192073804904,79.83193277310924,0.8420626409979547,0.8277734207199936,1.5743150684931506,"(1, 5, 2, 5)","(70, 76, 82, 88)",0.2730543145802218
1.1495060878619756,78.99159663865547,0.8565056010163521,0.8484888103998219,1.4945205479452055,"(1, 5, 2, 6)","(70, 78, 86, 94)",0.30232533002560164
1.1624051040905186,79.83193277310924,0.8434875330086935,0.8300569377897041,1.582191780821918,"(1, 5, 2, 6)","(70, 76, 82, 88)",0.2789546493790083
1.1289176554612097,76.47058823529412,0.8181605504175568,0.8083677632972642,1.4616438356164383,"(1, 5, 3, 1)","(70, 78, 86, 94)",0.27925782933733856
1.139337903467389,76.47058823529412,0.7883858956348018,0.7784824128982728,1.5767123287671232,"(1, 5, 3, 1)","(70, 76, 82, 88)",0.24160729104796663
1.1308209289383664,76.47058823529412,0.7925461479805264,0.7783575173866624,1.5722602739726028,"(1, 5, 3, 1)","(64, 74, 84, 92)",0.22860389736686404
1.1368697624442177,76.47058823529412,0.8354764953030392,0.8245435650272794,1.4623287671232876,"(1, 5, 3, 2)","(70, 78, 86, 94)",0.29604422691638194
1.1478303974130457,78.15126050420169,0.8086561073082187,0.7967443041834281,1.5647260273972603,"(1, 5, 3, 2)","(70, 76, 82, 88)",0.26177365703219735
1.1389306097065497,76.47058823529412,0.8056256872225084,0.7926360577442276,1.5743150684931506,"(1, 5, 3, 2)","(64, 74, 84, 92)",0.241906607240981
1.1397965315210663,77.31092436974791,0.8425883057221485,0.8324765610641923,1.4640410958904109,"(1, 5, 3, 3)","(70, 78, 86, 94)",0.30125894615609866
1.1559168158993207,78.15126050420169,0.8254912203057657,0.8113931709347777,1.563013698630137,"(1, 5, 3, 3)","(70, 76, 82, 88)",0.27693254405475454
1.1389306097065497,78.15126050420169,0.8141614629766208,0.801986562269061,1.5808219178082192,"(1, 5, 3, 3)","(64, 74, 84, 92)",0.23919656859854072
1.143151023849861,78.99159663865547,0.8475377372735263,0.8383839786052343,1.4705479452054795,"(1, 5, 3, 4)","(70, 78, 86, 94)",0.30422197208267404
1.1617458219140255,78.99159663865547,0.831394672457992,0.8167158186854261,1.569178082191781,"(1, 5, 3, 4)","(70, 76, 82, 88)",0.284174368224401
1.142832270544225,78.15126050420169,0.8223662429085076,0.8104625960944197,1.5914383561643837,"(1, 5, 3, 4)","(64, 74, 84, 92)",0.2414998436532352
1.1478618198451522,78.99159663865547,0.8527894081647825,0.8439542070243661,1.4828767123287672,"(1, 5, 3, 5)","(70, 78, 86, 94)",0.30621029358003155
1.1638060245976898,78.99159663865547,0.8398096135903217,0.8247222738927124,1.5808219178082192,"(1, 5, 3, 5)","(70, 76, 82, 88)",0.2820245234818715
1.148948869575437,78.99159663865547,0.8557418201755337,0.8466788267654862,1.4955479452054794,"(1, 5, 3, 6)","(70, 78, 86, 94)",0.30057408373204997
1.1638060245976898,79.83193277310924,0.8426655251385998,0.8282413556622805,1.5842465753424657,"(1, 5, 3, 6)","(70, 76, 82, 88)",0.28037139028443975
1.1301725242929774,76.47058823529412,0.8186763639602475,0.8057860776215333,1.4726027397260273,"(1, 5, 4, 1)","(70, 78, 86, 94)",0.27543751517064796
1.1414062732920551,76.47058823529412,0.7898665019229936,0.7755580680447743,1.590068493150685,"(1, 5, 4, 1)","(70, 76, 82, 88)",0.2396438293748119
1.1390350117373733,76.47058823529412,0.7914271042062024,0.7773695515739848,1.586986301369863,"(1, 5, 4, 1)","(64, 74, 84, 92)",0.23686244706717038
1.1361011176539515,76.47058823529412,0.8331523001926382,0.8220728259955409,1.4743150684931507,"(1, 5, 4, 2)","(70, 78, 86, 94)",0.28694242855562335
1.1555711367333377,77.31092436974791,0.8064151428900012,0.7942969903432148,1.58013698630137,"(1, 5, 4, 2)","(70, 76, 82, 88)",0.26816276225581226
1.1470582469102373,77.31092436974791,0.8033790517755215,0.790283037660485,1.5818493150684931,"(1, 5, 4, 2)","(64, 74, 84, 92)",0.25274283753848903
1.1421551218712578,77.31092436974791,0.8394698021243088,0.8294567974463979,1.475,"(1, 5, 4, 3)","(70, 78, 86, 94)",0.2992739407815953
1.1560831731676753,78.15126050420169,0.8215151828316875,0.8076793410705219,1.5729452054794522,"(1, 5, 4, 3)","(70, 76, 82, 88)",0.27242251383718574
1.1533421610312111,77.31092436974791,0.8116056201741941,0.7992783354158481,1.5883561643835618,"(1, 5, 4, 3)","(64, 74, 84, 92)",0.2606281200297651
1.1432269679275449,78.99159663865547,0.8458550818154738,0.8364470237166198,1.4756849315068492,"(1, 5, 4, 4)","(70, 78, 86, 94)",0.30109628966769697
1.1630256914226178,78.15126050420169,0.8292349221965271,0.8138017462681322,1.5753424657534247,"(1, 5, 4, 4)","(70, 76, 82, 88)",0.28335417794883566
1.1533421610312111,78.15126050420169,0.8196246351137522,0.8077142011647069,1.5921232876712328,"(1, 5, 4, 4)","(64, 74, 84, 92)",0.25896998855473485
1.1465458496410466,78.99159663865547,0.8500464602890513,0.8406590611072845,1.4893835616438356,"(1, 5, 4, 5)","(70, 78, 86, 94)",0.29944988170178866
1.1661745169392115,78.99159663865547,0.8367453008946005,0.821222690305984,1.5811643835616438,"(1, 5, 4, 5)","(70, 76, 82, 88)",0.285933759258985
1.1484522558641224,78.99159663865547,0.8553437721629542,0.8454769509047193,1.498972602739726,"(1, 5, 4, 6)","(70, 78, 86, 94)",0.29751584565767825
1.166386678157669,79.83193277310924,0.8411514083778183,0.8265211636387266,1.5863013698630137,"(1, 5, 4, 6)","(70, 76, 82, 88)",0.2837903622782673
1.1352401111402364,75.63025210084034,0.8172504568249903,0.8034470933134477,1.485958904109589,"(1, 5, 5, 1)","(70, 78, 86, 94)",0.27829536612367173
1.1401483141130888,73.94957983193278,0.7904987674432622,0.776418310432622,1.5982876712328766,"(1, 5, 5, 1)","(64, 74, 84, 92)",0.2342490424786602
1.1368365645148313,76.47058823529412,0.832125126072331,0.8205448900418596,1.4835616438356165,"(1, 5, 5, 2)","(70, 78, 86, 94)",0.2829764648606992
1.159828271015939,77.31092436974791,0.8052319359293992,0.7919052675693914,1.5914383561643837,"(1, 5, 5, 2)","(70, 76, 82, 88)",0.270236567091223
1.1511661756082752,77.31092436974791,0.8015332724165724,0.7882827797177765,1.593150684931507,"(1, 5, 5, 2)","(64, 74, 84, 92)",0.2548529057599096
1.1428376830915685,77.31092436974791,0.8406623133040464,0.8284712595989431,1.4835616438356165,"(1, 5, 5, 3)","(70, 78, 86, 94)",0.29538671007604816
1.1687049814004329,78.15126050420169,0.8216542740256862,0.8058429012245016,1.582876712328767,"(1, 5, 5, 3)","(70, 76, 82, 88)",0.28943510322518456
1.1543159350330943,77.31092436974791,0.8086930342559684,0.7961886465219259,1.5924657534246576,"(1, 5, 5, 3)","(64, 74, 84, 92)",0.2604638903448758
1.1459012448581953,78.99159663865547,0.8469702378807276,0.8345398370911161,1.483904109589041,"(1, 5, 5, 4)","(70, 78, 86, 94)",0.3015085881004461
1.1687049814004329,78.15126050420169,0.82742119704835,0.8119396591762363,1.5787671232876712,"(1, 5, 5, 4)","(70, 76, 82, 88)",0.29149026372145803
1.154696279071335,78.15126050420169,0.8166868147753408,0.8045887003110642,1.595890410958904,"(1, 5, 5, 4)","(64, 74, 84, 92)",0.25960524993580375
1.1518600219787212,78.99159663865547,0.8495477107248728,0.8371792144355241,1.4883561643835617,"(1, 5, 5, 5)","(70, 78, 86, 94)",0.31096161583300547
1.1687049814004329,78.99159663865547,0.8333272493949093,0.8181334604193514,1.5815068493150686,"(1, 5, 5, 5)","(70, 76, 82, 88)",0.2901169291456207
1.1518600219787212,78.99159663865547,0.8564459653173,0.8432183379145751,1.5,"(1, 5, 5, 6)","(70, 78, 86, 94)",0.30372004395744234
1.1692012729845551,79.83193277310924,0.8390519942459994,0.8242869069780699,1.588013698630137,"(1, 5, 5, 6)","(70, 76, 82, 88)",0.2877505632585329
1.140488504458128,75.63025210084034,0.815953180723675,0.8019653155196415,1.4965753424657535,"(1, 5, 6, 1)","(70, 78, 86, 94)",0.2829147813915407
1.1416821806158586,76.47058823529412,0.8307938508403545,0.8176104366501749,1.4897260273972603,"(1, 5, 6, 2)","(70, 78, 86, 94)",0.28930906811070417
1.1436190022160881,77.31092436974791,0.8416263422936744,0.8274891547136951,1.4886986301369862,"(1, 5, 6, 3)","(70, 78, 86, 94)",0.2938805090896829
1.1684061946604936,78.15126050420169,0.819013656660357,0.8030102800013682,1.5897260273972602,"(1, 5, 6, 3)","(70, 76, 82, 88)",0.2855668341513596
1.1436190022160881,77.31092436974791,0.8457579207739157,0.8316550292695974,1.492123287671233,"(1, 5, 6, 4)","(70, 78, 86, 94)",0.2918354116012368
1.1710762090032099,78.15126050420169,0.827060028129074,0.8110851175527773,1.5818493150684931,"(1, 5, 6, 4)","(70, 76, 82, 88)",0.29402150105319175
1.149938466422144,78.99159663865547,0.8486357669674035,0.8345488954620293,1.4938356164383562,"(1, 5, 6, 5)","(70, 78, 86, 94)",0.30362019552889064
1.1710762090032099,78.99159663865547,0.8283649022616304,0.813062855017002,1.5832191780821918,"(1, 5, 6, 5)","(70, 76, 82, 88)",0.29333090445647253
1.1532629540043784,78.99159663865547,0.8540665883304868,0.840197216074762,1.5017123287671232,"(1, 5, 6, 6)","(70, 78, 86, 94)",0.3054797445001945
1.1710762090032099,79.83193277310924,0.8356978776968672,0.8207237498519723,1.590068493150685,"(1, 5, 6, 6)","(70, 76, 82, 88)",0.28992601874020474
1.1153209989078836,75.63025210084034,0.8153488349360862,0.807024018499176,1.4517123287671232,"(1, 6, 1, 1)","(70, 78, 86, 94)",0.2552974350348902
1.1326578631966167,75.63025210084034,0.7827773905299589,0.773783863233854,1.5702054794520548,"(1, 6, 1, 1)","(70, 76, 82, 88)",0.23264922554601838
1.1250002728921624,75.63025210084034,0.7924495794171947,0.7780579941085867,1.55,"(1, 6, 1, 1)","(64, 74, 84, 92)",0.2272732234402953
1.1216314310868478,75.63025210084034,0.8313138452807148,0.8232101804251578,1.4318493150684932,"(1, 6, 1, 2)","(70, 78, 86, 94)",0.2816524811844533
1.141805005115409,76.47058823529412,0.8073182341027969,0.7951711707627468,1.5434931506849314,"(1, 6, 1, 2)","(70, 76, 82, 88)",0.2609140610819119
1.132151036008523,76.47058823529412,0.8073396548489106,0.7950709982852953,1.5431506849315069,"(1, 6, 1, 2)","(64, 74, 84, 92)",0.24330455557685185
1.1328966783325927,77.31092436974791,0.8397378020426448,0.8330884628833987,1.4376712328767123,"(1, 6, 1, 3)","(70, 78, 86, 94)",0.30364499274739487
1.1471102764730663,77.31092436974791,0.8232112873158968,0.8123974672350187,1.5386986301369863,"(1, 6, 1, 3)","(70, 76, 82, 88)",0.2730845564534988
1.133729646344063,76.47058823529412,0.8129523768266085,0.8015624537672996,1.5667808219178083,"(1, 6, 1, 3)","(64, 74, 84, 92)",0.23594596212970614
1.1390032846244356,77.31092436974791,0.8477073107556993,0.8391610790227098,1.45,"(1, 6, 1, 4)","(70, 78, 86, 94)",0.3088961880543013
1.1493804280559532,78.15126050420169,0.8305264457558615,0.819417497248528,1.5486301369863014,"(1, 6, 1, 4)","(70, 76, 82, 88)",0.27227893253644403
1.1402112588490925,78.15126050420169,0.8203409433410594,0.8090323913279466,1.5804794520547945,"(1, 6, 1, 4)","(64, 74, 84, 92)",0.24154387955123896
1.1445300210938076,77.31092436974791,0.853817757430651,0.8391610790227098,1.4640410958904109,"(1, 6, 1, 5)","(70, 78, 86, 94)",0.3114595288516003
1.1528282863509811,78.99159663865547,0.8381554880702435,0.8265177100008092,1.558904109589041,"(1, 6, 1, 5)","(70, 76, 82, 88)",0.273442767245628
1.14308607564049,78.15126050420169,0.827062148079624,0.8145355343943713,1.5941780821917808,"(1, 6, 1, 5)","(64, 74, 84, 92)",0.24081345295114154
1.1479374597299932,78.15126050420169,0.8553755732731173,0.8391610790227098,1.4801369863013698,"(1, 6, 1, 6)","(70, 78, 86, 94)",0.3081151087101142
1.154352778732691,78.99159663865547,0.8418266764053355,0.8271623766350931,1.5743150684931506,"(1, 6, 1, 6)","(70, 76, 82, 88)",0.26875975784106015
1.1236316927143644,76.47058823529412,0.8145601412379547,0.8065091241565552,1.4575342465753425,"(1, 6, 2, 1)","(70, 78, 86, 94)",0.27021298108229336
1.1348309279106017,76.47058823529412,0.7813359728136331,0.7725370351375419,1.5818493150684931,"(1, 6, 2, 1)","(70, 76, 82, 88)",0.23172825750380044
1.1274939047827162,76.47058823529412,0.7916945418954521,0.7772825468628125,1.566095890410959,"(1, 6, 2, 1)","(64, 74, 84, 92)",0.22521609314309204
1.1333748424788692,76.47058823529412,0.8303742924785326,0.8226117135181213,1.4476027397260274,"(1, 6, 2, 2)","(70, 78, 86, 94)",0.29797592963909575
1.1439751011755874,77.31092436974791,0.8053870531658052,0.7939249663829698,1.5534246575342465,"(1, 6, 2, 2)","(70, 76, 82, 88)",0.2601530293519278
1.135075822555164,76.47058823529412,0.8043780226306357,0.7913704803337146,1.5547945205479452,"(1, 6, 2, 2)","(64, 74, 84, 92)",0.2434700011488142
1.1365400489757667,76.47058823529412,0.8392171589881339,0.8314253897832309,1.451027397260274,"(1, 6, 2, 3)","(70, 78, 86, 94)",0.3027311640161265
1.1501308252762328,78.15126050420169,0.8199423180239918,0.8072580966821171,1.5486301369863014,"(1, 6, 2, 3)","(70, 76, 82, 88)",0.2736466977569287
1.139707994011938,77.31092436974791,0.8114181955237588,0.7994444249490023,1.5678082191780822,"(1, 6, 2, 3)","(64, 74, 84, 92)",0.24604785435154322
1.1395727090809082,78.15126050420169,0.8467669840990503,0.8379877358398353,1.457876712328767,"(1, 6, 2, 4)","(70, 78, 86, 94)",0.3048259614930831
1.156727702131261,78.99159663865547,0.8310674381972154,0.8164793604527605,1.5537671232876713,"(1, 6, 2, 4)","(70, 76, 82, 88)",0.2830209587033284
1.1435941754114076,78.15126050420169,0.820835477642432,0.8095313720043574,1.582876712328767,"(1, 6, 2, 4)","(64, 74, 84, 92)",0.24635428448960653
1.145083049404962,78.15126050420169,0.8509455599116974,0.8429377194653715,1.4712328767123288,"(1, 6, 2, 5)","(70, 78, 86, 94)",0.3078797269349483
1.159908072680881,78.99159663865547,0.8371598774752333,0.8225419821924023,1.5678082191780822,"(1, 6, 2, 5)","(70, 76, 82, 88)",0.2816233849385842
1.1453444858635664,78.99159663865547,0.8233520790098346,0.8116939226883347,1.5952054794520547,"(1, 6, 2, 5)","(64, 74, 84, 92)",0.24419211664074453
1.1487247182614881,78.99159663865547,0.8544500565804797,0.8464391679392473,1.4808219178082191,"(1, 6, 2, 6)","(70, 78, 86, 94)",0.30931351661221185
1.159908072680881,79.83193277310924,0.8413088924143601,0.8282038909189021,1.5746575342465754,"(1, 6, 2, 6)","(70, 76, 82, 88)",0.2782667295757882
1.1233877914632695,75.63025210084034,0.8126702360758149,0.804635445516577,1.4698630136986301,"(1, 6, 3, 1)","(70, 78, 86, 94)",0.2626037544262004
1.143389784644598,76.47058823529412,0.7806960340740481,0.7715768519748917,1.5873287671232876,"(1, 6, 3, 1)","(70, 76, 82, 88)",0.24413887531325135
1.130100788876779,74.78991596638656,0.7909528469477004,0.7766949921084728,1.5784246575342467,"(1, 6, 3, 1)","(64, 74, 84, 92)",0.22492261901728497
1.135420258484881,76.47058823529412,0.8290822389258324,0.8204389493978755,1.4565068493150686,"(1, 6, 3, 2)","(70, 78, 86, 94)",0.2966445272136926
1.1453163454636957,77.31092436974791,0.802971129955835,0.7915721650214528,1.5654109589041096,"(1, 6, 3, 2)","(70, 76, 82, 88)",0.2570101324978748
1.1380258567407393,76.47058823529412,0.8018861373248738,0.7887142206909468,1.5712328767123287,"(1, 6, 3, 2)","(64, 74, 84, 92)",0.24162799861088657
1.1368749052807472,76.47058823529412,0.8393223609865844,0.8298797992217665,1.459931506849315,"(1, 6, 3, 3)","(70, 78, 86, 94)",0.29759845377496785
1.1534726575741858,78.15126050420169,0.819067269392614,0.8056997985860103,1.558904109589041,"(1, 6, 3, 3)","(70, 76, 82, 88)",0.27459568634596976
1.1380258567407393,77.31092436974791,0.8108229617304653,0.7984728075009957,1.5780821917808219,"(1, 6, 3, 3)","(64, 74, 84, 92)",0.2387651076320846
1.1399750500022285,78.15126050420169,0.8458059686491703,0.8360236396518204,1.4643835616438357,"(1, 6, 3, 4)","(70, 78, 86, 94)",0.30142119911984316
1.1619012735225178,78.99159663865547,0.8288949774836055,0.8139127591559645,1.560958904109589,"(1, 6, 3, 4)","(70, 76, 82, 88)",0.2886152128728645
1.1401066287796482,78.15126050420169,0.8186109867435758,0.8065658218879352,1.585958904109589,"(1, 6, 3, 4)","(64, 74, 84, 92)",0.23910657863037568
1.1441963097225905,78.15126050420169,0.8487530020346948,0.8397689995809156,1.4746575342465753,"(1, 6, 3, 5)","(70, 78, 86, 94)",0.30379020518756433
1.1620384619569706,78.99159663865547,0.8339636918492879,0.8189901056633231,1.5722602739726028,"(1, 6, 3, 5)","(70, 76, 82, 88)",0.2831551818757355
1.1449105872258405,78.99159663865547,0.8225157836964234,0.8107984802440008,1.595890410958904,"(1, 6, 3, 5)","(64, 74, 84, 92)",0.2431832843100312
1.1479262872556237,78.99159663865547,0.8530383718814687,0.844578632732061,1.4856164383561643,"(1, 6, 3, 6)","(70, 78, 86, 94)",0.304615485745008
1.1635023518074423,79.83193277310924,0.8403376250300052,0.8253919594425164,1.5797945205479451,"(1, 6, 3, 6)","(70, 76, 82, 88)",0.2820005122727299
1.1236907776009775,75.63025210084034,0.8102213505672393,0.8019755611518421,1.481164383561644,"(1, 6, 4, 1)","(70, 78, 86, 94)",0.25706553067249405
1.1453055793088436,76.47058823529412,0.7801139294705721,0.7710759931571616,1.591095890410959,"(1, 6, 4, 1)","(70, 76, 82, 88)",0.2458240391551699
1.1402417060345262,73.94957983193278,0.7899055145050106,0.7757397383744384,1.5856164383561644,"(1, 6, 4, 1)","(64, 74, 84, 92)",0.23947706527533136
1.1332600339301964,76.47058823529412,0.8285431313982761,0.8179313599717711,1.4702054794520547,"(1, 6, 4, 2)","(70, 78, 86, 94)",0.28340808381367333
1.1503104304436231,76.47058823529412,0.8024330932932329,0.7898503873615738,1.5753424657534247,"(1, 6, 4, 2)","(70, 76, 82, 88)",0.2612538433901068
1.143705933563275,76.47058823529412,0.800243465013838,0.7869985532647393,1.582876712328767,"(1, 6, 4, 2)","(64, 74, 84, 92)",0.24654601997929693
1.1389131400821932,76.47058823529412,0.8379558838839841,0.8274173610813604,1.473972602739726,"(1, 6, 4, 3)","(70, 78, 86, 94)",0.2930826365895985
1.1612688045889568,78.15126050420169,0.8158354852176055,0.8029937313075313,1.5705479452054794,"(1, 6, 4, 3)","(70, 76, 82, 88)",0.2826560080430695
1.1504916055886205,77.31092436974791,0.8089400073575161,0.7964540947305231,1.582876712328767,"(1, 6, 4, 3)","(64, 74, 84, 92)",0.25818771346578845
1.1418921901651204,77.31092436974791,0.8423743934168549,0.8327360649879808,1.4753424657534246,"(1, 6, 4, 4)","(70, 78, 86, 94)",0.29850518392085856
1.1612688045889568,78.15126050420169,0.8265780060698615,0.8120483855560069,1.5705479452054794,"(1, 6, 4, 4)","(70, 76, 82, 88)",0.2826560080430695
1.1504916055886205,78.15126050420169,0.8156950172449859,0.803602663391554,1.5897260273972602,"(1, 6, 4, 4)","(64, 74, 84, 92)",0.2551890176067201
1.1442964542900274,78.99159663865547,0.8470133574554451,0.8377333896630654,1.478082191780822,"(1, 6, 4, 5)","(70, 78, 86, 94)",0.3018235290307162
1.1620611689677642,78.99159663865547,0.8313637974846553,0.8160919918167248,1.5756849315068493,"(1, 6, 4, 5)","(70, 76, 82, 88)",0.28151018047940013
1.1504916055886205,78.15126050420169,0.8221256393485377,0.8102998975450362,1.5941780821917808,"(1, 6, 4, 5)","(64, 74, 84, 92)",0.25327693851226046
1.1473331445118042,78.99159663865547,0.8523324242563769,0.8435456103658047,1.4883561643835617,"(1, 6, 4, 6)","(70, 78, 86, 94)",0.3016919929694729
1.164265572620076,78.99159663865547,0.8388296742878955,0.8236040354753699,1.5839041095890412,"(1, 6, 4, 6)","(70, 76, 82, 88)",0.281322857507696
1.128324083924563,75.63025210084034,0.8101989926263676,0.800414169295574,1.4876712328767123,"(1, 6, 5, 1)","(70, 78, 86, 94)",0.26313646422733417
1.1501141665895274,75.63025210084034,0.7795829876002845,0.7704075072779316,1.5982876712328766,"(1, 6, 5, 1)","(70, 76, 82, 88)",0.25090633454002287
1.141187193426936,73.94957983193278,0.789541524549012,0.7754253319869754,1.5976027397260273,"(1, 6, 5, 1)","(64, 74, 84, 92)",0.2362559339866207
1.136783541343908,76.47058823529412,0.8262958570497124,0.8146941779326619,1.481164383561644,"(1, 6, 5, 2)","(70, 78, 86, 94)",0.2842761143944565
1.1517853277068872,76.47058823529412,0.8003583518473216,0.787814975496591,1.586986301369863,"(1, 6, 5, 2)","(70, 76, 82, 88)",0.25858410554498873
1.1506462568334315,76.47058823529412,0.7982419423748925,0.7848706684224915,1.5921232876712328,"(1, 6, 5, 2)","(64, 74, 84, 92)",0.2544170445075882
1.1383988142658479,76.47058823529412,0.8359158768420863,0.8257831123628737,1.4797945205479452,"(1, 6, 5, 3)","(70, 78, 86, 94)",0.28845434522218116
1.1626929060947866,78.15126050420169,0.8123163439373472,0.8002351775020928,1.5777397260273973,"(1, 6, 5, 3)","(70, 76, 82, 88)",0.2816024219305138
1.151906210736898,77.31092436974791,0.8070934613801584,0.7944969118680898,1.585958904109589,"(1, 6, 5, 3)","(64, 74, 84, 92)",0.259243796231293
1.1411374609172142,76.47058823529412,0.8406990154874554,0.8308685303610345,1.4825342465753424,"(1, 6, 5, 4)","(70, 78, 86, 94)",0.2924921120498692
1.163128899711971,78.15126050420169,0.8246335924237915,0.8096868275011934,1.5767123287671232,"(1, 6, 5, 4)","(70, 76, 82, 88)",0.2828600873865532
1.152462088297095,77.31092436974791,0.8130007740779293,0.8007456177947873,1.5938356164383563,"(1, 6, 5, 4)","(64, 74, 84, 92)",0.25674123288784173
1.147860356234406,78.99159663865547,0.8453622221683944,0.8361907245712669,1.4842465753424658,"(1, 6, 5, 5)","(70, 78, 86, 94)",0.30534104682069707
1.163233983461529,78.99159663865547,0.8289741908128576,0.8137737355622248,1.5804794520547945,"(1, 6, 5, 5)","(70, 76, 82, 88)",0.28120544643520057
1.152462088297095,78.15126050420169,0.8203502007703659,0.8085982128591744,1.5972602739726027,"(1, 6, 5, 5)","(64, 74, 84, 92)",0.2552690927910078
1.1534522488511485,78.99159663865547,0.8484273748847958,0.8393949878524603,1.4910958904109588,"(1, 6, 5, 6)","(70, 78, 86, 94)",0.31246901439703884
1.1695955612567104,78.99159663865547,0.8356339429247278,0.8203405463690899,1.5825342465753425,"(1, 6, 5, 6)","(70, 76, 82, 88)",0.29113406165173095
1.1279095327918993,75.63025210084034,0.8133808636094195,0.8000610025003573,1.4924657534246575,"(1, 6, 6, 1)","(70, 78, 86, 94)",0.2597328482283352
1.1394786520733189,76.47058823529412,0.8245590890119624,0.8131621456486792,1.4876712328767123,"(1, 6, 6, 2)","(70, 78, 86, 94)",0.28600959554360333
1.159873400484799,76.47058823529412,0.7989037441035788,0.7855661210076128,1.5948630136986301,"(1, 6, 6, 2)","(70, 76, 82, 88)",0.2687566663302321
1.150177989727916,76.47058823529412,0.7967300755202954,0.783051881413811,1.5996575342465753,"(1, 6, 6, 2)","(64, 74, 84, 92)",0.25043959452056824
1.1395930449355514,76.47058823529412,0.8343972647700766,0.823951883163381,1.4880136986301369,"(1, 6, 6, 3)","(70, 78, 86, 94)",0.2860432920784632
1.1654128702480198,78.15126050420169,0.8112532523639411,0.7979397070261304,1.590068493150685,"(1, 6, 6, 3)","(70, 76, 82, 88)",0.2803282536994879
1.152367537077764,77.31092436974791,0.8041210168663698,0.7913393919579754,1.5948630136986301,"(1, 6, 6, 3)","(64, 74, 84, 92)",0.2561388648630229
1.143079700893582,77.31092436974791,0.8390095027193764,0.8291250229518614,1.4876712328767123,"(1, 6, 6, 4)","(70, 78, 86, 94)",0.29339376868627776
1.1696271805302412,78.15126050420169,0.8223881878635786,0.8069302442167187,1.5845890410958905,"(1, 6, 6, 4)","(70, 76, 82, 88)",0.29016483136983257
1.1555257609524083,77.31092436974791,0.8116055264499761,0.7992782556453037,1.5986301369863014,"(1, 6, 6, 4)","(64, 74, 84, 92)",0.2598027585703846
1.144888515177163,78.99159663865547,0.8449072733228716,0.8349993147917053,1.4880136986301369,"(1, 6, 6, 5)","(70, 78, 86, 94)",0.29689436092443244
1.169662421643389,78.99159663865547,0.8268100685904802,0.811197460625403,1.58013698630137,"(1, 6, 6, 5)","(70, 76, 82, 88)",0.29245234427313815
1.1518600676851303,78.99159663865547,0.8467499301487262,0.83669874620881,1.4945205479452055,"(1, 6, 6, 6)","(70, 78, 86, 94)",0.3070854554297648
1.169662421643389,78.99159663865547,0.8330852041175532,0.8172268614107466,1.584931506849315,"(1, 6, 6, 6)","(70, 76, 82, 88)",0.29005519391024365
1.1900981078187254,80.67226890756302,0.8164603713586811,0.8035509645035732,1.5897260273972602,"(2, 1, 1, 1)","(64, 72, 80, 88)",0.32234986923965053
1.1710126180753166,78.99159663865547,0.8624388904488798,0.8348941713405764,1.4236301369863014,"(2, 1, 1, 1)","(70, 78, 86, 94)",0.4036837872109334
1.1893004264963014,78.99159663865547,0.8463215303208371,0.8116019211891724,1.526027397260274,"(2, 1, 1, 1)","(70, 76, 82, 88)",0.35986799828723964
1.175538004627461,78.99159663865547,0.8318354415149625,0.8186702780169263,1.5232876712328767,"(2, 1, 1, 1)","(64, 74, 84, 92)",0.33545220779593343
1.1744074082028055,80.67226890756302,0.8656846898813307,0.8348941713405764,1.461986301369863,"(2, 1, 1, 2)","(70, 78, 86, 94)",0.3775164061913952
1.1905014532508231,79.83193277310924,0.8511960027601138,0.8116019211891724,1.5664383561643835,"(2, 1, 1, 2)","(70, 76, 82, 88)",0.3363145365734
1.175538004627461,80.67226890756302,0.8390165683247582,0.825549867258722,1.5712328767123287,"(2, 1, 1, 2)","(64, 74, 84, 92)",0.30729674670994384
1.1756652158967873,80.67226890756302,0.8698363772800718,0.8348941713405764,1.510958904109589,"(2, 1, 1, 3)","(70, 78, 86, 94)",0.3437951946505489
1.1931489645743045,80.67226890756302,0.854665858306641,0.8116019211891724,1.5941780821917808,"(2, 1, 1, 3)","(70, 76, 82, 88)",0.3250691507532964
1.1763780069686414,81.5126050420168,0.8692097674539322,0.8348941713405764,1.5513698630136987,"(2, 1, 1, 4)","(70, 78, 86, 94)",0.31989054680026874
1.17709422342028,81.5126050420168,0.8686072564460801,0.8348941713405764,1.5732876712328767,"(2, 1, 1, 5)","(70, 78, 86, 94)",0.3089098759780271
1.1617383510807902,78.99159663865547,0.8569997563085746,0.8341459310068232,1.4356164383561645,"(2, 1, 2, 1)","(70, 78, 86, 94)",0.37128615185212827
1.1841086882138687,78.99159663865547,0.8365775310990673,0.8091922102404073,1.5414383561643836,"(2, 1, 2, 1)","(70, 76, 82, 88)",0.3400362868972148
1.1686352656279904,78.99159663865547,0.826113407173996,0.8109596057784217,1.5363013698630137,"(2, 1, 2, 1)","(64, 74, 84, 92)",0.3144412360368658
1.167188369045446,79.83193277310924,0.8594756152552017,0.8341459310068232,1.459931506849315,"(2, 1, 2, 2)","(70, 78, 86, 94)",0.36350710172204215
1.1891025342217327,80.67226890756302,0.8459856400256677,0.8091922102404073,1.566095890410959,"(2, 1, 2, 2)","(70, 76, 82, 88)",0.3340468239125587
1.1686352656279904,79.83193277310924,0.8342934479962323,0.8253471894314853,1.5736301369863013,"(2, 1, 2, 2)","(64, 74, 84, 92)",0.29397908993058625
1.1682562961689946,79.83193277310924,0.8640545086041329,0.8341459310068232,1.5082191780821919,"(2, 1, 2, 3)","(70, 78, 86, 94)",0.331070340170798
1.1920856769433585,80.67226890756302,0.8499007313693303,0.8091922102404073,1.5876712328767124,"(2, 1, 2, 3)","(70, 76, 82, 88)",0.32685907731620445
1.1696244608973718,80.67226890756302,0.8402401327393977,0.8276455908371398,1.593150684931507,"(2, 1, 2, 3)","(64, 74, 84, 92)",0.2859719548616199
1.1723841751228543,79.83193277310924,0.8677634989564985,0.8341459310068232,1.5332191780821918,"(2, 1, 2, 4)","(70, 78, 86, 94)",0.3232895255997011
1.1744244876255399,80.67226890756302,0.8688493802380768,0.8341459310068232,1.5520547945205478,"(2, 1, 2, 5)","(70, 78, 86, 94)",0.31595502721251645
1.1758891858105707,80.67226890756302,0.8674578567620371,0.8341459310068232,1.5732876712328767,"(2, 1, 2, 6)","(70, 78, 86, 94)",0.3068078987854638
1.1545294271645248,78.99159663865547,0.8514025311896879,0.8375287394166773,1.4486301369863013,"(2, 1, 3, 1)","(70, 78, 86, 94)",0.34444727276367365
1.168224480050475,78.99159663865547,0.8306424074020198,0.8124866816609179,1.5527397260273972,"(2, 1, 3, 1)","(70, 76, 82, 88)",0.30434664296616315
1.1651462192698374,78.15126050420169,0.8203958114843998,0.805307833406318,1.5544520547945206,"(2, 1, 3, 1)","(64, 74, 84, 92)",0.2978548241308988
1.162989605383532,79.83193277310924,0.855995321134446,0.8388345265092029,1.4592465753424657,"(2, 1, 3, 2)","(70, 78, 86, 94)",0.35490652328106903
1.1883011650562025,78.99159663865547,0.8411348022740223,0.8124866816609179,1.5633561643835616,"(2, 1, 3, 2)","(70, 76, 82, 88)",0.33424887657392793
1.1651462192698374,78.99159663865547,0.8314931132417156,0.8182258758569547,1.5794520547945206,"(2, 1, 3, 2)","(64, 74, 84, 92)",0.28500411363352557
1.1650571935875138,79.83193277310924,0.8582622865887802,0.8388345265092029,1.4972602739726026,"(2, 1, 3, 3)","(70, 78, 86, 94)",0.3319331992255788
1.1894614068011318,80.67226890756302,0.8457096314392255,0.8124866816609179,1.5832191780821918,"(2, 1, 3, 3)","(70, 76, 82, 88)",0.3248545554076951
1.1672387916806686,79.83193277310924,0.8350906169498039,0.825338644818146,1.5952054794520547,"(2, 1, 3, 3)","(64, 74, 84, 92)",0.2809765659997424
1.1691039648583177,79.83193277310924,0.8634464186914053,0.8388345265092029,1.529109589041096,"(2, 1, 3, 4)","(70, 78, 86, 94)",0.31960102096199844
1.191464176715614,81.5126050420168,0.8502195181773922,0.8124866816609179,1.5982876712328766,"(2, 1, 3, 4)","(70, 76, 82, 88)",0.32002026102438064
1.1731840352711176,79.83193277310924,0.8669547865973873,0.8388345265092029,1.5476027397260275,"(2, 1, 3, 5)","(70, 78, 86, 94)",0.3162585259485074
1.1744517719372294,80.67226890756302,0.8676387412458201,0.8388345265092029,1.5626712328767123,"(2, 1, 3, 6)","(70, 78, 86, 94)",0.31004210228649415
1.153052866095749,78.15126050420169,0.8463418154382454,0.8334553570649117,1.463013698630137,"(2, 1, 4, 1)","(70, 78, 86, 94)",0.33055796523638115
1.1647975901577667,78.15126050420169,0.8260624928767453,0.8130660318910022,1.5650684931506849,"(2, 1, 4, 1)","(70, 76, 82, 88)",0.291641795915563
1.1619493445292084,78.99159663865547,0.8163125974004838,0.801279299896575,1.5626712328767123,"(2, 1, 4, 1)","(64, 74, 84, 92)",0.2878223286824641
1.1581411799579615,78.99159663865547,0.852380368134738,0.8417835912595963,1.4671232876712328,"(2, 1, 4, 2)","(70, 78, 86, 94)",0.33854270196279157
1.174072321351435,78.99159663865547,0.8369664787406923,0.820238238209934,1.5667808219178083,"(2, 1, 4, 2)","(70, 76, 82, 88)",0.3071245790611421
1.1619493445292084,79.83193277310924,0.8254805301643268,0.8121313965026111,1.5832191780821918,"(2, 1, 4, 2)","(64, 74, 84, 92)",0.2776817886231876
1.1621754125110118,79.83193277310924,0.855279939998701,0.8436412078242671,1.492123287671233,"(2, 1, 4, 3)","(70, 78, 86, 94)",0.3295422439333015
1.1854688767449915,79.83193277310924,0.8423682862384797,0.820238238209934,1.5777397260273973,"(2, 1, 4, 3)","(70, 76, 82, 88)",0.3210249674542828
1.164617131198554,80.67226890756302,0.8344343307621288,0.822146325592435,1.5952054794520547,"(2, 1, 4, 3)","(64, 74, 84, 92)",0.2765719350401484
1.1678335113433835,79.83193277310924,0.8605972686254417,0.8436412078242671,1.5202054794520548,"(2, 1, 4, 4)","(70, 78, 86, 94)",0.32262926472855824
1.1908781684057919,79.83193277310924,0.8472755013447647,0.820238238209934,1.5917808219178082,"(2, 1, 4, 4)","(70, 76, 82, 88)",0.3225487567968242
1.170711758022653,79.83193277310924,0.8634714292892215,0.8436412078242671,1.5397260273972602,"(2, 1, 4, 5)","(70, 78, 86, 94)",0.3162933587729357
1.1731066138530264,79.83193277310924,0.8661514614903256,0.8436412078242671,1.5578767123287671,"(2, 1, 4, 6)","(70, 78, 86, 94)",0.31029546497902827
1.1485982374441275,78.15126050420169,0.8469846923985384,0.8301074155272175,1.4688356164383563,"(2, 1, 5, 1)","(70, 78, 86, 94)",0.31695168249587446
1.162893680429115,78.99159663865547,0.8262039612085562,0.8091481964375528,1.5698630136986302,"(2, 1, 5, 1)","(70, 76, 82, 88)",0.28584708344532195
1.1577988598225741,78.15126050420169,0.8112460525081303,0.7963130687458283,1.5773972602739725,"(2, 1, 5, 1)","(64, 74, 84, 92)",0.27329339898097066
1.1516584070123213,78.99159663865547,0.8496212897062673,0.8393491780710798,1.4756849315068492,"(2, 1, 5, 2)","(70, 78, 86, 94)",0.31882112921236727
1.1672301518416583,79.83193277310924,0.8295637050354623,0.8204342188441146,1.5736301369863013,"(2, 1, 5, 2)","(70, 76, 82, 88)",0.29152957813590596
1.1577988598225741,78.99159663865547,0.8221475114433178,0.808475528509827,1.5904109589041096,"(2, 1, 5, 2)","(64, 74, 84, 92)",0.2672695305579562
1.1602503496175685,78.99159663865547,0.8544422286054613,0.8453512490421616,1.4934931506849316,"(2, 1, 5, 3)","(70, 78, 86, 94)",0.32472659325697417
1.1755592288167882,80.67226890756302,0.8395392345750896,0.8278484017173734,1.577054794520548,"(2, 1, 5, 3)","(70, 76, 82, 88)",0.30423320364689704
1.1659932383915312,80.67226890756302,0.8560360712792395,0.8474033636644337,1.5113013698630138,"(2, 1, 5, 4)","(70, 78, 86, 94)",0.3246485305447228
1.1830299198947352,80.67226890756302,0.8424339685238472,0.8278484017173734,1.5835616438356164,"(2, 1, 5, 4)","(70, 76, 82, 88)",0.3136428204768936
1.1683393428643585,80.67226890756302,0.8607254483401151,0.8474033636644337,1.5315068493150685,"(2, 1, 5, 5)","(70, 78, 86, 94)",0.31672092858500434
1.1903896321690153,81.5126050420168,0.8471327553641808,0.8278484017173734,1.5972602739726027,"(2, 1, 5, 5)","(70, 76, 82, 88)",0.3187716318426173
1.1709437276125056,80.67226890756302,0.8630888576854296,0.8474033636644337,1.5455479452054794,"(2, 1, 5, 6)","(70, 78, 86, 94)",0.31334317930227024
1.1464291804914606,78.15126050420169,0.844065389869911,0.8265174540241312,1.4756849315068492,"(2, 1, 6, 1)","(70, 78, 86, 94)",0.30782808281862134
1.1615200218213555,78.99159663865547,0.8214344487255661,0.8044906429889124,1.5767123287671232,"(2, 1, 6, 1)","(70, 76, 82, 88)",0.2800703466261034
1.1554209879881479,78.15126050420169,0.807810536322228,0.7928473616841041,1.5904109589041096,"(2, 1, 6, 1)","(64, 74, 84, 92)",0.2632420446202968
1.1512166778638455,78.99159663865547,0.8489910844063154,0.837038552606998,1.4832191780821917,"(2, 1, 6, 2)","(70, 78, 86, 94)",0.31293600238301134
1.1658000847878136,78.99159663865547,0.8322930203732986,0.8165862850353666,1.5777397260273973,"(2, 1, 6, 2)","(70, 76, 82, 88)",0.2869805854062926
1.1554209879881479,78.15126050420169,0.8183645156294501,0.8042528766716879,1.5976027397260273,"(2, 1, 6, 2)","(64, 74, 84, 92)",0.26007408878245947
1.158640371655233,78.99159663865547,0.8519625340534511,0.8425105971611492,1.496917808219178,"(2, 1, 6, 3)","(70, 78, 86, 94)",0.3192487148403033
1.1683179018490735,80.67226890756302,0.8359276446490165,0.8276531918766461,1.5818493150684931,"(2, 1, 6, 3)","(70, 76, 82, 88)",0.28928091430211567
1.1651007115291991,79.83193277310924,0.8537546753834994,0.8448034025965993,1.5092465753424658,"(2, 1, 6, 4)","(70, 78, 86, 94)",0.3242058356861207
1.1758651666894004,80.67226890756302,0.8405735578925556,0.8323235523800381,1.5832191780821918,"(2, 1, 6, 4)","(70, 76, 82, 88)",0.30154215310220156
1.1671197494042294,79.83193277310924,0.8570404119908422,0.8489841092505532,1.525,"(2, 1, 6, 5)","(70, 78, 86, 94)",0.31832333219853215
1.1828812955904677,81.5126050420168,0.8436867187282643,0.8347440131355792,1.5928082191780821,"(2, 1, 6, 5)","(70, 76, 82, 88)",0.3084999324807428
1.1690897257781268,80.67226890756302,0.8612726212922905,0.8491467515219344,1.5410958904109588,"(2, 1, 6, 6)","(70, 78, 86, 94)",0.31249493624818364
1.1696888530271636,78.99159663865547,0.8055986030246053,0.792128807027751,1.5852739726027398,"(2, 2, 1, 1)","(64, 72, 80, 88)",0.2899306324396242
1.157968168874229,77.31092436974791,0.8535599575929547,0.8343727995053455,1.4123287671232876,"(2, 2, 1, 1)","(70, 78, 86, 94)",0.38311217035942574
1.1679484664367654,78.15126050420169,0.8361229608266162,0.8061588027224962,1.5229452054794521,"(2, 2, 1, 1)","(70, 76, 82, 88)",0.32115882252479044
1.1627722744363895,78.15126050420169,0.8259681327408105,0.8105850375154559,1.498972602739726,"(2, 2, 1, 1)","(64, 74, 84, 92)",0.3262148533659968
1.1684796903179582,78.15126050420169,0.8602910129787805,0.8343727995053455,1.4386986301369864,"(2, 2, 1, 2)","(70, 78, 86, 94)",0.3840442589605291
1.1745197406828083,78.99159663865547,0.8442994728778286,0.8061588027224962,1.5455479452054794,"(2, 2, 1, 2)","(70, 76, 82, 88)",0.31989808084984317
1.1673135201651599,79.83193277310924,0.8332227017615218,0.8232902597642494,1.5404109589041095,"(2, 2, 1, 2)","(64, 74, 84, 92)",0.309604232498268
1.171728709836953,78.15126050420169,0.8625700604751165,0.8343727995053455,1.4777397260273972,"(2, 2, 1, 3)","(70, 78, 86, 94)",0.35946081198846097
1.179120238872688,79.83193277310924,0.8491461702038822,0.8061588027224962,1.5753424657534247,"(2, 2, 1, 3)","(70, 76, 82, 88)",0.31132803423110056
1.1716993434930703,79.83193277310924,0.8359115189893618,0.8267787185186308,1.5702054794520548,"(2, 2, 1, 3)","(64, 74, 84, 92)",0.3011183681680271
1.1739285867045481,78.15126050420169,0.8682140793981026,0.8343727995053455,1.5044520547945206,"(2, 2, 1, 4)","(70, 78, 86, 94)",0.34478715083318434
1.1891505788240269,79.83193277310924,0.8554886171941779,0.8061588027224962,1.5972602739726027,"(2, 2, 1, 4)","(70, 76, 82, 88)",0.3166970700494028
1.1768327435297683,78.99159663865547,0.8687476097243434,0.8343727995053455,1.527054794520548,"(2, 2, 1, 5)","(70, 78, 86, 94)",0.3355111183280854
1.1772197095811432,78.99159663865547,0.868224562932544,0.8343727995053455,1.5469178082191781,"(2, 2, 1, 6)","(70, 78, 86, 94)",0.3240335328596982
1.1478963489840073,78.15126050420169,0.8500432731683255,0.8351169851613784,1.4273972602739726,"(2, 2, 2, 1)","(70, 78, 86, 94)",0.34603953448181185
1.16679965374257,78.15126050420169,0.8293778732740313,0.8102622225684525,1.542123287671233,"(2, 2, 2, 1)","(70, 76, 82, 88)",0.30767845162874563
1.1623172811269433,77.31092436974791,0.8197941157865668,0.804523925709768,1.5191780821917809,"(2, 2, 2, 1)","(64, 74, 84, 92)",0.3126427842286771
1.1672600428010143,78.99159663865547,0.8591418765564528,0.8351169851613784,1.4678082191780821,"(2, 2, 2, 3)","(70, 78, 86, 94)",0.35753976938430576
1.1733952757444113,79.83193277310924,0.8459388803786037,0.8102622225684525,1.5726027397260274,"(2, 2, 2, 3)","(70, 76, 82, 88)",0.3028195007019623
1.1654031141781844,79.83193277310924,0.8328629378293249,0.8244582828615937,1.5736301369863013,"(2, 2, 2, 3)","(64, 74, 84, 92)",0.2883445333733126
1.1713634264932464,78.99159663865547,0.8666372589755849,0.8351169851613784,1.5157534246575342,"(2, 2, 2, 5)","(70, 78, 86, 94)",0.3322584364942096
1.1446814928320277,78.15126050420169,0.8465179077293704,0.8334623438647598,1.446917808219178,"(2, 2, 3, 1)","(70, 78, 86, 94)",0.3237317694019317
1.1643030384779487,77.31092436974791,0.8245263589659099,0.8113257752668874,1.5541095890410959,"(2, 2, 3, 1)","(70, 76, 82, 88)",0.2965172264249754
1.158197229926025,77.31092436974791,0.8147103336569064,0.7994623667964293,1.5315068493150685,"(2, 2, 3, 1)","(64, 74, 84, 92)",0.29763911815978933
1.1580528873428213,78.99159663865547,0.8511581488098127,0.8405001073116634,1.4517123287671232,"(2, 2, 3, 2)","(70, 78, 86, 94)",0.3498972183783459
1.168640721379229,78.99159663865547,0.8331510540360834,0.8164955035796556,1.5547945205479452,"(2, 2, 3, 2)","(70, 76, 82, 88)",0.30396969532552376
1.158197229926025,78.15126050420169,0.8243009424191031,0.8107075885723382,1.5534246575342465,"(2, 2, 3, 2)","(64, 74, 84, 92)",0.28585143031187693
1.1639839818830453,78.99159663865547,0.8565733357484224,0.8405001073116634,1.4616438356164383,"(2, 2, 3, 3)","(70, 78, 86, 94)",0.3552175275211368
1.1716656673740466,79.83193277310924,0.8416756325867618,0.8164955035796556,1.5671232876712329,"(2, 2, 3, 3)","(70, 76, 82, 88)",0.30269550044215954
1.161844567057964,79.83193277310924,0.8320146049092471,0.8215549706914759,1.5839041095890412,"(2, 2, 3, 3)","(64, 74, 84, 92)",0.2771766192429647
1.1661764618551824,78.99159663865547,0.8582431573618119,0.8405001073116634,1.4893835616438356,"(2, 2, 3, 4)","(70, 78, 86, 94)",0.33956281918623704
1.1745120010575798,79.83193277310924,0.846245828020629,0.8164955035796556,1.5839041095890412,"(2, 2, 3, 4)","(70, 76, 82, 88)",0.29887099301356773
1.1653978420295592,79.83193277310924,0.8339472225256133,0.8247929395341714,1.5969178082191782,"(2, 2, 3, 4)","(64, 74, 84, 92)",0.27708645939547494
1.1673464806216227,78.99159663865547,0.8622282201890591,0.8405001073116634,1.5133561643835616,"(2, 2, 3, 5)","(70, 78, 86, 94)",0.32598513903611637
1.1843118652599944,80.67226890756302,0.8495770946454989,0.8164955035796556,1.5972602739726027,"(2, 2, 3, 5)","(70, 76, 82, 88)",0.30859555421971546
1.1669994572347653,78.99159663865547,0.865130785371832,0.8405001073116634,1.5373287671232876,"(2, 2, 3, 6)","(70, 78, 86, 94)",0.3107956756695441
1.1440795751310104,77.31092436974791,0.8461930964629258,0.829712928649702,1.4568493150684931,"(2, 2, 4, 1)","(70, 78, 86, 94)",0.31537658124628976
1.1621664374267011,77.31092436974791,0.822669867990676,0.8079768734910652,1.5633561643835616,"(2, 2, 4, 1)","(70, 76, 82, 88)",0.2878577491100105
1.149791575171618,78.15126050420169,0.8091546840722058,0.793913554854615,1.54486301369863,"(2, 2, 4, 1)","(64, 74, 84, 92)",0.27491602734200143
1.1594973987119075,78.99159663865547,0.8535681862891275,0.8450996210640674,1.4664383561643837,"(2, 2, 4, 3)","(70, 78, 86, 94)",0.34194743336179867
1.169861532324088,79.83193277310924,0.8378470009134704,0.8228654496971676,1.5698630136986302,"(2, 2, 4, 3)","(70, 76, 82, 88)",0.2980743235494812
1.1594691770390169,79.83193277310924,0.8283595827824857,0.8161044880589747,1.5866438356164383,"(2, 2, 4, 3)","(64, 74, 84, 92)",0.27183303966954425
1.1653961152687047,78.99159663865547,0.8590181559499682,0.8478049281558432,1.5041095890410958,"(2, 2, 4, 5)","(70, 78, 86, 94)",0.32809555474498486
1.1792138499678915,80.67226890756302,0.8471235021655613,0.8228654496971676,1.5924657534246576,"(2, 2, 4, 5)","(70, 76, 82, 88)",0.30248811670881104
1.1417505743900733,77.31092436974791,0.8422751683169097,0.8255429016289003,1.4657534246575343,"(2, 2, 5, 1)","(70, 78, 86, 94)",0.30434682148456915
1.1602222974430958,78.15126050420169,0.820398047775478,0.8032482291411469,1.5736301369863013,"(2, 2, 5, 1)","(70, 76, 82, 88)",0.2793129006172178
1.145023034297459,78.15126050420169,0.806489846407564,0.7913411421847151,1.5613013698630136,"(2, 2, 5, 1)","(64, 74, 84, 92)",0.25836928624074457
1.1466329827115902,78.99159663865547,0.8505576879726027,0.8353446665079612,1.4688356164383563,"(2, 2, 5, 2)","(70, 78, 86, 94)",0.31275990468797904
1.1645234873846073,78.99159663865547,0.8316614107582737,0.8168984043571581,1.5695205479452055,"(2, 2, 5, 2)","(70, 76, 82, 88)",0.28888068741013434
1.1539835281447082,78.15126050420169,0.8166205809576431,0.8029796753114553,1.5780821917808219,"(2, 2, 5, 2)","(64, 74, 84, 92)",0.26636961029771794
1.1566004871921653,79.83193277310924,0.8516024734063568,0.8417578695955461,1.4698630136986301,"(2, 2, 5, 3)","(70, 78, 86, 94)",0.3332896666188942
1.1682713726507057,80.67226890756302,0.8347911549791297,0.8264618295656442,1.5722602739726028,"(2, 2, 5, 3)","(70, 76, 82, 88)",0.29404692288453654
1.1578197554508045,78.15126050420169,0.8241006106867198,0.8116094720066748,1.598972602739726,"(2, 2, 5, 3)","(64, 74, 84, 92)",0.2634840971505713
1.1625039440925682,79.83193277310924,0.8534890784894955,0.8450759377375352,1.4808219178082191,"(2, 2, 5, 4)","(70, 78, 86, 94)",0.33797116577656633
1.1702758341614943,80.67226890756302,0.8403688504007344,0.8317471688354252,1.575,"(2, 2, 5, 4)","(70, 76, 82, 88)",0.2961318854982509
1.162978585438508,79.83193277310924,0.8561051882836286,0.8479561696190241,1.501027397260274,"(2, 2, 5, 5)","(70, 78, 86, 94)",0.3252887692962702
1.1750724790767664,81.5126050420168,0.8441430734814843,0.8321253222507645,1.586986301369863,"(2, 2, 5, 5)","(70, 76, 82, 88)",0.29825649877722155
1.16383907701358,79.83193277310924,0.8603048171475695,0.8516916286476374,1.5232876712328767,"(2, 2, 5, 6)","(70, 78, 86, 94)",0.3130956183767367
1.1832811300493615,81.5126050420168,0.8474764043948815,0.8321253222507645,1.5952054794520547,"(2, 2, 5, 6)","(70, 76, 82, 88)",0.3079291713142323
1.1407853307431763,77.31092436974791,0.8394474126641578,0.822779185688581,1.4743150684931507,"(2, 2, 6, 1)","(70, 78, 86, 94)",0.29681817023110096
1.1591447452635457,78.15126050420169,0.81384742672356,0.7964732614612957,1.5808219178082192,"(2, 2, 6, 1)","(70, 76, 82, 88)",0.27399920764714236
1.1408419627197444,78.15126050420169,0.8043547588014609,0.7892515668251738,1.5756849315068493,"(2, 2, 6, 1)","(64, 74, 84, 92)",0.24465111906106696
1.1524545925204783,78.99159663865547,0.850545371807362,0.8387593041503806,1.4756849315068492,"(2, 2, 6, 3)","(70, 78, 86, 94)",0.32049489572339585
1.1659574341422292,79.83193277310924,0.8352933610766955,0.8197794272523754,1.577054794520548,"(2, 2, 6, 3)","(70, 76, 82, 88)",0.28759389180730516
1.1627015619244452,79.83193277310924,0.8538339171062004,0.8454004846887451,1.4955479452054794,"(2, 2, 6, 5)","(70, 78, 86, 94)",0.3283265796954941
1.1717369514573321,81.5126050420168,0.8419930404562959,0.8319486143939324,1.582876712328767,"(2, 2, 6, 5)","(70, 76, 82, 88)",0.2946368379879024
1.1594118118581798,78.15126050420169,0.795798122540204,0.7792590582666917,1.5811643835616438,"(2, 3, 1, 1)","(64, 72, 80, 88)",0.2742972838101856
1.1397669636410168,76.47058823529412,0.8449053536138617,0.8322672655083044,1.4047945205479453,"(2, 3, 1, 1)","(70, 78, 86, 94)",0.3452787934278926
1.1583897123727542,76.47058823529412,0.8258216465917976,0.8088499818745235,1.5167808219178083,"(2, 3, 1, 1)","(70, 76, 82, 88)",0.3064930153269995
1.1488018218012737,76.47058823529412,0.8195023232643728,0.8043050969753823,1.5037671232876713,"(2, 3, 1, 1)","(64, 74, 84, 92)",0.29537819147499594
1.1447757146915194,77.31092436974791,0.8532452266155853,0.8344588789101087,1.4273972602739726,"(2, 3, 1, 2)","(70, 78, 86, 94)",0.33873805040002936
1.1675053873645564,78.15126050420169,0.8360513560072104,0.8088499818745235,1.5335616438356163,"(2, 3, 1, 2)","(70, 76, 82, 88)",0.3139382099515436
1.1592487883518434,78.15126050420169,0.8277745852258188,0.815325469657813,1.5311643835616437,"(2, 3, 1, 2)","(64, 74, 84, 92)",0.29981074273848024
1.1563986326924434,78.15126050420169,0.8588158499403956,0.8344588789101087,1.45513698630137,"(2, 3, 1, 3)","(70, 78, 86, 94)",0.3436298024544278
1.1760824412101936,78.99159663865547,0.8449336720542204,0.8088499818745235,1.5585616438356165,"(2, 3, 1, 3)","(70, 76, 82, 88)",0.31524262926656355
1.1669576049339099,78.99159663865547,0.831699775691453,0.8240176151481112,1.5544520547945206,"(2, 3, 1, 3)","(64, 74, 84, 92)",0.30112180753984974
1.1657542639681489,78.15126050420169,0.8620592408245591,0.8344588789101087,1.4825342465753424,"(2, 3, 1, 4)","(70, 78, 86, 94)",0.34350777202767546
1.1798640556596038,78.99159663865547,0.8498986825421344,0.8088499818745235,1.5784246575342467,"(2, 3, 1, 4)","(70, 76, 82, 88)",0.31095502813856907
1.171291734635499,78.99159663865547,0.8323659535442571,0.8254028066808666,1.571917808219178,"(2, 3, 1, 4)","(64, 74, 84, 92)",0.2995041108596749
1.1674955917375176,78.15126050420169,0.8660834452568662,0.8344588789101087,1.5047945205479452,"(2, 3, 1, 5)","(70, 78, 86, 94)",0.3318094490322601
1.1826686324317297,78.99159663865547,0.8527916545229058,0.8088499818745235,1.5982876712328766,"(2, 3, 1, 5)","(70, 76, 82, 88)",0.305319065083372
1.172103425595291,78.99159663865547,0.8371642632282648,0.827958622215136,1.5934931506849315,"(2, 3, 1, 5)","(64, 74, 84, 92)",0.28998384462680293
1.1674955917375176,78.99159663865547,0.8688033798080946,0.8344588789101087,1.5253424657534247,"(2, 3, 1, 6)","(70, 78, 86, 94)",0.31883124372460975
1.1395428563265577,76.47058823529412,0.8424628905097682,0.8299049964736638,1.4232876712328768,"(2, 3, 2, 1)","(70, 78, 86, 94)",0.3296643531339389
1.1601927670966605,77.31092436974791,0.8207848613375178,0.8079590403791589,1.5386986301369863,"(2, 3, 2, 1)","(70, 76, 82, 88)",0.29736991730594325
1.1472545089536978,76.47058823529412,0.812607866057713,0.7974555301526688,1.5167808219178083,"(2, 3, 2, 1)","(64, 74, 84, 92)",0.28494576947965383
1.1450550532491224,77.31092436974791,0.8512135751980255,0.8361948459434503,1.4404109589041096,"(2, 3, 2, 2)","(70, 78, 86, 94)",0.3293629513899201
1.166513102948166,78.99159663865547,0.8325491476644634,0.812144058079987,1.54486301369863,"(2, 3, 2, 2)","(70, 76, 82, 88)",0.3056054435000908
1.1517962218320077,78.15126050420169,0.8240599875093356,0.8105441909532356,1.5393835616438356,"(2, 3, 2, 2)","(64, 74, 84, 92)",0.28142537634886505
1.157799346457597,78.99159663865547,0.8555680866645176,0.8361948459434503,1.4568493150684931,"(2, 3, 2, 3)","(70, 78, 86, 94)",0.34540786480973273
1.172208678163416,78.99159663865547,0.8407020404928799,0.812144058079987,1.5568493150684932,"(2, 3, 2, 3)","(70, 76, 82, 88)",0.30925543680023043
1.1600404719806707,78.99159663865547,0.8295121971451055,0.8182722614184196,1.5613013698630136,"(2, 3, 2, 3)","(64, 74, 84, 92)",0.2851239647245629
1.164996880939725,78.99159663865547,0.8577829968168208,0.8361948459434503,1.4743150684931507,"(2, 3, 2, 4)","(70, 78, 86, 94)",0.34786346017617126
1.175854300861554,79.83193277310924,0.8458111462361473,0.812144058079987,1.5736301369863013,"(2, 3, 2, 4)","(70, 76, 82, 88)",0.30656391553178386
1.166230999130455,78.99159663865547,0.8314983915001342,0.8244154838808598,1.571917808219178,"(2, 3, 2, 4)","(64, 74, 84, 92)",0.2906553996772026
1.1679686371738112,78.99159663865547,0.8616190131579733,0.8361948459434503,1.4972602739726026,"(2, 3, 2, 5)","(70, 78, 86, 94)",0.337788168421163
1.1801787156531203,80.67226890756302,0.8505859353939467,0.812144058079987,1.5876712328767124,"(2, 3, 2, 5)","(70, 76, 82, 88)",0.3065978145146335
1.170838026041023,78.99159663865547,0.8344844649142757,0.8267091518158571,1.5907534246575343,"(2, 3, 2, 5)","(64, 74, 84, 92)",0.2891866875592968
1.1679686371738112,78.99159663865547,0.8653275714656885,0.8361948459434503,1.5178082191780822,"(2, 3, 2, 6)","(70, 78, 86, 94)",0.3243838760234978
1.1388096309880869,76.47058823529412,0.8407576513466881,0.8269125230369787,1.4400684931506849,"(2, 3, 3, 1)","(70, 78, 86, 94)",0.315427332673318
1.1592950007303264,77.31092436974791,0.8162964595062333,0.8018084831803596,1.5571917808219178,"(2, 3, 3, 1)","(70, 76, 82, 88)",0.28588899946684276
1.141784002930071,76.47058823529412,0.8084014912319535,0.7932890651314596,1.5284246575342466,"(2, 3, 3, 1)","(64, 74, 84, 92)",0.2683145097574901
1.1450980909410773,77.31092436974791,0.8474676969137602,0.8368506295199276,1.45,"(2, 3, 3, 2)","(70, 78, 86, 94)",0.3224402020912829
1.1657232773514907,78.15126050420169,0.8294294210579545,0.8179582811754796,1.555821917808219,"(2, 3, 3, 2)","(70, 76, 82, 88)",0.2981589463132181
1.1465698985429416,78.15126050420169,0.8188360101733347,0.8055409916240143,1.548972602739726,"(2, 3, 3, 2)","(64, 74, 84, 92)",0.2669894596041107
1.1542178276562973,78.99159663865547,0.8518360853196004,0.8423482601369169,1.4547945205479451,"(2, 3, 3, 3)","(70, 78, 86, 94)",0.3390934162322201
1.1684236254114704,78.99159663865547,0.8360860275248914,0.8179582811754796,1.558904109589041,"(2, 3, 3, 3)","(70, 76, 82, 88)",0.301346192525425
1.1535071133878503,78.15126050420169,0.8267886290336267,0.8150006626025756,1.5599315068493151,"(2, 3, 3, 3)","(64, 74, 84, 92)",0.27415337681499863
1.1638053021015198,78.99159663865547,0.8559032525793121,0.8449326368365264,1.4684931506849315,"(2, 3, 3, 4)","(70, 78, 86, 94)",0.34964289629856565
1.1724242167055063,79.83193277310924,0.8432828918787907,0.8179582811754796,1.5736301369863013,"(2, 3, 3, 4)","(70, 76, 82, 88)",0.30058430613736037
1.1601454968858096,78.99159663865547,0.8326058340513502,0.8222867138249056,1.58013698630137,"(2, 3, 3, 4)","(64, 74, 84, 92)",0.276047727807889
1.1661988983694078,78.99159663865547,0.8570385463693099,0.8449326368365264,1.4907534246575342,"(2, 3, 3, 5)","(70, 78, 86, 94)",0.33866070009676963
1.1773624627277275,80.67226890756302,0.8460012810000336,0.8179582811754796,1.5832191780821918,"(2, 3, 3, 5)","(70, 76, 82, 88)",0.30410944871694906
1.1645341538574867,78.99159663865547,0.8327658435653518,0.8230387850807551,1.597945205479452,"(2, 3, 3, 5)","(64, 74, 84, 92)",0.27516593886819085
1.1657982897593395,78.99159663865547,0.86216086092345,0.8449326368365264,1.5123287671232877,"(2, 3, 3, 6)","(70, 78, 86, 94)",0.32361698268534184
1.1808160624148258,80.67226890756302,0.8503963446919677,0.8179582811754796,1.5952054794520547,"(2, 3, 3, 6)","(70, 76, 82, 88)",0.30378763075448306
1.1368009104621102,76.47058823529412,0.8378385035984385,0.8243112343545698,1.4558219178082192,"(2, 3, 4, 1)","(70, 78, 86, 94)",0.300119202516425
1.1567912755739724,77.31092436974791,0.8128580856667877,0.79752819698701,1.5705479452054794,"(2, 3, 4, 1)","(70, 76, 82, 88)",0.2748082381008401
1.138988489120315,77.31092436974791,0.8055686029441672,0.7907590889946852,1.547945205479452,"(2, 3, 4, 1)","(64, 74, 84, 92)",0.25365399264457494
1.1416396138493967,77.31092436974791,0.8469525545652244,0.8359016782388212,1.4585616438356164,"(2, 3, 4, 2)","(70, 78, 86, 94)",0.30887802273356124
1.1633475042698607,77.31092436974791,0.8261100808885156,0.8152459850374183,1.5643835616438355,"(2, 3, 4, 2)","(70, 76, 82, 88)",0.28942640319659785
1.1445961649745846,78.15126050420169,0.81599223140764,0.8023237184162999,1.5578767123287671,"(2, 3, 4, 2)","(64, 74, 84, 92)",0.2591901790827422
1.150706352569507,78.15126050420169,0.849066189075284,0.8398129972908368,1.4568493150684931,"(2, 3, 4, 3)","(70, 78, 86, 94)",0.32988197114164935
1.1670360411035738,78.99159663865547,0.8313569496763964,0.8221879724383294,1.5606164383561645,"(2, 3, 4, 3)","(70, 76, 82, 88)",0.2979506658658739
1.1493123149555537,78.99159663865547,0.8228847097134466,0.8107473355866517,1.5708904109589041,"(2, 3, 4, 3)","(64, 74, 84, 92)",0.2615428672286844
1.1612715505456992,78.99159663865547,0.8539267439387519,0.845365898735735,1.4691780821917808,"(2, 3, 4, 4)","(70, 78, 86, 94)",0.3437320639368187
1.1697057657428154,78.99159663865547,0.8401766139218338,0.8261280476806623,1.5722602739726028,"(2, 3, 4, 4)","(70, 76, 82, 88)",0.29655346257870785
1.1547436365526145,79.83193277310924,0.8295563021742834,0.8181383750784477,1.5886986301369863,"(2, 3, 4, 4)","(64, 74, 84, 92)",0.2628571371341677
1.1640064991457706,78.99159663865547,0.8563808701350624,0.8470456294400928,1.4886986301369862,"(2, 3, 4, 5)","(70, 78, 86, 94)",0.33559844254074994
1.174799290800208,80.67226890756302,0.844418623570881,0.8261280476806623,1.5767123287671232,"(2, 3, 4, 5)","(70, 76, 82, 88)",0.3030961574445413
1.1635063380388975,78.99159663865547,0.8587026695083257,0.8470456294400928,1.5082191780821919,"(2, 3, 4, 6)","(70, 78, 86, 94)",0.32172406137033727
1.1799659511227627,80.67226890756302,0.8470083758504159,0.8261280476806623,1.5907534246575343,"(2, 3, 4, 6)","(70, 76, 82, 88)",0.30463801581360406
1.137959099583721,77.31092436974791,0.8345554255862139,0.8206060879001503,1.468150684931507,"(2, 3, 5, 1)","(70, 78, 86, 94)",0.294689517764788
1.1537728031692718,78.15126050420169,0.8085752982104603,0.793736415060195,1.5797945205479451,"(2, 3, 5, 1)","(70, 76, 82, 88)",0.26521948331616874
1.1388262921563417,77.31092436974791,0.8035075903944615,0.7887336992143423,1.5606164383561645,"(2, 3, 5, 1)","(64, 74, 84, 92)",0.2476315046405117
1.1384147614660747,77.31092436974791,0.8460214027960887,0.833589578772841,1.4616438356164383,"(2, 3, 5, 2)","(70, 78, 86, 94)",0.2998301954606366
1.1618669186238437,78.15126050420169,0.8282824862507306,0.8129192242386329,1.5674657534246574,"(2, 3, 5, 2)","(70, 76, 82, 88)",0.28524526395994193
1.1428198059698564,78.15126050420169,0.8125907432642815,0.7988088618573418,1.5643835616438355,"(2, 3, 5, 2)","(64, 74, 84, 92)",0.2530545105776583
1.1486887604311953,78.99159663865547,0.8502715495975384,0.8374685614990613,1.4616438356164383,"(2, 3, 5, 3)","(70, 78, 86, 94)",0.32208544544442896
1.1652051728033226,78.99159663865547,0.8343291760028823,0.8190142086327281,1.566095890410959,"(2, 3, 5, 3)","(70, 76, 82, 88)",0.29183248916255405
1.14776259274402,78.15126050420169,0.8194696468547453,0.8068789011550518,1.5746575342465754,"(2, 3, 5, 3)","(64, 74, 84, 92)",0.2571315678263042
1.1568882026571614,79.83193277310924,0.8525767350610609,0.842373127947604,1.472945205479452,"(2, 3, 5, 4)","(70, 78, 86, 94)",0.3317259607233246
1.168591961096987,79.83193277310924,0.8363951913136183,0.8267951565971058,1.5743150684931506,"(2, 3, 5, 4)","(70, 76, 82, 88)",0.2935530867043543
1.1534299509780956,78.99159663865547,0.8260046004527359,0.8143766944981412,1.5921232876712328,"(2, 3, 5, 4)","(64, 74, 84, 92)",0.2591182515072524
1.16175339078023,79.83193277310924,0.854413026051253,0.8461363708732381,1.4866438356164384,"(2, 3, 5, 5)","(70, 78, 86, 94)",0.33238557429857246
1.1727289955285547,81.5126050420168,0.8418106831781522,0.8315051985941871,1.5797945205479451,"(2, 3, 5, 5)","(70, 76, 82, 88)",0.29791415649343167
1.1623247665758538,79.83193277310924,0.8560178773182943,0.8481459295779512,1.502054794520548,"(2, 3, 5, 6)","(70, 78, 86, 94)",0.32332081746350144
1.1765097373504358,81.5126050420168,0.8446177657124952,0.832483409348805,1.5856164383561644,"(2, 3, 5, 6)","(70, 76, 82, 88)",0.30140844038787873
1.1367315294844615,77.31092436974791,0.8311443269623972,0.8175561610952079,1.4763698630136985,"(2, 3, 6, 1)","(70, 78, 86, 94)",0.2870280848990854
1.1568998291458679,78.15126050420169,0.8051937478659349,0.7905482179828216,1.5863013698630137,"(2, 3, 6, 1)","(70, 76, 82, 88)",0.26760952167402696
1.136750104163931,76.47058823529412,0.8024200456229842,0.7872418916502875,1.575,"(2, 3, 6, 1)","(64, 74, 84, 92)",0.2378262681111843
1.1375707206862047,77.31092436974791,0.8430976398787975,0.8312767858813297,1.4719178082191782,"(2, 3, 6, 2)","(70, 78, 86, 94)",0.29151415413912746
1.1602160312725922,78.15126050420169,0.8244244447171748,0.8093017014309987,1.5756849315068493,"(2, 3, 6, 2)","(70, 76, 82, 88)",0.2783050632456688
1.1417021922547084,78.15126050420169,0.8100231440646993,0.7961075692497174,1.5726027397260274,"(2, 3, 6, 2)","(64, 74, 84, 92)",0.2474703357558304
1.1476067471801095,78.99159663865547,0.848656659610456,0.8362981314415878,1.4695205479452054,"(2, 3, 6, 3)","(70, 78, 86, 94)",0.3143776088737562
1.1639214383288738,78.99159663865547,0.8324509728316671,0.8169660228212393,1.5708904109589041,"(2, 3, 6, 3)","(70, 76, 82, 88)",0.2871329333655139
1.1486585244594842,78.15126050420169,0.8181759474800152,0.8054188292676471,1.5808219178082192,"(2, 3, 6, 3)","(64, 74, 84, 92)",0.255945101074112
1.153167556849788,79.83193277310924,0.851445920783874,0.8391783244025582,1.4743150684931507,"(2, 3, 6, 4)","(70, 78, 86, 94)",0.32292365776272963
1.166655919142573,79.83193277310924,0.839471671104579,0.8243559695185845,1.576027397260274,"(2, 3, 6, 4)","(70, 76, 82, 88)",0.28931943156736795
1.1607195609042407,79.83193277310924,0.8528759090473202,0.8444012124592576,1.4856164383561643,"(2, 3, 6, 5)","(70, 78, 86, 94)",0.3309598856420189
1.1701197907549865,80.67226890756302,0.843305349932754,0.829411934584545,1.5784246575342467,"(2, 3, 6, 5)","(70, 76, 82, 88)",0.29410881527801097
1.1608249821461765,79.83193277310924,0.855086739369474,0.8468614268524297,1.5,"(2, 3, 6, 6)","(70, 78, 86, 94)",0.32164996429235293
1.1744394057869723,81.5126050420168,0.8436859223692101,0.8317452533367609,1.5839041095890412,"(2, 3, 6, 6)","(70, 76, 82, 88)",0.2987466656293014
1.1484519457725317,77.31092436974791,0.787691369208319,0.7710669448972978,1.5845890410958905,"(2, 4, 1, 1)","(64, 72, 80, 88)",0.2539424028446354
1.1348977162930702,76.47058823529412,0.8366924684431609,0.8259981258809532,1.4065068493150685,"(2, 4, 1, 1)","(70, 78, 86, 94)",0.3318461091623968
1.1520686967746694,75.63025210084034,0.8107628139936854,0.8010483317712327,1.5171232876712328,"(2, 4, 1, 1)","(70, 76, 82, 88)",0.2940666189284998
1.1434626143813855,76.47058823529412,0.812786549143139,0.7976266723542723,1.4996575342465754,"(2, 4, 1, 1)","(64, 74, 84, 92)",0.2871218875898873
1.1599333747238827,78.99159663865547,0.8000146210119089,0.7855919331281445,1.5962328767123288,"(2, 4, 1, 2)","(64, 72, 80, 88)",0.26823977839961943
1.1430426191643475,78.15126050420169,0.848269080593977,0.8354426535416503,1.4205479452054794,"(2, 4, 1, 2)","(70, 78, 86, 94)",0.34013391527678716
1.1611669418111876,77.31092436974791,0.8319789724544516,0.8092589491840712,1.527054794520548,"(2, 4, 1, 2)","(70, 76, 82, 88)",0.3057878298171981
1.14848913183603,77.31092436974791,0.8230594104437061,0.8097115312854929,1.5212328767123289,"(2, 4, 1, 2)","(64, 74, 84, 92)",0.28488059458686427
1.146754991092947,78.15126050420169,0.8548813223443885,0.8354426535416503,1.444178082191781,"(2, 4, 1, 3)","(70, 78, 86, 94)",0.33039674170501576
1.16998596407238,78.15126050420169,0.8382466545127486,0.8092589491840712,1.5434931506849314,"(2, 4, 1, 3)","(70, 76, 82, 88)",0.31276560497249506
1.1539751974314671,78.99159663865547,0.8274991257878297,0.8168568890734419,1.5496575342465753,"(2, 4, 1, 3)","(64, 74, 84, 92)",0.28012933115257577
1.1500860216863633,78.15126050420169,0.8583073573630429,0.8354426535416503,1.460958904109589,"(2, 4, 1, 4)","(70, 78, 86, 94)",0.3255952327817095
1.16998596407238,78.99159663865547,0.8449994915712143,0.8092589491840712,1.5626712328767123,"(2, 4, 1, 4)","(70, 76, 82, 88)",0.30210530437696265
1.167479406251743,78.99159663865547,0.8302515990152197,0.8232085991101002,1.5626712328767123,"(2, 4, 1, 4)","(64, 74, 84, 92)",0.2976505576719962
1.1558552088222778,78.15126050420169,0.8611860841965078,0.8354426535416503,1.484931506849315,"(2, 4, 1, 5)","(70, 78, 86, 94)",0.32139633457701355
1.1725845338424812,78.99159663865547,0.8497879105078995,0.8092589491840712,1.5797945205479451,"(2, 4, 1, 5)","(70, 76, 82, 88)",0.2976649963497018
1.170010160951957,78.99159663865547,0.8321239236898245,0.8242202880935335,1.5732876712328767,"(2, 4, 1, 5)","(64, 74, 84, 92)",0.29655296892456073
1.1612359908942622,78.99159663865547,0.8655251683732554,0.8354426535416503,1.5068493150684932,"(2, 4, 1, 6)","(70, 78, 86, 94)",0.3181142523048957
1.1740555292714634,78.99159663865547,0.8522789757406848,0.8092589491840712,1.5969178082191782,"(2, 4, 1, 6)","(70, 76, 82, 88)",0.2915904449068692
1.1709191600645554,78.99159663865547,0.8362471465431963,0.8268539389052663,1.5893835616438357,"(2, 4, 1, 6)","(64, 74, 84, 92)",0.28999648308454495
1.1439174504019722,77.31092436974791,0.7832320100830846,0.7669859613476984,1.5986301369863014,"(2, 4, 2, 1)","(64, 72, 80, 88)",0.2404113015868186
1.1365844686966988,76.47058823529412,0.8383840657181554,0.8246167516837215,1.4219178082191781,"(2, 4, 2, 1)","(70, 78, 86, 94)",0.3237229290538641
1.149475696787677,76.47058823529412,0.8122402424424803,0.7984164789373762,1.5328767123287672,"(2, 4, 2, 1)","(70, 76, 82, 88)",0.2805070916581083
1.138450893456141,76.47058823529412,0.8075053145027429,0.7927486021792399,1.5184931506849315,"(2, 4, 2, 1)","(64, 74, 84, 92)",0.2670255012496247
1.1452399083251044,78.15126050420169,0.8511245099730451,0.840346294802112,1.4462328767123287,"(2, 4, 2, 3)","(70, 78, 86, 94)",0.32548007084367214
1.168473277740023,78.99159663865547,0.8322278414927395,0.8132123003361861,1.548972602739726,"(2, 4, 2, 3)","(70, 76, 82, 88)",0.30688831628251245
1.1486389123131042,78.15126050420169,0.8257103281867972,0.8136994270568046,1.5527397260273972,"(2, 4, 2, 3)","(64, 74, 84, 92)",0.26891302599396805
1.1535353406309703,78.15126050420169,0.8572194237884317,0.840346294802112,1.4770547945205479,"(2, 4, 2, 5)","(70, 78, 86, 94)",0.3218400535839435
1.1714790592859092,79.83193277310924,0.8459857504504958,0.8132123003361861,1.5763698630136986,"(2, 4, 2, 5)","(70, 76, 82, 88)",0.29751565841643196
1.1673086108146482,78.99159663865547,0.8312262515679968,0.8227957643102601,1.5753424657534247,"(2, 4, 2, 5)","(64, 74, 84, 92)",0.29079829974926946
1.1357900365081457,76.47058823529412,0.8349220270354148,0.8205428478140795,1.4428082191780822,"(2, 4, 3, 1)","(70, 78, 86, 94)",0.30665654029681777
1.1442393800600126,76.47058823529412,0.8107587446285927,0.7971228819434332,1.5527397260273972,"(2, 4, 3, 1)","(70, 76, 82, 88)",0.26095352526346766
1.1357141996038649,76.47058823529412,0.8040554139795665,0.7892396017405114,1.5335616438356163,"(2, 4, 3, 1)","(64, 74, 84, 92)",0.2543552393089124
1.140385556099862,77.31092436974791,0.8447101130214981,0.8335227144132139,1.4455479452054794,"(2, 4, 3, 2)","(70, 78, 86, 94)",0.31508518356002835
1.1556629117407364,76.47058823529412,0.8243947338509628,0.8138395594251262,1.5537671232876713,"(2, 4, 3, 2)","(70, 76, 82, 88)",0.28109814612427353
1.1416246698701056,76.47058823529412,0.8146785169931472,0.8012012498834169,1.545890410958904,"(2, 4, 3, 2)","(64, 74, 84, 92)",0.2594379146930416
1.1447120164676137,78.15126050420169,0.8492227896610806,0.8398302868195036,1.4486301369863013,"(2, 4, 3, 3)","(70, 78, 86, 94)",0.32256418937819237
1.1657011900500784,78.15126050420169,0.8306200830515172,0.8200554558688935,1.5554794520547945,"(2, 4, 3, 3)","(70, 76, 82, 88)",0.2983030055155543
1.146193589279479,77.31092436974791,0.8226373721402114,0.8106227802710437,1.5623287671232877,"(2, 4, 3, 3)","(64, 74, 84, 92)",0.25997885547873245
1.1492686243753452,78.15126050420169,0.8528332703903524,0.8435453664264596,1.4613013698630137,"(2, 4, 3, 4)","(70, 78, 86, 94)",0.3235815762256925
1.16827948638497,78.99159663865547,0.8387550234921413,0.8200554558688935,1.5654109589041096,"(2, 4, 3, 4)","(70, 76, 82, 88)",0.2976233193483417
1.1541038190229778,78.99159663865547,0.8280753544957314,0.8165407696805694,1.5746575342465754,"(2, 4, 3, 4)","(64, 74, 84, 92)",0.2681663596824166
1.1528949088067724,78.15126050420169,0.8553557476408967,0.8441814984531221,1.475,"(2, 4, 3, 5)","(70, 78, 86, 94)",0.32188401854057336
1.170367182829641,79.83193277310924,0.8441533050895678,0.8200554558688935,1.5736301369863013,"(2, 4, 3, 5)","(70, 76, 82, 88)",0.29699831275376215
1.160383456731404,78.99159663865547,0.831753839679458,0.821481771561716,1.5839041095890412,"(2, 4, 3, 5)","(64, 74, 84, 92)",0.2746743071294426
1.1561864535994406,78.15126050420169,0.8575048101159972,0.8441814984531221,1.4917808219178081,"(2, 4, 3, 6)","(70, 78, 86, 94)",0.3175936243108403
1.1721242841759376,79.83193277310924,0.8465163590795329,0.8200554558688935,1.5839041095890412,"(2, 4, 3, 6)","(70, 76, 82, 88)",0.2947817652749195
1.1635328795894433,78.99159663865547,0.8319442401672305,0.822935529065833,1.5969178082191782,"(2, 4, 3, 6)","(64, 74, 84, 92)",0.27396213907124173
1.1350707242736113,76.47058823529412,0.8333232032439105,0.8186635393000077,1.457876712328767,"(2, 4, 4, 1)","(70, 78, 86, 94)",0.2949936536117765
1.1438575130130029,77.31092436974791,0.8077859000182037,0.7936475182160693,1.5698630136986302,"(2, 4, 4, 1)","(70, 76, 82, 88)",0.2524422704314713
1.1354780639453426,77.31092436974791,0.8011513660517872,0.7864043984985145,1.5472602739726027,"(2, 4, 4, 1)","(64, 74, 84, 92)",0.24755691284130182
1.1444447870318224,78.99159663865547,0.8486292341191835,0.8376045896564681,1.4547945205479451,"(2, 4, 4, 3)","(70, 78, 86, 94)",0.3176045016061156
1.1645868096417293,78.99159663865547,0.8288120014830792,0.819173509925487,1.560958904109589,"(2, 4, 4, 3)","(70, 76, 82, 88)",0.2934026154785407
1.1422691419634246,77.31092436974791,0.8191059565877714,0.8067216518230089,1.5657534246575342,"(2, 4, 4, 3)","(64, 74, 84, 92)",0.2514684591605325
1.1532793317585024,78.99159663865547,0.8544179972495158,0.845861057786196,1.4773972602739727,"(2, 4, 4, 5)","(70, 78, 86, 94)",0.3210729187480824
1.1693987901811795,80.67226890756302,0.8415131037885331,0.828852661446816,1.5787671232876712,"(2, 4, 4, 5)","(70, 76, 82, 88)",0.2926890339225114
1.1557088018895794,79.83193277310924,0.8306035425655719,0.8191290324539007,1.5886986301369863,"(2, 4, 4, 5)","(64, 74, 84, 92)",0.26449662682813946
1.134397517809248,76.47058823529412,0.8298289831556441,0.8152897167864308,1.4654109589041096,"(2, 4, 5, 1)","(70, 78, 86, 94)",0.28877170861148216
1.1508477415414806,77.31092436974791,0.8041219938411139,0.789881710046212,1.5787671232876712,"(2, 4, 5, 1)","(70, 76, 82, 88)",0.2606363344977062
1.1347313888277875,77.31092436974791,0.7986594271358555,0.7839277359060487,1.5575342465753426,"(2, 4, 5, 1)","(64, 74, 84, 92)",0.2416558079712158
1.1376615285058682,77.31092436974791,0.8414215895269882,0.8297363914863439,1.4647260273972602,"(2, 4, 5, 2)","(70, 78, 86, 94)",0.2962208277355455
1.15967757270262,78.15126050420169,0.8190367068181515,0.8075909558993893,1.5743150684931506,"(2, 4, 5, 2)","(70, 76, 82, 88)",0.2780313132329461
1.1405510829078407,77.31092436974791,0.8090125314119548,0.7952139273111836,1.5643835616438355,"(2, 4, 5, 2)","(64, 74, 84, 92)",0.2490346857347663
1.1436886622199682,78.99159663865547,0.8474341619697104,0.8353714059944687,1.465068493150685,"(2, 4, 5, 3)","(70, 78, 86, 94)",0.3089623664818168
1.1628659756473132,78.15126050420169,0.8303538661104024,0.8175609686617287,1.5702054794520548,"(2, 4, 5, 3)","(70, 76, 82, 88)",0.285626816150243
1.1428710070661292,77.31092436974791,0.8160951821978537,0.8036229734992408,1.5695205479452055,"(2, 4, 5, 3)","(64, 74, 84, 92)",0.2508619005610928
1.1471832810837814,78.99159663865547,0.8499730654552213,0.8381051769419515,1.4654109589041096,"(2, 4, 5, 4)","(70, 78, 86, 94)",0.3162436944552184
1.166301661852538,78.99159663865547,0.8342972172222373,0.8202016632458644,1.5671232876712329,"(2, 4, 5, 4)","(70, 76, 82, 88)",0.29323722983660067
1.146747007377253,78.99159663865547,0.8216871635470927,0.8098279652913432,1.5787671232876712,"(2, 4, 5, 4)","(64, 74, 84, 92)",0.25355104233229514
1.151722244891001,78.99159663865547,0.8525775300849187,0.8434780280354794,1.4753424657534246,"(2, 4, 5, 5)","(70, 78, 86, 94)",0.31918512613956973
1.169026178748969,79.83193277310924,0.839518943046876,0.8274642934608071,1.5756849315068493,"(2, 4, 5, 5)","(70, 76, 82, 88)",0.29360882923675774
1.1500592949723425,78.99159663865547,0.8268548532208837,0.8152526199308819,1.5934931506849315,"(2, 4, 5, 5)","(64, 74, 84, 92)",0.25284082014959036
1.157268511398257,78.99159663865547,0.8544205676428969,0.8461145986786652,1.4883561643835617,"(2, 4, 5, 6)","(70, 78, 86, 94)",0.32203650300344355
1.1715916553792005,80.67226890756302,0.8425558698329182,0.829920033495037,1.5808219178082192,"(2, 4, 5, 6)","(70, 76, 82, 88)",0.29542902930852916
1.133856295979791,77.31092436974791,0.827400924207192,0.8135198509063628,1.4715753424657534,"(2, 4, 6, 1)","(70, 78, 86, 94)",0.2838492260428395
1.1547285410743076,76.47058823529412,0.8016686232149521,0.7871976191387103,1.5886986301369863,"(2, 4, 6, 1)","(70, 76, 82, 88)",0.2628314950186027
1.1339334931884604,77.31092436974791,0.7969026756055873,0.7822508110979212,1.5695205479452055,"(2, 4, 6, 1)","(64, 74, 84, 92)",0.23516885153956962
1.140990085670415,77.31092436974791,0.8463863448744617,0.833770718074227,1.4684931506849315,"(2, 4, 6, 3)","(70, 78, 86, 94)",0.3009437501152132
1.161647521798347,78.15126050420169,0.8274661285162673,0.8140362175185137,1.5715753424657535,"(2, 4, 6, 3)","(70, 76, 82, 88)",0.28281052345786306
1.1422844571309494,77.31092436974791,0.8133186195439146,0.8005492918768058,1.5763698630136986,"(2, 4, 6, 3)","(64, 74, 84, 92)",0.2468631104113917
1.1498769068159085,78.99159663865547,0.8526442096415364,0.8406936806602165,1.4767123287671233,"(2, 4, 6, 5)","(70, 78, 86, 94)",0.3143969597000379
1.1678211768226412,79.83193277310924,0.8402335157757653,0.8253929544605157,1.577054794520548,"(2, 4, 6, 5)","(70, 76, 82, 88)",0.29082364173419123
1.1495443510700842,78.99159663865547,0.8244202554679024,0.8126995013010032,1.598972602739726,"(2, 4, 6, 5)","(64, 74, 84, 92)",0.24966809898493197
1.130324573855994,75.63025210084034,0.8350411607821991,0.8207955303943527,1.4184931506849314,"(2, 5, 1, 1)","(70, 78, 86, 94)",0.31141387533510834
1.1469205808609118,76.47058823529412,0.8087892933127108,0.798556344787904,1.5215753424657534,"(2, 5, 1, 1)","(70, 76, 82, 88)",0.281686208873186
1.1403756992226513,75.63025210084034,0.8044956189830837,0.789464682899846,1.5195205479452054,"(2, 5, 1, 1)","(64, 74, 84, 92)",0.2702024006131455
1.1516505832267532,78.15126050420169,0.790951927305527,0.776358307842693,1.593150684931507,"(2, 5, 1, 2)","(64, 72, 80, 88)",0.25566957449314043
1.1397793949805186,78.15126050420169,0.8416560965020249,0.8333806802759107,1.4133561643835617,"(2, 5, 1, 2)","(70, 78, 86, 94)",0.3381572770034087
1.1542773840337508,77.31092436974791,0.8226633427531083,0.8089305414276342,1.5243150684931508,"(2, 5, 1, 2)","(70, 76, 82, 88)",0.2942455658906285
1.1430696025383087,77.31092436974791,0.8176691319970846,0.8043836401900378,1.5191780821917809,"(2, 5, 1, 2)","(64, 74, 84, 92)",0.2755694191371117
1.1444147431926246,78.15126050420169,0.8487459164407324,0.8368299838022988,1.4352739726027397,"(2, 5, 1, 3)","(70, 78, 86, 94)",0.33177895367621074
1.1598924024878818,77.31092436974791,0.8333715919763063,0.8089305414276342,1.5345890410958904,"(2, 5, 1, 3)","(70, 76, 82, 88)",0.2990940520593305
1.1461852748040409,77.31092436974791,0.8242437634832679,0.8123748781875801,1.5431506849315069,"(2, 5, 1, 3)","(64, 74, 84, 92)",0.26914312889520764
1.1471034519235026,78.15126050420169,0.8561190266937018,0.8368299838022988,1.4513698630136986,"(2, 5, 1, 4)","(70, 78, 86, 94)",0.32590446101413323
1.1658298428771112,78.99159663865547,0.8413511986624769,0.8089305414276342,1.5493150684931507,"(2, 5, 1, 4)","(70, 76, 82, 88)",0.3018847513722972
1.1506376573012507,78.15126050420169,0.8273343950930561,0.8178367616378208,1.5606164383561645,"(2, 5, 1, 4)","(64, 74, 84, 92)",0.2687000362368063
1.1501839774870584,78.15126050420169,0.8575881563375812,0.8368299838022988,1.4647260273972602,"(2, 5, 1, 5)","(70, 78, 86, 94)",0.3231667017407594
1.169534822301823,79.83193277310924,0.8452881908270079,0.8089305414276342,1.5664383561643835,"(2, 5, 1, 5)","(70, 76, 82, 88)",0.29929968628858705
1.1534003341844157,78.99159663865547,0.8307235934061243,0.8225820427130811,1.5715753424657535,"(2, 5, 1, 5)","(64, 74, 84, 92)",0.268381651179445
1.1535469804826866,78.15126050420169,0.8609384337744952,0.8368299838022988,1.4863013698630136,"(2, 5, 1, 6)","(70, 78, 86, 94)",0.3157444950770738
1.171825653427284,79.83193277310924,0.8488665034915485,0.8089305414276342,1.5842465753424657,"(2, 5, 1, 6)","(70, 76, 82, 88)",0.29409783587788346
1.1555414721910364,78.99159663865547,0.8324981577500826,0.8234015321708529,1.5787671232876712,"(2, 5, 1, 6)","(64, 74, 84, 92)",0.26874621230640616
1.1334186982434988,75.63025210084034,0.8329369389290374,0.8186476190185427,1.4263698630136987,"(2, 5, 2, 1)","(70, 78, 86, 94)",0.312917750097202
1.1436373836835272,76.47058823529412,0.8098953663455114,0.7957614016918684,1.5359589041095891,"(2, 5, 2, 1)","(70, 76, 82, 88)",0.26800074144146924
1.136437611754363,75.63025210084034,0.8009751458174871,0.7859604897927878,1.5321917808219179,"(2, 5, 2, 1)","(64, 74, 84, 92)",0.2563692576079409
1.1403407769429474,76.47058823529412,0.8418762608283226,0.8310635842614664,1.4297945205479452,"(2, 5, 2, 2)","(70, 78, 86, 94)",0.3265299351979335
1.1540094958291338,77.31092436974791,0.8213724261021751,0.8101168342486678,1.534931506849315,"(2, 5, 2, 2)","(70, 76, 82, 88)",0.2879050754296228
1.141709570271454,76.47058823529412,0.8143511393589111,0.8009822907699146,1.5328767123287672,"(2, 5, 2, 2)","(64, 74, 84, 92)",0.2659331267304919
1.1438655421175883,78.15126050420169,0.848505019230441,0.837631795221029,1.441095890410959,"(2, 5, 2, 3)","(70, 78, 86, 94)",0.3261548004529175
1.1607811609552465,77.31092436974791,0.8301995445659984,0.8135965773337801,1.5431506849315069,"(2, 5, 2, 3)","(70, 76, 82, 88)",0.2960157566136947
1.1443258665040608,77.31092436974791,0.8225232083083012,0.8102445720285748,1.5472602739726027,"(2, 5, 2, 3)","(64, 74, 84, 92)",0.26372436182218867
1.1458365283423373,78.15126050420169,0.8520158257063222,0.8388450566036784,1.4530821917808219,"(2, 5, 2, 4)","(70, 78, 86, 94)",0.3218765402567082
1.165503336723248,79.83193277310924,0.8354395461123858,0.8135965773337801,1.5551369863013698,"(2, 5, 2, 4)","(70, 76, 82, 88)",0.29813062506593707
1.1490521919425445,78.15126050420169,0.8265181252353229,0.8153340344474796,1.5626712328767123,"(2, 5, 2, 4)","(64, 74, 84, 92)",0.26490103498005474
1.1495892991603998,78.15126050420169,0.8560760364108644,0.8388450566036784,1.4633561643835618,"(2, 5, 2, 5)","(70, 78, 86, 94)",0.322838694418601
1.1691547683827848,79.83193277310924,0.8438807691915888,0.8135965773337801,1.5671232876712329,"(2, 5, 2, 5)","(70, 76, 82, 88)",0.2982680698537026
1.1532520005195352,78.99159663865547,0.8287594674280261,0.8202880951998065,1.5756849315068493,"(2, 5, 2, 5)","(64, 74, 84, 92)",0.2662081151201921
1.1535795430835873,78.15126050420169,0.857771015471208,0.8388450566036784,1.479109589041096,"(2, 5, 2, 6)","(70, 78, 86, 94)",0.32055201272628664
1.1708360869595063,79.83193277310924,0.8460948187691921,0.8135965773337801,1.576027397260274,"(2, 5, 2, 6)","(70, 76, 82, 88)",0.2965763221889169
1.1591709625063886,78.99159663865547,0.8308542357051903,0.8224482190546722,1.5797945205479451,"(2, 5, 2, 6)","(64, 74, 84, 92)",0.2745299530529562
1.1331867819689079,75.63025210084034,0.8312331674891399,0.8165023425624849,1.4421232876712329,"(2, 5, 3, 1)","(70, 78, 86, 94)",0.30124353473990007
1.142718052435502,76.47058823529412,0.8067629492199359,0.792835696581203,1.5493150684931507,"(2, 5, 3, 1)","(70, 76, 82, 88)",0.2598109183987943
1.1315475162660795,76.47058823529412,0.7996170192498736,0.7847485782366811,1.5404109589041095,"(2, 5, 3, 1)","(64, 74, 84, 92)",0.24342125950377203
1.1381127505337696,76.47058823529412,0.8416532320976455,0.8297396273764979,1.4421232876712329,"(2, 5, 3, 2)","(70, 78, 86, 94)",0.31238515225298774
1.1499488312910833,76.47058823529412,0.8188149951875903,0.8071360116140881,1.55,"(2, 5, 3, 2)","(70, 76, 82, 88)",0.27263423871106046
1.1384898017801561,76.47058823529412,0.8107544442633261,0.7973637394695149,1.5476027397260275,"(2, 5, 3, 2)","(64, 74, 84, 92)",0.25290195196876536
1.1421948074509791,78.15126050420169,0.8463957845605805,0.8351738403764843,1.4476027397260274,"(2, 5, 3, 3)","(70, 78, 86, 94)",0.31768082460356467
1.158958162551876,77.31092436974791,0.828064941282757,0.818386646383432,1.553082191780822,"(2, 5, 3, 3)","(70, 76, 82, 88)",0.28740423198233905
1.1421512013748447,76.47058823529412,0.8195382961088521,0.8072608180705154,1.5551369863013698,"(2, 5, 3, 3)","(64, 74, 84, 92)",0.2560650882261238
1.145106373056006,78.15126050420169,0.8490466533432883,0.839514332059662,1.4527397260273973,"(2, 5, 3, 4)","(70, 78, 86, 94)",0.3205072687772599
1.1654658996970515,78.15126050420169,0.8318254314300809,0.8208808481276634,1.5585616438356165,"(2, 5, 3, 4)","(70, 76, 82, 88)",0.2962357002546845
1.1462825111447472,77.31092436974791,0.8251298133298669,0.8134746949304313,1.5726027397260274,"(2, 5, 3, 4)","(64, 74, 84, 92)",0.2554694572623576
1.149769929716141,78.15126050420169,0.8539328361146978,0.8447888069590863,1.466095890410959,"(2, 5, 3, 5)","(70, 78, 86, 94)",0.321328578083124
1.1683037407677639,79.83193277310924,0.8403412233544807,0.8228372474200684,1.569178082191781,"(2, 5, 3, 5)","(70, 76, 82, 88)",0.29569610291327947
1.1535240446825559,78.99159663865547,0.8294637341382,0.8180341187277078,1.582191780821918,"(2, 5, 3, 5)","(64, 74, 84, 92)",0.26370012380768415
1.1532517504442403,78.15126050420169,0.8557676875355184,0.8448304485861913,1.4784246575342466,"(2, 5, 3, 6)","(70, 78, 86, 94)",0.32032577759282876
1.1703858534943266,79.83193277310924,0.8445814605397641,0.8228372474200684,1.5732876712328767,"(2, 5, 3, 6)","(70, 76, 82, 88)",0.297208298807308
1.1600937002205687,78.99159663865547,0.8317382072263092,0.8215372358897663,1.5904109589041096,"(2, 5, 3, 6)","(64, 74, 84, 92)",0.2711563832042115
1.1324973368124935,75.63025210084034,0.8291965142114186,0.8142089120822047,1.4554794520547945,"(2, 5, 4, 1)","(70, 78, 86, 94)",0.2908964086409633
1.1418607202189914,76.47058823529412,0.8041863992166608,0.7892755952523363,1.5636986301369864,"(2, 5, 4, 1)","(70, 76, 82, 88)",0.2516605729279799
1.1329702307716756,77.31092436974791,0.7975047255053611,0.7829376056208723,1.548972602739726,"(2, 5, 4, 1)","(64, 74, 84, 92)",0.24221651519232237
1.1358585136151513,77.31092436974791,0.839390175840774,0.8276937833015858,1.457876712328767,"(2, 5, 4, 2)","(70, 78, 86, 94)",0.2967141808199267
1.1484086692350903,77.31092436974791,0.8146392347655412,0.80290284567475,1.563013698630137,"(2, 5, 4, 2)","(70, 76, 82, 88)",0.26359690642728933
1.1381425886942806,77.31092436974791,0.8074571961539203,0.7938996999418305,1.5561643835616439,"(2, 5, 4, 2)","(64, 74, 84, 92)",0.24838445750449473
1.141557156383252,78.99159663865547,0.8454517702931541,0.8337376462945185,1.4527397260273973,"(2, 5, 4, 3)","(70, 78, 86, 94)",0.31266784919750074
1.1575646250672817,78.15126050420169,0.8291306496785573,0.8155817506137976,1.560958904109589,"(2, 5, 4, 3)","(70, 76, 82, 88)",0.2808844354068759
1.141848756339892,77.31092436974791,0.8153098440682403,0.8027838901568564,1.5602739726027397,"(2, 5, 4, 3)","(64, 74, 84, 92)",0.253177486865822
1.1444955954431668,78.99159663865547,0.8482276337881735,0.8384658685125865,1.4558219178082192,"(2, 5, 4, 4)","(70, 78, 86, 94)",0.3170001042028903
1.1651150567852462,78.99159663865547,0.8322714155856898,0.8190496097279769,1.560958904109589,"(2, 5, 4, 4)","(70, 76, 82, 88)",0.29434430147308843
1.1442796592485165,78.15126050420169,0.8217873342226418,0.8099511082892651,1.5729452054794522,"(2, 5, 4, 4)","(64, 74, 84, 92)",0.2518210430398494
1.1492171751576645,78.99159663865547,0.8510478498896731,0.8421560838959686,1.4667808219178082,"(2, 5, 4, 5)","(70, 78, 86, 94)",0.31967289175376407
1.1668999723338425,80.67226890756302,0.8373539735454986,0.825442050488948,1.5684931506849316,"(2, 5, 4, 5)","(70, 76, 82, 88)",0.29358308386434934
1.14927494646755,78.99159663865547,0.8261873449323301,0.8145846382718381,1.5873287671232876,"(2, 5, 4, 5)","(64, 74, 84, 92)",0.2541590925278403
1.152499325473859,78.99159663865547,0.854813051870253,0.8463147480327393,1.4804794520547946,"(2, 5, 4, 6)","(70, 78, 86, 94)",0.3173899004872901
1.1687572667532737,80.67226890756302,0.8427963912811093,0.830114374562552,1.576027397260274,"(2, 5, 4, 6)","(70, 76, 82, 88)",0.2929674309866583
1.155303549672953,79.83193277310924,0.8311686035013115,0.8196603215855206,1.5934931506849315,"(2, 5, 4, 6)","(64, 74, 84, 92)",0.2616770715782011
1.1327669271366059,76.47058823529412,0.8261497332146748,0.8114793427377237,1.461986301369863,"(2, 5, 5, 1)","(70, 78, 86, 94)",0.28738282226752343
1.1489315942945382,77.31092436974791,0.8001289996770851,0.785840259829435,1.5753424657534247,"(2, 5, 5, 1)","(70, 76, 82, 88)",0.2588572948452687
1.1325373395408098,76.47058823529412,0.7958719597004281,0.7810940014514834,1.5599315068493151,"(2, 5, 5, 1)","(64, 74, 84, 92)",0.23670277153465727
1.1357518918415705,77.31092436974791,0.8371987396030168,0.8257898221424037,1.4647260273972602,"(2, 5, 5, 2)","(70, 78, 86, 94)",0.29211166114766846
1.1549432597712295,77.31092436974791,0.812464852594651,0.800326511975844,1.5726027397260274,"(2, 5, 5, 2)","(70, 76, 82, 88)",0.27059468811721893
1.137166866295635,77.31092436974791,0.8056727724216273,0.7920039181174826,1.5636986301369864,"(2, 5, 5, 2)","(64, 74, 84, 92)",0.24333368747463782
1.1398942663904668,77.31092436974791,0.8446758543485844,0.8327895465193415,1.4606164383561644,"(2, 5, 5, 3)","(70, 78, 86, 94)",0.3037109723867382
1.156307610220152,78.15126050420169,0.8255156844903699,0.8121510803592519,1.5684931506849316,"(2, 5, 5, 3)","(70, 76, 82, 88)",0.2749507360499058
1.1413549249747204,77.31092436974791,0.8128825863130187,0.8001656721555671,1.5688356164383561,"(2, 5, 5, 3)","(64, 74, 84, 92)",0.24849872421805144
1.1444479832412955,78.99159663865547,0.8495538301187437,0.8374234640516204,1.4616438356164383,"(2, 5, 5, 4)","(70, 78, 86, 94)",0.31289919218440865
1.163427153688951,78.99159663865547,0.8320781201715469,0.8178961079746135,1.5667808219178083,"(2, 5, 5, 4)","(70, 76, 82, 88)",0.2883427726717445
1.1415134279041736,78.15126050420169,0.8182816556979136,0.8062398062962168,1.579109589041096,"(2, 5, 5, 4)","(64, 74, 84, 92)",0.24436381400365878
1.1482578867210012,78.99159663865547,0.8523104297277063,0.8396299800198516,1.4695205479452054,"(2, 5, 5, 5)","(70, 78, 86, 94)",0.3157644268601922
1.1657649966202916,79.83193277310924,0.8380123144766822,0.8227582045162106,1.5684931506849316,"(2, 5, 5, 5)","(70, 76, 82, 88)",0.29158662056099494
1.1465306994613937,78.99159663865547,0.824081515463967,0.8123797749784082,1.588013698630137,"(2, 5, 5, 5)","(64, 74, 84, 92)",0.24919606431407673
1.1516508873076028,78.99159663865547,0.8537118046459553,0.8448769198502248,1.4804794520547946,"(2, 5, 5, 6)","(70, 78, 86, 94)",0.31562408477419823
1.1678965913826769,80.67226890756302,0.8416738937447263,0.8280137349695325,1.5780821917808219,"(2, 5, 5, 6)","(70, 76, 82, 88)",0.29043723153875384
1.150091972159532,79.83193277310924,0.8289656910546693,0.8173933292887827,1.5982876712328766,"(2, 5, 5, 6)","(64, 74, 84, 92)",0.25086923795411187
1.13205062999189,75.63025210084034,0.8244818649805838,0.8101628651906049,1.4719178082191782,"(2, 5, 6, 1)","(70, 78, 86, 94)",0.27981700985219066
1.150009634518785,76.47058823529412,0.7983853233756705,0.7841458453740289,1.590068493150685,"(2, 5, 6, 1)","(70, 76, 82, 88)",0.2542241049302681
1.140868275811931,76.47058823529412,0.794968308468189,0.7802360184592443,1.5726027397260274,"(2, 5, 6, 1)","(64, 74, 84, 92)",0.24601397450409015
1.1351992068865744,77.31092436974791,0.8353812980542478,0.8236255920199163,1.4684931506849315,"(2, 5, 6, 2)","(70, 78, 86, 94)",0.28858310241871143
1.1557957352884338,77.31092436974791,0.8096581507402266,0.7971123288703954,1.5815068493150686,"(2, 5, 6, 2)","(70, 76, 82, 88)",0.26791728329930903
1.141464560566463,77.31092436974791,0.8044564929045726,0.7903907383019771,1.5715753424657535,"(2, 5, 6, 2)","(64, 74, 84, 92)",0.24749941093713126
1.1379678696638929,77.31092436974791,0.8439341595721938,0.8313395368762005,1.4688356164383563,"(2, 5, 6, 3)","(70, 78, 86, 94)",0.29427770593029
1.1597722966106254,78.15126050420169,0.8228991000767457,0.8092425378538568,1.5743150684931506,"(2, 5, 6, 3)","(70, 76, 82, 88)",0.27819624693084455
1.141464560566463,77.31092436974791,0.8107657120604913,0.7979205305916728,1.5780821917808219,"(2, 5, 6, 3)","(64, 74, 84, 92)",0.24471357633535082
1.1440305464312555,78.99159663865547,0.8485890052412575,0.8360754649460275,1.4705479452054795,"(2, 5, 6, 4)","(70, 78, 86, 94)",0.306091117597719
1.162580966006954,78.99159663865547,0.8315563000706229,0.8170079388813976,1.5715753424657535,"(2, 5, 6, 4)","(70, 76, 82, 88)",0.2844436313602789
1.1425597857787853,78.15126050420169,0.8160574210427676,0.8038915950322784,1.58013698630137,"(2, 5, 6, 4)","(64, 74, 84, 92)",0.2457346956753559
1.1471374936466974,78.99159663865547,0.8501813311650115,0.8371164904258924,1.4715753424657534,"(2, 5, 6, 5)","(70, 78, 86, 94)",0.3120126953147105
1.1647094554830542,78.99159663865547,0.8347233378425202,0.8194512933274231,1.571917808219178,"(2, 5, 6, 5)","(70, 76, 82, 88)",0.2879949760542025
1.1449150236045302,78.99159663865547,0.82196274051176,0.810169261608545,1.5883561643835618,"(2, 5, 6, 5)","(64, 74, 84, 92)",0.246304929525744
1.150816097375083,78.99159663865547,0.8532448322768258,0.8418389556840177,1.479109589041096,"(2, 5, 6, 6)","(70, 78, 86, 94)",0.3147841346213311
1.1672782316146268,80.67226890756302,0.8402451589763297,0.8253200429032788,1.577054794520548,"(2, 5, 6, 6)","(70, 76, 82, 88)",0.2898827515220833
1.1480586537874247,78.99159663865547,0.8263787837093057,0.8147093858981095,1.6,"(2, 5, 6, 6)","(64, 74, 84, 92)",0.24676442297904108
1.1283737833995489,75.63025210084034,0.8320424737356179,0.8176304976516439,1.4202054794520549,"(2, 6, 1, 1)","(70, 78, 86, 94)",0.3055024022222352
1.14102073731943,75.63025210084034,0.8061354442423236,0.7922763408249242,1.5267123287671234,"(2, 6, 1, 1)","(70, 76, 82, 88)",0.26773768073649923
1.1274898001507663,75.63025210084034,0.7996528617980772,0.7840329901103402,1.5243150684931508,"(2, 6, 1, 1)","(64, 74, 84, 92)",0.24315494215560904
1.1473775767630157,77.31092436974791,0.7860669801408058,0.7713560429930765,1.5938356164383563,"(2, 6, 1, 2)","(64, 72, 80, 88)",0.24817907967013014
1.1307204707843803,75.63025210084034,0.8365469692621638,0.8289254116248326,1.4126712328767124,"(2, 6, 1, 2)","(70, 78, 86, 94)",0.3167666180003241
1.1497884424835556,77.31092436974791,0.812952183253626,0.8039076575316534,1.5253424657534247,"(2, 6, 1, 2)","(70, 76, 82, 88)",0.28512532728290896
1.1403667241741358,76.47058823529412,0.8135217887753795,0.8001990571346886,1.5143835616438357,"(2, 6, 1, 2)","(64, 74, 84, 92)",0.2728833785542452
1.1431889700704627,77.31092436974791,0.8428291245855278,0.8347185372778483,1.428082191780822,"(2, 6, 1, 3)","(70, 78, 86, 94)",0.33448943408460086
1.1542295442875385,77.31092436974791,0.8278444246188157,0.8100180761220717,1.5277397260273973,"(2, 6, 1, 3)","(70, 76, 82, 88)",0.29224547003219503
1.140417936646183,77.31092436974791,0.8203891303094577,0.8082039575075349,1.536986301369863,"(2, 6, 1, 3)","(64, 74, 84, 92)",0.2614925861013103
1.144985512580913,78.15126050420169,0.848796390171863,0.8347185372778483,1.4424657534246574,"(2, 6, 1, 4)","(70, 78, 86, 94)",0.3276762358639829
1.1542295442875385,78.15126050420169,0.8349589159255026,0.8100180761220717,1.5393835616438356,"(2, 6, 1, 4)","(70, 76, 82, 88)",0.28593667893308733
1.1468967412589648,78.15126050420169,0.8246434255056845,0.8137898107195343,1.5568493150684932,"(2, 6, 1, 4)","(64, 74, 84, 92)",0.26379980595090846
1.1476110498729268,78.15126050420169,0.8550158862026094,0.8347185372778483,1.4554794520547945,"(2, 6, 1, 5)","(70, 78, 86, 94)",0.32407839520973414
1.1617527355612345,78.99159663865547,0.8421936845870744,0.8100180761220717,1.5551369863013698,"(2, 6, 1, 5)","(70, 76, 82, 88)",0.2913744527074675
1.1502720314856247,78.15126050420169,0.8272052809648708,0.8182604074630376,1.5698630136986302,"(2, 6, 1, 5)","(64, 74, 84, 92)",0.263698516789678
1.1496246505817462,78.15126050420169,0.8565293163520034,0.8347185372778483,1.4671232876712328,"(2, 6, 1, 6)","(70, 78, 86, 94)",0.320310835556231
1.1685987786064769,78.99159663865547,0.8449730153342181,0.8100180761220717,1.566095890410959,"(2, 6, 1, 6)","(70, 76, 82, 88)",0.2978272435153735
1.152451919655565,78.15126050420169,0.8306522069979176,0.8210606210212906,1.577054794520548,"(2, 6, 1, 6)","(64, 74, 84, 92)",0.2641896767918395
1.130213675412531,75.63025210084034,0.828458927457357,0.8137250482650045,1.4393835616438355,"(2, 6, 2, 1)","(70, 78, 86, 94)",0.29635536415010943
1.1402571760029148,75.63025210084034,0.8024770241621147,0.788262949952232,1.5414383561643836,"(2, 6, 2, 1)","(70, 76, 82, 88)",0.25904551165623724
1.1304796919599585,75.63025210084034,0.7984729650499847,0.7833958647711087,1.540068493150685,"(2, 6, 2, 1)","(64, 74, 84, 92)",0.24159841504316973
1.1421813956229505,78.15126050420169,0.8414353301996965,0.8336692954060074,1.4363013698630136,"(2, 6, 2, 3)","(70, 78, 86, 94)",0.32587886594899185
1.1555206583620314,77.31092436974791,0.8265673882830303,0.8159685348614765,1.5386986301369863,"(2, 6, 2, 3)","(70, 76, 82, 88)",0.2886969627572357
1.1404696627233337,77.31092436974791,0.8172680857474276,0.8047625419222603,1.5465753424657533,"(2, 6, 2, 3)","(64, 74, 84, 92)",0.256999633553969
1.1465504456401296,78.15126050420169,0.8533646844141243,0.838123947832851,1.4568493150684931,"(2, 6, 2, 5)","(70, 78, 86, 94)",0.32078508341017886
1.1630850756261133,78.99159663865547,0.8395504689813356,0.8175381470264372,1.5595890410958904,"(2, 6, 2, 5)","(70, 76, 82, 88)",0.29143722204911315
1.148374694442752,78.15126050420169,0.8266899761473918,0.8156285676764448,1.576027397260274,"(2, 6, 2, 5)","(64, 74, 84, 92)",0.25758270378884407
1.1319473191765261,74.78991596638656,0.8269676160484778,0.8117839843997612,1.4448630136986302,"(2, 6, 3, 1)","(70, 78, 86, 94)",0.2966021339456938
1.1398094816112387,75.63025210084034,0.7999314420820886,0.7854087157201485,1.5520547945205478,"(2, 6, 3, 1)","(70, 76, 82, 88)",0.2532529071369834
1.127832090280076,75.63025210084034,0.7966251819962832,0.7817520836999023,1.5517123287671233,"(2, 6, 3, 1)","(64, 74, 84, 92)",0.23170062297816388
1.1329357637564796,75.63025210084034,0.8377915070727596,0.8256912022934747,1.4417808219178083,"(2, 6, 3, 2)","(70, 78, 86, 94)",0.30090886059606237
1.1475495095431423,76.47058823529412,0.8111841682862404,0.7988261438277676,1.5462328767123288,"(2, 6, 3, 2)","(70, 76, 82, 88)",0.2701219861228686
1.1354019284984063,76.47058823529412,0.8078714134541718,0.7944733424602927,1.5455479452054794,"(2, 6, 3, 2)","(64, 74, 84, 92)",0.24819436987780685
1.1410532272468954,76.47058823529412,0.8441547495160653,0.8326747309520675,1.4434931506849316,"(2, 6, 3, 3)","(70, 78, 86, 94)",0.31805052012427376
1.155295790793233,77.31092436974791,0.8246493475309336,0.8115780970062999,1.5496575342465753,"(2, 6, 3, 3)","(70, 76, 82, 88)",0.2825319059914272
1.1399207138007912,76.47058823529412,0.8145774293043166,0.8018644293436613,1.5544520547945206,"(2, 6, 3, 3)","(64, 74, 84, 92)",0.25235854496498467
1.143500839137751,78.15126050420169,0.8476199382846807,0.837763935770913,1.4503424657534247,"(2, 6, 3, 4)","(70, 78, 86, 94)",0.31864825116519613
1.1563156447561356,77.31092436974791,0.8302703705902061,0.8189759960005865,1.551027397260274,"(2, 6, 3, 4)","(70, 76, 82, 88)",0.28368034971281286
1.143292536757822,77.31092436974791,0.8225442997078707,0.8107785245121546,1.5664383561643835,"(2, 6, 3, 4)","(64, 74, 84, 92)",0.2529711047961548
1.1453577668714945,78.15126050420169,0.8502972513615191,0.840919564773196,1.4585616438356164,"(2, 6, 3, 5)","(70, 78, 86, 94)",0.31698631759877816
1.1586655409733455,78.15126050420169,0.8345210608007206,0.822426288823192,1.5623287671232877,"(2, 6, 3, 5)","(70, 76, 82, 88)",0.2821579656773257
1.1460990234877615,77.31092436974791,0.8255950442481007,0.8141299374231379,1.58013698630137,"(2, 6, 3, 5)","(64, 74, 84, 92)",0.2518353887746538
1.1490453805853078,78.15126050420169,0.8547810978005483,0.8455742769527351,1.4667808219178082,"(2, 6, 3, 6)","(70, 78, 86, 94)",0.31930485055693236
1.1683029605174566,79.83193277310924,0.8418803562703915,0.8264815916711314,1.5722602739726028,"(2, 6, 3, 6)","(70, 76, 82, 88)",0.2941021213111749
1.1490376138183194,78.15126050420169,0.8298464994268,0.8187098458012182,1.5863013698630137,"(2, 6, 3, 6)","(64, 74, 84, 92)",0.2541996684284419
1.1301016922687077,75.63025210084034,0.8245596548963895,0.8092353414767524,1.452054794520548,"(2, 6, 4, 1)","(70, 78, 86, 94)",0.2878007132004746
1.1434132171079392,76.47058823529412,0.798010940490445,0.7827626394324826,1.560958904109589,"(2, 6, 4, 1)","(70, 76, 82, 88)",0.25565726126690014
1.1297116875913664,76.47058823529412,0.7949046376598323,0.7802472591486265,1.5602739726027397,"(2, 6, 4, 1)","(64, 74, 84, 92)",0.23151474802371025
1.140450817800364,77.31092436974791,0.8430947188609754,0.831259687770724,1.454109589041096,"(2, 6, 4, 3)","(70, 78, 86, 94)",0.30928837705660855
1.1540934730438928,78.15126050420169,0.8239642609409525,0.8103082062079805,1.5571917808219178,"(2, 6, 4, 3)","(70, 76, 82, 88)",0.27655374387717696
1.138582316910419,77.31092436974791,0.8125433033793497,0.7997359204498071,1.561986301369863,"(2, 6, 4, 3)","(64, 74, 84, 92)",0.24659376318002654
1.1450197138092348,78.99159663865547,0.8486928940174583,0.8390346897532465,1.4606164383561644,"(2, 6, 4, 5)","(70, 78, 86, 94)",0.3148383377865916
1.1627264526770285,78.15126050420169,0.8336580547331243,0.8197876798117044,1.5647260273972603,"(2, 6, 4, 5)","(70, 76, 82, 88)",0.2881511472510146
1.1449606998250936,78.15126050420169,0.8246114761952599,0.812973382557284,1.5815068493150686,"(2, 6, 4, 5)","(64, 74, 84, 92)",0.24928459569450725
1.1281575399367132,75.63025210084034,0.8224029449259702,0.8066425586540749,1.4575342465753425,"(2, 6, 5, 1)","(70, 78, 86, 94)",0.2801048028556905
1.1432005375537804,76.47058823529412,0.7944632988499859,0.7792198079222811,1.5705479452054794,"(2, 6, 5, 1)","(70, 76, 82, 88)",0.25098773688897885
1.137045554691647,76.47058823529412,0.7940824966507118,0.7795551002268091,1.5647260273972603,"(2, 6, 5, 1)","(64, 74, 84, 92)",0.24267617932056337
1.132836446384865,77.31092436974791,0.8351010516219356,0.8232001907543252,1.4633561643835618,"(2, 6, 5, 2)","(70, 78, 86, 94)",0.2866832397958653
1.1510281419522366,77.31092436974791,0.8085058089935412,0.7961468585215862,1.5688356164383561,"(2, 6, 5, 2)","(70, 76, 82, 88)",0.26550401836275184
1.1387270209754772,77.31092436974791,0.8035077299541752,0.7899051380264922,1.5626712328767123,"(2, 6, 5, 2)","(64, 74, 84, 92)",0.24655076156323397
1.1381858975982733,77.31092436974791,0.8429897577271259,0.830886709751235,1.459931506849315,"(2, 6, 5, 3)","(70, 78, 86, 94)",0.30044886149438416
1.1549604600134455,77.31092436974791,0.8210697043061171,0.8078802981807811,1.566095890410959,"(2, 6, 5, 3)","(70, 76, 82, 88)",0.27373535586162184
1.1387270209754772,77.31092436974791,0.8098414537572428,0.7969030981910884,1.5681506849315068,"(2, 6, 5, 3)","(64, 74, 84, 92)",0.2441729362558128
1.1419906301153233,78.15126050420169,0.8462010559629788,0.8334457454609033,1.457876712328767,"(2, 6, 5, 4)","(70, 78, 86, 94)",0.31010668656450574
1.1576755871920354,78.15126050420169,0.8306671950367128,0.8153272569792073,1.566095890410959,"(2, 6, 5, 4)","(70, 76, 82, 88)",0.27853158778024406
1.138869561396795,78.15126050420169,0.8155504158149064,0.8034034359379413,1.573972602739726,"(2, 6, 5, 4)","(64, 74, 84, 92)",0.24194458190849719
1.1448549101341012,78.99159663865547,0.8511659161798556,0.8383086098412599,1.4647260273972602,"(2, 6, 5, 5)","(70, 78, 86, 94)",0.3116995855501663
1.1615615976684908,78.15126050420169,0.8332506483756932,0.8180623191059357,1.5667808219178083,"(2, 6, 5, 5)","(70, 76, 82, 88)",0.28505127806162717
1.143151491294133,78.15126050420169,0.8214679750209332,0.8096511421177676,1.5818493150684931,"(2, 6, 5, 5)","(64, 74, 84, 92)",0.24602846061145867
1.1489121721243654,78.99159663865547,0.8526448246807784,0.8411928946594462,1.4743150684931507,"(2, 6, 5, 6)","(70, 78, 86, 94)",0.31395201631996156
1.165844293816524,80.67226890756302,0.8386861889316557,0.8237515563160426,1.5726027397260274,"(2, 6, 5, 6)","(70, 76, 82, 88)",0.2896323791532598
1.1454732215452401,78.15126050420169,0.825874606088752,0.8142214138142588,1.5962328767123288,"(2, 6, 5, 6)","(64, 74, 84, 92)",0.24398725267782947
1.1295807886276856,75.63025210084034,0.8201899043978056,0.8056676545989351,1.468150684931507,"(2, 6, 6, 1)","(70, 78, 86, 94)",0.2767929062127593
1.1462273967584142,76.47058823529412,0.7921481054280066,0.7771187245515957,1.585958904109589,"(2, 6, 6, 1)","(70, 76, 82, 88)",0.249552307734991
1.1372697618471763,74.78991596638656,0.7936248629117452,0.7787485326149124,1.575,"(2, 6, 6, 1)","(64, 74, 84, 92)",0.23873002060378493
1.1358855869254918,77.31092436974791,0.8415128378973648,0.8291492913691452,1.4674657534246576,"(2, 6, 6, 3)","(70, 78, 86, 94)",0.29068565115196776
1.1568533823779936,77.31092436974791,0.8187983343374182,0.8050931091088537,1.5756849315068493,"(2, 6, 6, 3)","(70, 76, 82, 88)",0.2724639360759913
1.138582754479747,77.31092436974791,0.8083135306682088,0.7953388499137484,1.5756849315068493,"(2, 6, 6, 3)","(64, 74, 84, 92)",0.2407267359196083
1.1449998255748923,78.99159663865547,0.8498652098481109,0.8365446062216242,1.4702054794520547,"(2, 6, 6, 5)","(70, 78, 86, 94)",0.308375448418562
1.1630699114239171,78.99159663865547,0.831523352374784,0.8160829076196107,1.5702054794520548,"(2, 6, 6, 5)","(70, 76, 82, 88)",0.2859844692839868
1.1428075022450415,78.15126050420169,0.8185176079840589,0.8065174950872905,1.585958904109589,"(2, 6, 6, 5)","(64, 74, 84, 92)",0.24371590096757517
1.2013254044894415,81.5126050420168,0.8213435403230027,0.808093012624105,1.571917808219178,"(3, 1, 1, 1)","(64, 72, 80, 88)",0.3520180725204606
1.1733290004220713,79.83193277310924,0.8675866439071892,0.8444033756073099,1.3972602739726028,"(3, 1, 1, 1)","(70, 78, 86, 94)",0.43631093209693816
1.203144471146055,79.83193277310924,0.8513907370671076,0.8162851335177806,1.5106164383561644,"(3, 1, 1, 1)","(70, 76, 82, 88)",0.3978416202189676
1.1775340519481252,79.83193277310924,0.8368853412139536,0.8231688687889018,1.50513698630137,"(3, 1, 1, 1)","(64, 74, 84, 92)",0.3514572418227292
1.1799006042030946,79.83193277310924,0.8682293696686352,0.8444033756073099,1.441095890410959,"(3, 1, 1, 2)","(70, 78, 86, 94)",0.4078491958641585
1.2069594829407875,79.83193277310924,0.8530053976450533,0.8162851335177806,1.5476027397260275,"(3, 1, 1, 2)","(70, 76, 82, 88)",0.3779372671589114
1.1881862761548345,81.5126050420168,0.8428336253603694,0.827893119245427,1.5565068493150684,"(3, 1, 1, 2)","(64, 74, 84, 92)",0.33815626238284113
1.184628621189359,79.83193277310924,0.8722116339294325,0.8444033756073099,1.4852739726027397,"(3, 1, 1, 3)","(70, 78, 86, 94)",0.38046264916932143
1.2086185281201165,82.35294117647058,0.8572074987434315,0.8162851335177806,1.5773972602739725,"(3, 1, 1, 3)","(70, 76, 82, 88)",0.3613084828652077
1.1881862761548345,81.5126050420168,0.8434653093573059,0.827893119245427,1.5924657534246576,"(3, 1, 1, 3)","(64, 74, 84, 92)",0.31763232738272645
1.184628621189359,81.5126050420168,0.8720785024262637,0.8444033756073099,1.5280821917808218,"(3, 1, 1, 4)","(70, 78, 86, 94)",0.3496209947295257
1.184628621189359,81.5126050420168,0.870388253644791,0.8444033756073099,1.5565068493150684,"(3, 1, 1, 5)","(70, 78, 86, 94)",0.33176343007564835
1.184628621189359,81.5126050420168,0.8693164092748961,0.8444033756073099,1.5780821917808219,"(3, 1, 1, 6)","(70, 78, 86, 94)",0.31938126414273016
1.196363932991977,80.67226890756302,0.8123738551797534,0.7984589200998652,1.5893835616438357,"(3, 1, 2, 1)","(64, 72, 80, 88)",0.333168323263552
1.1702869920193573,78.99159663865547,0.8625324682004566,0.8363454059635134,1.4202054794520549,"(3, 1, 2, 1)","(70, 78, 86, 94)",0.40524695737287947
1.1938489855357928,79.83193277310924,0.8423062072568478,0.8117640440668203,1.5205479452054795,"(3, 1, 2, 1)","(70, 76, 82, 88)",0.372394103792444
1.1743018683639224,78.99159663865547,0.8269095662300753,0.8132103687345182,1.5246575342465754,"(3, 1, 2, 1)","(64, 74, 84, 92)",0.3322202712941601
1.1751546101954575,79.83193277310924,0.8643632515005661,0.8363454059635134,1.4424657534246574,"(3, 1, 2, 2)","(70, 78, 86, 94)",0.3958602645284335
1.1938489855357928,79.83193277310924,0.849007304337317,0.8117640440668203,1.5486301369863014,"(3, 1, 2, 2)","(70, 76, 82, 88)",0.35333273268696314
1.1766971327414115,80.67226890756302,0.8362520477580488,0.8250297100636823,1.5544520547945206,"(3, 1, 2, 2)","(64, 74, 84, 92)",0.3186878490456588
1.1751546101954575,80.67226890756302,0.8652304257125703,0.8363454059635134,1.4801369863013698,"(3, 1, 2, 3)","(70, 78, 86, 94)",0.3648013279391841
1.1938489855357928,80.67226890756302,0.8513603521511045,0.8117640440668203,1.5746575342465754,"(3, 1, 2, 3)","(70, 76, 82, 88)",0.33732958150447845
1.1790052860515403,80.67226890756302,0.8390750567199711,0.8250297100636823,1.5777397260273973,"(3, 1, 2, 3)","(64, 74, 84, 92)",0.3098372467519251
1.17794189395425,80.67226890756302,0.868963521307795,0.8363454059635134,1.5215753424657534,"(3, 1, 2, 4)","(70, 78, 86, 94)",0.3411623968131387
1.1941054575352144,81.5126050420168,0.8543776220119799,0.8117640440668203,1.5897260273972602,"(3, 1, 2, 4)","(70, 76, 82, 88)",0.32914514285878393
1.1818901237771255,81.5126050420168,0.8696170166711392,0.8363454059635134,1.539041095890411,"(3, 1, 2, 5)","(70, 78, 86, 94)",0.3374327582142354
1.182508230629357,81.5126050420168,0.8690312538676687,0.8363454059635134,1.5561643835616439,"(3, 1, 2, 6)","(70, 78, 86, 94)",0.32815519300352375
1.1678877789611046,78.15126050420169,0.8579791451867324,0.8341515238335612,1.430821917808219,"(3, 1, 3, 1)","(70, 78, 86, 94)",0.3896918239796706
1.1868181010904288,79.83193277310924,0.8357526464288684,0.810484621859905,1.5366438356164382,"(3, 1, 3, 1)","(70, 76, 82, 88)",0.34812307286793387
1.1716516691247598,78.15126050420169,0.8242154334336278,0.8084554007743353,1.534931506849315,"(3, 1, 3, 1)","(64, 74, 84, 92)",0.32088532256357155
1.1678877789611046,78.99159663865547,0.8607265832811885,0.8341515238335612,1.444178082191781,"(3, 1, 3, 2)","(70, 78, 86, 94)",0.3779740281930805
1.1889177528944712,79.83193277310924,0.8436174496450477,0.810484621859905,1.5486301369863014,"(3, 1, 3, 2)","(70, 76, 82, 88)",0.3443444684468514
1.1731863969381857,80.67226890756302,0.8311347936323612,0.8205601119478444,1.5575342465753426,"(3, 1, 3, 2)","(64, 74, 84, 92)",0.3106291640414633
1.1678877789611046,79.83193277310924,0.8602016170414095,0.8341515238335612,1.4784246575342466,"(3, 1, 3, 3)","(70, 78, 86, 94)",0.3509179059172695
1.1891460687000415,80.67226890756302,0.8471271804928382,0.810484621859905,1.5712328767123287,"(3, 1, 3, 3)","(70, 76, 82, 88)",0.3311190171487537
1.1731863969381857,80.67226890756302,0.8347661934950795,0.8258679392446523,1.5773972602739725,"(3, 1, 3, 3)","(64, 74, 84, 92)",0.2999432260139397
1.1704140973715287,80.67226890756302,0.864928538237566,0.8341515238335612,1.5167808219178083,"(3, 1, 3, 4)","(70, 78, 86, 94)",0.32976087761753725
1.1928717990396072,80.67226890756302,0.8502645554726631,0.810484621859905,1.5886986301369863,"(3, 1, 3, 4)","(70, 76, 82, 88)",0.32762399836861716
1.1758592926963545,80.67226890756302,0.8397630789421691,0.8274959257137493,1.5904109589041096,"(3, 1, 3, 4)","(64, 74, 84, 92)",0.2978591268406932
1.1731711160952698,80.67226890756302,0.8683340934099454,0.8341515238335612,1.533904109589041,"(3, 1, 3, 5)","(70, 78, 86, 94)",0.32434872289813205
1.1930070144488054,81.5126050420168,0.8533176631192761,0.810484621859905,1.5996575342465753,"(3, 1, 3, 5)","(70, 76, 82, 88)",0.32186206864106903
1.174384559986776,81.5126050420168,0.868423154331819,0.8341515238335612,1.5407534246575343,"(3, 1, 3, 6)","(70, 78, 86, 94)",0.3224844301212069
1.1619617780772786,78.99159663865547,0.8523089240045009,0.8344477161481495,1.4424657534246574,"(3, 1, 4, 1)","(70, 78, 86, 94)",0.3660436470477196
1.185931908245116,79.83193277310924,0.8317524317323853,0.8099863022533507,1.5462328767123288,"(3, 1, 4, 1)","(70, 76, 82, 88)",0.3403894495772658
1.169271066256213,78.15126050420169,0.8205556481033192,0.8050124121089698,1.5414383561643836,"(3, 1, 4, 1)","(64, 74, 84, 92)",0.3126322033321579
1.1619617780772786,78.99159663865547,0.856690274329288,0.8344477161481495,1.4527397260273973,"(3, 1, 4, 2)","(70, 78, 86, 94)",0.3577370589906608
1.1883765268390794,79.83193277310924,0.8404101645981668,0.8099863022533507,1.5568493150684932,"(3, 1, 4, 2)","(70, 76, 82, 88)",0.33828994979711663
1.169271066256213,78.99159663865547,0.8293697353871196,0.8154898988141186,1.5585616438356165,"(3, 1, 4, 2)","(64, 74, 84, 92)",0.30304813823920396
1.163241152361793,79.83193277310924,0.8578560531318788,0.8344477161481495,1.4777397260273972,"(3, 1, 4, 3)","(70, 78, 86, 94)",0.341694741861244
1.188746541487013,79.83193277310924,0.8449996537071898,0.8099863022533507,1.5681506849315068,"(3, 1, 4, 3)","(70, 76, 82, 88)",0.3322121164207826
1.169271066256213,79.83193277310924,0.8332851698239894,0.8242253155332591,1.5784246575342467,"(3, 1, 4, 3)","(64, 74, 84, 92)",0.29264151182246395
1.167506851643025,78.99159663865547,0.8611007528287343,0.8344477161481495,1.5089041095890412,"(3, 1, 4, 4)","(70, 78, 86, 94)",0.3291520907117313
1.1916653924918232,80.67226890756302,0.8468405291004,0.8099863022533507,1.5839041095890412,"(3, 1, 4, 4)","(70, 76, 82, 88)",0.32824806221473535
1.169271066256213,80.67226890756302,0.8364705138512717,0.8270856528041263,1.5897260273972602,"(3, 1, 4, 4)","(64, 74, 84, 92)",0.2870333992265632
1.1708209888433838,79.83193277310924,0.8640449008738055,0.8344477161481495,1.526027397260274,"(3, 1, 4, 5)","(70, 78, 86, 94)",0.3247378173324744
1.1923476182641262,81.5126050420168,0.8497683963487275,0.8099863022533507,1.595890410958904,"(3, 1, 4, 5)","(70, 76, 82, 88)",0.3227902559374991
1.1732365241989724,80.67226890756302,0.8673660871167987,0.8344477161481495,1.5386986301369863,"(3, 1, 4, 6)","(70, 78, 86, 94)",0.32158337613540966
1.1578101197774218,78.99159663865547,0.8489309064116545,0.8333178636374476,1.4496575342465754,"(3, 1, 5, 1)","(70, 78, 86, 94)",0.3509562450495594
1.1781655587433681,78.15126050420169,0.8275035170095748,0.8122966431184089,1.5578767123287671,"(3, 1, 5, 1)","(70, 76, 82, 88)",0.3193636780421332
1.1666675733353378,78.15126050420169,0.8169225966843339,0.8014543150038173,1.5486301369863014,"(3, 1, 5, 1)","(64, 74, 84, 92)",0.30378858560498523
1.1578101197774218,78.99159663865547,0.8530376650772596,0.8404594378540983,1.4623287671232876,"(3, 1, 5, 2)","(70, 78, 86, 94)",0.3413374442593123
1.1870992879308149,79.83193277310924,0.8335199974042441,0.8122966431184089,1.560958904109589,"(3, 1, 5, 2)","(70, 76, 82, 88)",0.3335347501574966
1.1666675733353378,78.15126050420169,0.8257908198296029,0.8112835498018761,1.5667808219178083,"(3, 1, 5, 2)","(64, 74, 84, 92)",0.29406000854331493
1.1605423049813732,78.99159663865547,0.8559735966311688,0.8404594378540983,1.4777397260273972,"(3, 1, 5, 3)","(70, 78, 86, 94)",0.3360455416097562
1.1883212320076233,79.83193277310924,0.8412000859534009,0.8122966431184089,1.5681506849315068,"(3, 1, 5, 3)","(70, 76, 82, 88)",0.3314635307186619
1.1666675733353378,78.99159663865547,0.8337977402328173,0.820607110848231,1.5811643835616438,"(3, 1, 5, 3)","(64, 74, 84, 92)",0.2867821532935688
1.1662735265778956,78.99159663865547,0.8580237242447297,0.8404594378540983,1.5003424657534246,"(3, 1, 5, 4)","(70, 78, 86, 94)",0.33231943710298106
1.1891926048541346,80.67226890756302,0.844385333559452,0.8122966431184089,1.579109589041096,"(3, 1, 5, 4)","(70, 76, 82, 88)",0.32669568667893134
1.1672212327870102,79.83193277310924,0.8341442541718691,0.8240761325405143,1.5893835616438357,"(3, 1, 5, 4)","(64, 74, 84, 92)",0.28372225435099924
1.1685769868211127,79.83193277310924,0.8617136472227332,0.8404594378540983,1.5178082191780822,"(3, 1, 5, 5)","(70, 78, 86, 94)",0.32555873116246625
1.1917254372373784,80.67226890756302,0.8479872900832955,0.8122966431184089,1.5917808219178082,"(3, 1, 5, 5)","(70, 76, 82, 88)",0.3239804842205701
1.1705750992621873,79.83193277310924,0.8642330274678576,0.8404594378540983,1.5363013698630137,"(3, 1, 5, 6)","(70, 78, 86, 94)",0.31805829492055354
1.1542102849876361,78.99159663865547,0.8452718414529407,0.8310039803035995,1.457876712328767,"(3, 1, 6, 1)","(70, 78, 86, 94)",0.33679433968877903
1.1690437348581175,78.15126050420169,0.8232474433316109,0.8087793204884793,1.5636986301369864,"(3, 1, 6, 1)","(70, 76, 82, 88)",0.2998831748394308
1.1633998650587165,78.15126050420169,0.8134394912659397,0.7979442921102032,1.555821917808219,"(3, 1, 6, 1)","(64, 74, 84, 92)",0.29397880836195456
1.1542102849876361,78.99159663865547,0.8515350310024692,0.839993724843446,1.4688356164383563,"(3, 1, 6, 2)","(70, 78, 86, 94)",0.3289218642541252
1.183363550687136,79.83193277310924,0.8303050557913025,0.81719970881856,1.5657534246575342,"(3, 1, 6, 2)","(70, 76, 82, 88)",0.32410506537919936
1.1633998650587165,78.99159663865547,0.8223196296843752,0.8075831719240943,1.5726027397260274,"(3, 1, 6, 2)","(64, 74, 84, 92)",0.2853634007006293
1.158836399655682,78.99159663865547,0.8547056594359556,0.8414593508651422,1.4808219178082191,"(3, 1, 6, 3)","(70, 78, 86, 94)",0.3303435092554072
1.187842875735965,79.83193277310924,0.8391824441353017,0.81719970881856,1.569178082191781,"(3, 1, 6, 3)","(70, 76, 82, 88)",0.33002478769495636
1.1633998650587165,79.83193277310924,0.8282877432397653,0.8148759449181657,1.5815068493150686,"(3, 1, 6, 3)","(64, 74, 84, 92)",0.2809938786639883
1.1652251650206584,79.83193277310924,0.855951044970464,0.8414593508651422,1.4996575342465754,"(3, 1, 6, 4)","(70, 78, 86, 94)",0.3306768210146145
1.1880431285802748,80.67226890756302,0.8426681010629703,0.81719970881856,1.5763698630136986,"(3, 1, 6, 4)","(70, 76, 82, 88)",0.32625426943220587
1.1648518509488144,80.67226890756302,0.8341890544728856,0.8216998718266004,1.5934931506849315,"(3, 1, 6, 4)","(64, 74, 84, 92)",0.27776538071006235
1.1667157573369733,79.83193277310924,0.858246420155839,0.8414593508651422,1.5106164383561644,"(3, 1, 6, 5)","(70, 78, 86, 94)",0.32649900162572904
1.1906914861263964,80.67226890756302,0.8441213551101354,0.81719970881856,1.5852739726027398,"(3, 1, 6, 5)","(70, 76, 82, 88)",0.32581576330548706
1.1691531177331884,79.83193277310924,0.8622972957431925,0.8414593508651422,1.5273972602739727,"(3, 1, 6, 6)","(70, 78, 86, 94)",0.32073188557201954
1.1913578579776585,81.5126050420168,0.8479266686886662,0.81719970881856,1.595890410958904,"(3, 1, 6, 6)","(70, 76, 82, 88)",0.3211292789050361
1.1788855452907456,78.15126050420169,0.8107430115543971,0.7965622522343552,1.5702054794520548,"(3, 2, 1, 1)","(64, 72, 80, 88)",0.3137211965459323
1.1634160488162058,78.15126050420169,0.8596277375487389,0.83537005404941,1.4003424657534247,"(3, 2, 1, 1)","(70, 78, 86, 94)",0.4081906437496328
1.1800956661233155,78.15126050420169,0.8416305935207223,0.8112345629609575,1.5082191780821919,"(3, 2, 1, 1)","(70, 76, 82, 88)",0.354366135498707
1.1724111665151182,78.99159663865547,0.8272639353139728,0.8126035712157942,1.4863013698630136,"(3, 2, 1, 1)","(64, 74, 84, 92)",0.3545356381860178
1.1839635967549935,79.83193277310924,0.8185986244949788,0.8073729743456766,1.6,"(3, 2, 1, 2)","(64, 72, 80, 88)",0.30660599459165583
1.172601795374539,78.99159663865547,0.8629579948052148,0.83537005404941,1.4253424657534246,"(3, 2, 1, 2)","(70, 78, 86, 94)",0.4057948812348258
1.1896546944223292,78.99159663865547,0.8476839001252933,0.8112345629609575,1.5311643835616437,"(3, 2, 1, 2)","(70, 76, 82, 88)",0.3570546149021285
1.1724111665151182,79.83193277310924,0.8362939393354305,0.8239595674571876,1.5273972602739727,"(3, 2, 1, 2)","(64, 74, 84, 92)",0.3269094845611332
1.1754255632691037,78.99159663865547,0.8647396073044697,0.83537005404941,1.45513698630137,"(3, 2, 1, 3)","(70, 78, 86, 94)",0.3854346461593551
1.1899398030367456,79.83193277310924,0.8502333504588065,0.8112345629609575,1.5623287671232877,"(3, 2, 1, 3)","(70, 76, 82, 88)",0.33777358396303114
1.1724111665151182,80.67226890756302,0.8383445098103738,0.8242620826374724,1.560958904109589,"(3, 2, 1, 3)","(64, 74, 84, 92)",0.3073507974506381
1.1763312723046386,78.99159663865547,0.8692714145906549,0.83537005404941,1.4832191780821917,"(3, 2, 1, 4)","(70, 78, 86, 94)",0.3649095075333415
1.191715954617182,80.67226890756302,0.8540892386170779,0.8112345629609575,1.5797945205479451,"(3, 2, 1, 4)","(70, 76, 82, 88)",0.3306618945553288
1.1738204374515533,80.67226890756302,0.8417897607276607,0.8242620826374724,1.588013698630137,"(3, 2, 1, 4)","(64, 74, 84, 92)",0.29560610213077204
1.1777402850316745,78.99159663865547,0.8703399330345052,0.83537005404941,1.5116438356164383,"(3, 2, 1, 5)","(70, 78, 86, 94)",0.34739065079818576
1.1788506194717663,79.83193277310924,0.8692920836739023,0.83537005404941,1.5328767123287672,"(3, 2, 1, 6)","(70, 78, 86, 94)",0.3356322679033146
1.1750126561500758,78.15126050420169,0.8050666688975924,0.7904930862773731,1.584931506849315,"(3, 2, 2, 1)","(64, 72, 80, 88)",0.2992019648467338
1.158331474856569,78.15126050420169,0.855412594461539,0.835037790528284,1.4174657534246575,"(3, 2, 2, 1)","(70, 78, 86, 94)",0.3792681760305015
1.1743926364626613,78.15126050420169,0.8354006856071008,0.8073604915530734,1.523972602739726,"(3, 2, 2, 1)","(70, 76, 82, 88)",0.3328277767784125
1.166570933458292,78.15126050420169,0.8241459684791003,0.8083168189985478,1.5013698630136987,"(3, 2, 2, 1)","(64, 74, 84, 92)",0.33223164323648424
1.166163026119024,78.99159663865547,0.8588106145914939,0.835037790528284,1.4318493150684932,"(3, 2, 2, 2)","(70, 78, 86, 94)",0.3847708455729974
1.1819141909060171,78.15126050420169,0.8426783000652829,0.8073604915530734,1.5386986301369863,"(3, 2, 2, 2)","(70, 76, 82, 88)",0.33769195006075653
1.166570933458292,79.83193277310924,0.8297649702332267,0.8180607075478636,1.527054794520548,"(3, 2, 2, 2)","(64, 74, 84, 92)",0.3160410173477667
1.1709248208377914,79.83193277310924,0.8617230125033588,0.835037790528284,1.4506849315068493,"(3, 2, 2, 3)","(70, 78, 86, 94)",0.37925568149418754
1.1889260466868368,78.99159663865547,0.8471446391024516,0.8073604915530734,1.5623287671232877,"(3, 2, 2, 3)","(70, 76, 82, 88)",0.33597080165990456
1.167587581516254,79.83193277310924,0.8349490674551372,0.8254845761821215,1.5613013698630136,"(3, 2, 2, 3)","(64, 74, 84, 92)",0.29856969983371673
1.1689195315257817,79.83193277310924,0.8646362170957312,0.835037790528284,1.4845890410958904,"(3, 2, 2, 4)","(70, 78, 86, 94)",0.3485830615231678
1.1895277185713637,79.83193277310924,0.8501471117980065,0.8073604915530734,1.5808219178082192,"(3, 2, 2, 4)","(70, 76, 82, 88)",0.32630951546484793
1.1682619151432503,79.83193277310924,0.8379845821937337,0.8254845761821215,1.584931506849315,"(3, 2, 2, 4)","(64, 74, 84, 92)",0.2876608853737066
1.173098325807165,79.83193277310924,0.8676250511120029,0.835037790528284,1.5041095890410958,"(3, 2, 2, 5)","(70, 78, 86, 94)",0.3433743963022567
1.192175488932572,80.67226890756302,0.8534154495480761,0.8073604915530734,1.5914383561643837,"(3, 2, 2, 5)","(70, 76, 82, 88)",0.32492902587325423
1.1742852160210173,79.83193277310924,0.8695471806846546,0.835037790528284,1.5236301369863015,"(3, 2, 2, 6)","(70, 78, 86, 94)",0.33284030790148494
1.1540321347365758,78.15126050420169,0.852267861105731,0.8352033561274544,1.4270547945205478,"(3, 2, 3, 1)","(70, 78, 86, 94)",0.3606847100487583
1.169005158657282,78.15126050420169,0.8296449055114297,0.8088218315747967,1.539041095890411,"(3, 2, 3, 1)","(70, 76, 82, 88)",0.31352926510753715
1.166451681370694,78.15126050420169,0.8197614285967143,0.8038323041876501,1.5191780821917809,"(3, 2, 3, 1)","(64, 74, 84, 92)",0.32060614089869816
1.161279104724082,78.99159663865547,0.8556418577492791,0.8352033561274544,1.436986301369863,"(3, 2, 3, 2)","(70, 78, 86, 94)",0.3690713054814417
1.1710394591136666,78.99159663865547,0.8367885268636288,0.8088218315747967,1.5455479452054794,"(3, 2, 3, 2)","(70, 76, 82, 88)",0.31351865700684645
1.166451681370694,78.99159663865547,0.827370769238053,0.8134567260849246,1.533904109589041,"(3, 2, 3, 2)","(64, 74, 84, 92)",0.31176325182965137
1.1653690495532338,79.83193277310924,0.8586101977166474,0.8352033561274544,1.4523972602739725,"(3, 2, 3, 3)","(70, 78, 86, 94)",0.3655394585128258
1.1859872375041705,79.83193277310924,0.8430323449329798,0.8088218315747967,1.5575342465753426,"(3, 2, 3, 3)","(70, 76, 82, 88)",0.33358890264875773
1.166451681370694,79.83193277310924,0.8323692767041443,0.8232024890560905,1.5633561643835616,"(3, 2, 3, 3)","(64, 74, 84, 92)",0.2954643827370374
1.165497036444928,79.83193277310924,0.8605782578183693,0.8352033561274544,1.478082191780822,"(3, 2, 3, 4)","(70, 78, 86, 94)",0.34616858626016445
1.1889312236819711,79.83193277310924,0.8463262707005658,0.8088218315747967,1.577054794520548,"(3, 2, 3, 4)","(70, 76, 82, 88)",0.32740603747854935
1.16789515336032,79.83193277310924,0.8345898501070937,0.8262562239941529,1.5811643835616438,"(3, 2, 3, 4)","(64, 74, 84, 92)",0.2888944300601851
1.1699629332519097,79.83193277310924,0.8630150733637436,0.8352033561274544,1.501027397260274,"(3, 2, 3, 5)","(70, 78, 86, 94)",0.33922882098125523
1.1906331862535422,81.5126050420168,0.8502428515661711,0.8088218315747967,1.5897260273972602,"(3, 2, 3, 5)","(70, 76, 82, 88)",0.32325720317093104
1.1686526824882955,79.83193277310924,0.8391096919217628,0.8276173411249834,1.5969178082191782,"(3, 2, 3, 5)","(64, 74, 84, 92)",0.282539204168573
1.1699701159537612,79.83193277310924,0.8665371888511024,0.8352033561274544,1.5202054794520548,"(3, 2, 3, 6)","(70, 78, 86, 94)",0.32673649676430727
1.1917500315955165,81.5126050420168,0.853352565562627,0.8088218315747967,1.597945205479452,"(3, 2, 3, 6)","(70, 76, 82, 88)",0.3206816106866599
1.1506344517268918,78.15126050420169,0.8497624375251072,0.8342114177794643,1.4342465753424658,"(3, 2, 4, 1)","(70, 78, 86, 94)",0.34688690776224296
1.1663398582645972,78.15126050420169,0.826104788605271,0.8104230945923537,1.5482876712328768,"(3, 2, 4, 1)","(70, 76, 82, 88)",0.30338062844011476
1.1642168222584666,77.31092436974791,0.8165521800804125,0.801226601322529,1.5243150684931508,"(3, 2, 4, 1)","(64, 74, 84, 92)",0.3132025610677481
1.1563299727196596,78.15126050420169,0.8523539901433831,0.8363236837016156,1.4462328767123287,"(3, 2, 4, 2)","(70, 78, 86, 94)",0.35033270939478606
1.1695595806795593,78.99159663865547,0.8330793251133526,0.8104230945923537,1.5506849315068494,"(3, 2, 4, 2)","(70, 76, 82, 88)",0.30790670123402564
1.1642168222584666,78.15126050420169,0.8241581736954651,0.8094219346711878,1.5465753424657533,"(3, 2, 4, 2)","(64, 74, 84, 92)",0.3004468176658662
1.1613156786250174,78.99159663865547,0.8561303989839274,0.8363236837016156,1.4565068493150686,"(3, 2, 4, 3)","(70, 78, 86, 94)",0.35336967860844015
1.1763547437315671,78.99159663865547,0.8411296416198535,0.8104230945923537,1.558904109589041,"(3, 2, 4, 3)","(70, 76, 82, 88)",0.3155366738334412
1.1642168222584666,78.99159663865547,0.8305127764859211,0.8171889533062563,1.571917808219178,"(3, 2, 4, 3)","(64, 74, 84, 92)",0.2871336053860613
1.1653173762925313,79.83193277310924,0.8576179009298712,0.8363236837016156,1.4691780821917808,"(3, 2, 4, 4)","(70, 78, 86, 94)",0.35235528377678205
1.184065416470163,79.83193277310924,0.8437466336788336,0.8104230945923537,1.5684931506849316,"(3, 2, 4, 4)","(70, 76, 82, 88)",0.32377772053787696
1.1659538181341085,79.83193277310924,0.833175501007764,0.8242520989589555,1.5873287671232876,"(3, 2, 4, 4)","(64, 74, 84, 92)",0.28255693816419636
1.1666293495363387,79.83193277310924,0.8594130496802056,0.8363236837016156,1.4945205479452055,"(3, 2, 4, 5)","(70, 78, 86, 94)",0.33695131623691754
1.1898306976566027,79.83193277310924,0.8468787496756252,0.8104230945923537,1.5852739726027398,"(3, 2, 4, 5)","(70, 76, 82, 88)",0.32434501881643046
1.1679655756541492,79.83193277310924,0.8355708764412747,0.8260869685457606,1.5934931506849315,"(3, 2, 4, 5)","(64, 74, 84, 92)",0.28301181818240945
1.1677362696695046,79.83193277310924,0.8628466013545224,0.8363236837016156,1.5154109589041096,"(3, 2, 4, 6)","(70, 78, 86, 94)",0.32544179896010195
1.1913963469479354,80.67226890756302,0.8493299357371049,0.8104230945923537,1.5955479452054795,"(3, 2, 4, 6)","(70, 76, 82, 88)",0.32137856991832736
1.1501059895522978,77.31092436974791,0.8459012266791475,0.8307900429511041,1.4479452054794522,"(3, 2, 5, 1)","(70, 78, 86, 94)",0.3350989980831113
1.16397056672956,78.15126050420169,0.8227787901665387,0.8092693062888129,1.5595890410958904,"(3, 2, 5, 1)","(70, 76, 82, 88)",0.29301961741145344
1.1609646695254212,78.15126050420169,0.8115424481483566,0.7960831048617041,1.534931506849315,"(3, 2, 5, 1)","(64, 74, 84, 92)",0.30090706466980155
1.1506918188422302,78.15126050420169,0.8506764255505295,0.8386595586282944,1.4530821917808219,"(3, 2, 5, 2)","(70, 78, 86, 94)",0.33259267650741653
1.1678793022453609,78.99159663865547,0.8299715857530405,0.8146352750170089,1.555821917808219,"(3, 2, 5, 2)","(70, 76, 82, 88)",0.3020379313348452
1.1611819276778328,78.15126050420169,0.8201102950431463,0.8054853665472975,1.5575342465753426,"(3, 2, 5, 2)","(64, 74, 84, 92)",0.289097806400044
1.1587036340789807,78.99159663865547,0.853111200032298,0.8414551505607037,1.4602739726027398,"(3, 2, 5, 3)","(70, 78, 86, 94)",0.34480253832635677
1.170516992047054,78.99159663865547,0.837956626424751,0.8146352750170089,1.5616438356164384,"(3, 2, 5, 3)","(70, 76, 82, 88)",0.3036034248642668
1.1612404315213227,79.83193277310924,0.8274526989654787,0.8141381416926319,1.5736301369863013,"(3, 2, 5, 3)","(64, 74, 84, 92)",0.2810877970401567
1.1629595690856378,78.99159663865547,0.855984648358653,0.8414551505607037,1.4702054794520547,"(3, 2, 5, 4)","(70, 78, 86, 94)",0.34657096994177894
1.1754276326787267,79.83193277310924,0.8420095130939644,0.8146352750170089,1.5695205479452055,"(3, 2, 5, 4)","(70, 76, 82, 88)",0.30802687157058456
1.1643328587759294,79.83193277310924,0.8339193386812154,0.8214569748736168,1.588013698630137,"(3, 2, 5, 4)","(64, 74, 84, 92)",0.2794711401431065
1.1659296265450556,79.83193277310924,0.8574551210707171,0.8414551505607037,1.4880136986301369,"(3, 2, 5, 5)","(70, 78, 86, 94)",0.3400101821133772
1.1814120542940394,79.83193277310924,0.8449589251116465,0.8146352750170089,1.582191780821918,"(3, 2, 5, 5)","(70, 76, 82, 88)",0.31160188149329116
1.1661551600189781,80.67226890756302,0.8360571366876074,0.8242622038470596,1.5969178082191782,"(3, 2, 5, 5)","(64, 74, 84, 92)",0.27835517341102467
1.1650541275511073,79.83193277310924,0.8609310965188728,0.8414551505607037,1.5116438356164383,"(3, 2, 5, 6)","(70, 78, 86, 94)",0.32259575130470763
1.1887399670937504,79.83193277310924,0.8474318864604529,0.8146352750170089,1.593150684931507,"(3, 2, 5, 6)","(70, 76, 82, 88)",0.3181990207354221
1.1498809586865015,77.31092436974791,0.8452100708807808,0.8268403375828233,1.4558219178082192,"(3, 2, 6, 1)","(70, 78, 86, 94)",0.32881472529270056
1.1628311683125314,77.31092436974791,0.8220667035282275,0.8040912265998442,1.5647260273972603,"(3, 2, 6, 1)","(70, 76, 82, 88)",0.28833657457403983
1.1546998326819775,78.15126050420169,0.8085563651898083,0.7928416296485505,1.5469178082191781,"(3, 2, 6, 1)","(64, 74, 84, 92)",0.28285755255565076
1.1498809586865015,78.15126050420169,0.8472741938077306,0.8355365266028394,1.4623287671232876,"(3, 2, 6, 2)","(70, 78, 86, 94)",0.32418696249228485
1.165677399708471,78.15126050420169,0.8281617613379958,0.8163726709977893,1.5643835616438355,"(3, 2, 6, 2)","(70, 76, 82, 88)",0.29355461598831045
1.1585711939846417,78.15126050420169,0.81772489070091,0.8030004897598066,1.569178082191781,"(3, 2, 6, 2)","(64, 74, 84, 92)",0.2785968029092381
1.1560485639105207,78.15126050420169,0.8513907845372298,0.8410828232475702,1.4626712328767124,"(3, 2, 6, 3)","(70, 78, 86, 94)",0.33727742902940067
1.1689954988820135,78.99159663865547,0.8329364809836302,0.8224670223476268,1.5643835616438355,"(3, 2, 6, 3)","(70, 76, 82, 88)",0.29943377229094625
1.1594738268871054,78.99159663865547,0.8232137957261157,0.8099011870991901,1.5804794520547945,"(3, 2, 6, 3)","(64, 74, 84, 92)",0.27472777257247666
1.1600528877788574,78.99159663865547,0.8544703539835857,0.8454342217060978,1.4698630136986301,"(3, 2, 6, 4)","(70, 78, 86, 94)",0.3406373413369268
1.170596091561679,79.83193277310924,0.8394043679696674,0.8224670223476268,1.5688356164383561,"(3, 2, 6, 4)","(70, 76, 82, 88)",0.2999040261048182
1.1625334945470513,79.83193277310924,0.829816364243996,0.8173222694794099,1.588013698630137,"(3, 2, 6, 4)","(64, 74, 84, 92)",0.2764110681871811
1.1643411808667066,78.99159663865547,0.8555830857473659,0.845750770149807,1.4832191780821917,"(3, 2, 6, 5)","(70, 78, 86, 94)",0.340096561396728
1.1736961485084705,79.83193277310924,0.8428576414921836,0.8224670223476268,1.5763698630136986,"(3, 2, 6, 5)","(70, 76, 82, 88)",0.30136230163085787
1.1640583140856873,80.67226890756302,0.8346213720498774,0.8227105001744853,1.5993150684931507,"(3, 2, 6, 5)","(64, 74, 84, 92)",0.2737430155029753
1.164306234124356,78.99159663865547,0.8575411397120053,0.845750770149807,1.5075342465753425,"(3, 2, 6, 6)","(70, 78, 86, 94)",0.32373428046094427
1.1789530445774492,79.83193277310924,0.8448505715470044,0.8224670223476268,1.5873287671232876,"(3, 2, 6, 6)","(70, 76, 82, 88)",0.3046897318753071
1.171311219250142,78.99159663865547,0.8029879653316208,0.7861401498811835,1.5688356164383561,"(3, 3, 1, 1)","(64, 72, 80, 88)",0.3011612042205989
1.1547844640526963,77.31092436974791,0.8545739861461474,0.8348472615540103,1.393150684931507,"(3, 3, 1, 1)","(70, 78, 86, 94)",0.3937026437577292
1.1660616834787476,78.15126050420169,0.8336539251333898,0.8066478452212298,1.5075342465753425,"(3, 3, 1, 1)","(70, 76, 82, 88)",0.32719306056541364
1.1617334948189264,77.31092436974791,0.8239811623441722,0.8079607403635061,1.4856164383561643,"(3, 3, 1, 1)","(64, 74, 84, 92)",0.3330478172575918
1.1727295536000075,79.83193277310924,0.8110720833326719,0.7993357374420499,1.5904109589041096,"(3, 3, 1, 2)","(64, 72, 80, 88)",0.29255817663110323
1.1633895381485946,77.31092436974791,0.8575787220820026,0.8348472615540103,1.4188356164383562,"(3, 3, 1, 2)","(70, 78, 86, 94)",0.3901042120963991
1.1707854137656344,78.99159663865547,0.8403057827001754,0.8066478452212298,1.527054794520548,"(3, 3, 1, 2)","(70, 76, 82, 88)",0.3240373022713791
1.1673540537883944,78.99159663865547,0.8294468933924906,0.8170570040566866,1.5089041095890412,"(3, 3, 1, 2)","(64, 74, 84, 92)",0.32885184189913297
1.1700269183839638,78.15126050420169,0.8619265269101567,0.8348472615540103,1.4397260273972603,"(3, 3, 1, 3)","(70, 78, 86, 94)",0.3866655776333132
1.1770862586151063,78.99159663865547,0.8469267690783683,0.8066478452212298,1.5462328767123288,"(3, 3, 1, 3)","(70, 76, 82, 88)",0.32419553301323534
1.1686012745987824,79.83193277310924,0.8351296964446726,0.8251882881769019,1.542123287671233,"(3, 3, 1, 3)","(64, 74, 84, 92)",0.31100171941152527
1.1724776738982812,78.15126050420169,0.8624403138844426,0.8348472615540103,1.4667808219178082,"(3, 3, 1, 4)","(70, 78, 86, 94)",0.36950462786719074
1.178185084002792,78.99159663865547,0.8483189071067706,0.8066478452212298,1.5695205479452055,"(3, 3, 1, 4)","(70, 76, 82, 88)",0.31286857804458984
1.1726934397584496,79.83193277310924,0.8359405829101592,0.8251882881769019,1.5613013698630136,"(3, 3, 1, 4)","(64, 74, 84, 92)",0.3076661647923569
1.1750845429933958,78.15126050420169,0.866787346535984,0.8348472615540103,1.4876712328767123,"(3, 3, 1, 5)","(70, 78, 86, 94)",0.3590216752392667
1.1864553015867867,79.83193277310924,0.8537090949082479,0.8066478452212298,1.5839041095890412,"(3, 3, 1, 5)","(70, 76, 82, 88)",0.31932520858264934
1.1731993612217726,79.83193277310924,0.8392864023354453,0.8251882881769019,1.5842465753424657,"(3, 3, 1, 5)","(64, 74, 84, 92)",0.2964490825132333
1.1761314024456444,78.15126050420169,0.8693516778806943,0.8348472615540103,1.5071917808219177,"(3, 3, 1, 6)","(70, 78, 86, 94)",0.3472678562736541
1.1912283886059807,79.83193277310924,0.8572140524962448,0.8066478452212298,1.6,"(3, 3, 1, 6)","(70, 76, 82, 88)",0.31871398100996773
1.1672006640057562,77.31092436974791,0.7987840616622349,0.7819319540207849,1.5921232876712328,"(3, 3, 2, 1)","(64, 72, 80, 88)",0.28237474777143323
1.1495974948558303,78.15126050420169,0.8497056850744885,0.8338257315116819,1.4082191780821918,"(3, 3, 2, 1)","(70, 78, 86, 94)",0.3664636618951548
1.1657199098338558,76.47058823529412,0.827719284687678,0.8079117682179126,1.5253424657534247,"(3, 3, 2, 1)","(70, 76, 82, 88)",0.31545119733693533
1.1610944828946137,77.31092436974791,0.8196157244774863,0.803653477162538,1.5,"(3, 3, 2, 1)","(64, 74, 84, 92)",0.3221889657892274
1.1590562797380777,78.15126050420169,0.8546610401044049,0.8367010566938979,1.423972602739726,"(3, 3, 2, 2)","(70, 78, 86, 94)",0.3751569764419927
1.1692326758030513,78.99159663865547,0.8354417760060274,0.8079117682179126,1.5332191780821918,"(3, 3, 2, 2)","(70, 76, 82, 88)",0.3173791993223571
1.1614361074596273,78.15126050420169,0.8265177895080894,0.8127202406740456,1.5167808219178083,"(3, 3, 2, 2)","(64, 74, 84, 92)",0.31238796141955716
1.1660412940020803,78.99159663865547,0.8581432420959254,0.8367010566938979,1.4424657534246574,"(3, 3, 2, 3)","(70, 78, 86, 94)",0.3752636056393767
1.1727399445433304,78.99159663865547,0.8425360162417936,0.8079117682179126,1.547945205479452,"(3, 3, 2, 3)","(70, 76, 82, 88)",0.315250398791578
1.1657743285823712,79.83193277310924,0.8298664472137858,0.8201877258935272,1.540068493150685,"(3, 3, 2, 3)","(64, 74, 84, 92)",0.3069505640206239
1.1666178331491177,78.99159663865547,0.8611926847735268,0.8367010566938979,1.465068493150685,"(3, 3, 2, 4)","(70, 78, 86, 94)",0.35826514933389075
1.1756956766543412,78.99159663865547,0.8459837866310145,0.8079117682179126,1.5688356164383561,"(3, 3, 2, 4)","(70, 76, 82, 88)",0.30886898003050944
1.1685854508659115,79.83193277310924,0.8332546338853405,0.8252328680679125,1.560958904109589,"(3, 3, 2, 4)","(64, 74, 84, 92)",0.30053084037146616
1.1710172270024246,78.99159663865547,0.8629393803739611,0.8367010566938979,1.4852739726027397,"(3, 3, 2, 5)","(70, 78, 86, 94)",0.35241376347712056
1.1792227863814735,79.83193277310924,0.8501957006440625,0.8079117682179126,1.5794520547945206,"(3, 3, 2, 5)","(70, 76, 82, 88)",0.30929700723043885
1.1692758561636722,79.83193277310924,0.8366415083237069,0.8266854953608987,1.5835616438356164,"(3, 3, 2, 5)","(64, 74, 84, 92)",0.2900736502335229
1.1706674873420535,78.99159663865547,0.8668284229538115,0.8367010566938979,1.5013698630136987,"(3, 3, 2, 6)","(70, 78, 86, 94)",0.3404023654636586
1.1852032108985544,79.83193277310924,0.8539193878573854,0.8079117682179126,1.5938356164383563,"(3, 3, 2, 6)","(70, 76, 82, 88)",0.31187622596527037
1.171564362626916,79.83193277310924,0.8400791043467455,0.8266854953608987,1.5993150684931507,"(3, 3, 2, 6)","(64, 74, 84, 92)",0.28626739364034
1.1457504093983244,78.15126050420169,0.8466020818315281,0.8309120060025147,1.41986301369863,"(3, 3, 3, 1)","(70, 78, 86, 94)",0.34713800607105
1.1651854132569728,77.31092436974791,0.8230068138704311,0.807961518494668,1.5383561643835617,"(3, 3, 3, 1)","(70, 76, 82, 88)",0.30683295592262116
1.154477494900073,77.31092436974791,0.8146009386709786,0.7985117273185545,1.5147260273972603,"(3, 3, 3, 1)","(64, 74, 84, 92)",0.30011595815583025
1.1536875918282707,78.15126050420169,0.8515310009582636,0.8351169851613784,1.4373287671232877,"(3, 3, 3, 2)","(70, 78, 86, 94)",0.3514234676104546
1.1680096505116104,78.99159663865547,0.8338930407726142,0.8102622225684525,1.5434931506849314,"(3, 3, 3, 2)","(70, 76, 82, 88)",0.3091292876458113
1.1623172811269433,78.15126050420169,0.8236950071399898,0.8091287945853567,1.5280821917808218,"(3, 3, 3, 2)","(64, 74, 84, 92)",0.30737124571379676
1.164227420681409,78.99159663865547,0.8584429134389043,0.8351169851613784,1.4602739726027398,"(3, 3, 3, 4)","(70, 78, 86, 94)",0.35680362231377527
1.1726886413593018,79.83193277310924,0.8439737147851611,0.8102622225684525,1.5633561643835616,"(3, 3, 3, 4)","(70, 76, 82, 88)",0.30653546064994613
1.1649029218983016,79.83193277310924,0.8318667245239338,0.8235480512981778,1.5643835616438355,"(3, 3, 3, 4)","(64, 74, 84, 92)",0.29218236161592276
1.1672204464610945,78.99159663865547,0.8594848029282584,0.8351169851613784,1.4815068493150685,"(3, 3, 3, 5)","(70, 78, 86, 94)",0.3472857067328562
1.1757604443798486,79.83193277310924,0.8465254722364554,0.8102622225684525,1.5767123287671232,"(3, 3, 3, 5)","(70, 76, 82, 88)",0.30476276578928624
1.1655829187333737,79.83193277310924,0.8343691000553912,0.8258695131190146,1.584931506849315,"(3, 3, 3, 5)","(64, 74, 84, 92)",0.2830808680921846
1.142385331656513,77.31092436974791,0.8439907223499903,0.8284802502434261,1.4325342465753426,"(3, 3, 4, 1)","(70, 78, 86, 94)",0.32918857358433695
1.1631051466548932,77.31092436974791,0.8197857099059365,0.8044804297560688,1.5513698630136987,"(3, 3, 4, 1)","(70, 76, 82, 88)",0.2958180299579429
1.1498978089712788,77.31092436974791,0.8105164548662611,0.7949005741733315,1.5308219178082192,"(3, 3, 4, 1)","(64, 74, 84, 92)",0.28238813044911876
1.1478356132030365,78.15126050420169,0.8495860192062884,0.8366608239649023,1.4434931506849316,"(3, 3, 4, 2)","(70, 78, 86, 94)",0.3333436220485456
1.1667355674030657,78.99159663865547,0.8310949516520995,0.8123637179343501,1.548972602739726,"(3, 3, 4, 2)","(70, 76, 82, 88)",0.3037229300168135
1.1603581796017248,77.31092436974791,0.8201104356170906,0.8057171184832136,1.534931506849315,"(3, 3, 4, 2)","(64, 74, 84, 92)",0.29977329349362136
1.1594363030568662,78.99159663865547,0.851860249552349,0.8366608239649023,1.451027397260274,"(3, 3, 4, 3)","(70, 78, 86, 94)",0.35349582758242154
1.169306707010224,79.83193277310924,0.8349057722983468,0.8123637179343501,1.5523972602739726,"(3, 3, 4, 3)","(70, 76, 82, 88)",0.3064944727029475
1.1603581796017248,78.15126050420169,0.8269889405993835,0.8133786229206867,1.5486301369863014,"(3, 3, 4, 3)","(64, 74, 84, 92)",0.2922883173764273
1.1631674609987692,78.99159663865547,0.8562727006229597,0.8366608239649023,1.4585616438356164,"(3, 3, 4, 4)","(70, 78, 86, 94)",0.3558244855238284
1.171226499926567,79.83193277310924,0.8408490916014139,0.8123637179343501,1.5623287671232877,"(3, 3, 4, 4)","(70, 76, 82, 88)",0.3044953591873175
1.1603581796017248,79.83193277310924,0.831850595719328,0.8198069632029865,1.5695205479452055,"(3, 3, 4, 4)","(64, 74, 84, 92)",0.2815669780138524
1.1676273747406742,78.99159663865547,0.8572165236021098,0.8366608239649023,1.4736301369863014,"(3, 3, 4, 5)","(70, 78, 86, 94)",0.35392041521530637
1.1735107370129931,79.83193277310924,0.8442260108883837,0.8123637179343501,1.5756849315068493,"(3, 3, 4, 5)","(70, 76, 82, 88)",0.30139878172393814
1.1635022330507894,79.83193277310924,0.8328776866404141,0.8242888662850637,1.588013698630137,"(3, 3, 4, 5)","(64, 74, 84, 92)",0.27805854426808674
1.1673080081664318,78.99159663865547,0.8590434886350133,0.8366608239649023,1.4917808219178081,"(3, 3, 4, 6)","(70, 78, 86, 94)",0.34020848457241004
1.175333529819088,80.67226890756302,0.8474275869453372,0.8123637179343501,1.585958904109589,"(3, 3, 4, 6)","(70, 76, 82, 88)",0.29922496029908635
1.1662089470743544,79.83193277310924,0.8344167947975463,0.8255694768193363,1.595890410958904,"(3, 3, 4, 6)","(64, 74, 84, 92)",0.27892535945811203
1.1409755818245333,76.47058823529412,0.8430310323297833,0.8252798491678235,1.4476027397260274,"(3, 3, 5, 1)","(70, 78, 86, 94)",0.31495692343354037
1.162239893681305,77.31092436974791,0.8177434147506876,0.8000498551962145,1.5613013698630136,"(3, 3, 5, 1)","(70, 76, 82, 88)",0.2890423975286215
1.1471551825596151,78.15126050420169,0.8076929670199378,0.7919420925107066,1.5404109589041095,"(3, 3, 5, 1)","(64, 74, 84, 92)",0.2723023656996681
1.1459319708184483,78.15126050420169,0.8468691568678354,0.8349846795693671,1.4530821917808219,"(3, 3, 5, 2)","(70, 78, 86, 94)",0.32208719182907725
1.1650803490114363,78.15126050420169,0.8272924567118869,0.8158063668937331,1.5571917808219178,"(3, 3, 5, 2)","(70, 76, 82, 88)",0.2962720461668064
1.1580466473882505,78.15126050420169,0.8174820163088595,0.8028095433286072,1.5410958904109588,"(3, 3, 5, 2)","(64, 74, 84, 92)",0.29208620909727306
1.157132950091867,78.99159663865547,0.8496869872530971,0.8392388717678015,1.4523972602739725,"(3, 3, 5, 3)","(70, 78, 86, 94)",0.34733400020306715
1.168075020038014,78.99159663865547,0.8312483602464276,0.8179450286834388,1.555821917808219,"(3, 3, 5, 3)","(70, 76, 82, 88)",0.3023900545354286
1.1580466473882505,78.15126050420169,0.8227679286550917,0.8092477641052104,1.5575342465753426,"(3, 3, 5, 3)","(64, 74, 84, 92)",0.28347433069637057
1.161403698015454,78.99159663865547,0.8536942914958404,0.844261775086568,1.4592465753424657,"(3, 3, 5, 4)","(70, 78, 86, 94)",0.3514532425094153
1.1700176870242056,79.83193277310924,0.8382127935351569,0.8179450286834388,1.5650684931506849,"(3, 3, 5, 4)","(70, 76, 82, 88)",0.30087978552162453
1.1587644140287847,79.83193277310924,0.8287288709554963,0.8161219564071007,1.5722602739726028,"(3, 3, 5, 4)","(64, 74, 84, 92)",0.27743392517298104
1.1645320435313973,78.99159663865547,0.8561461492077314,0.844261775086568,1.4719178082191782,"(3, 3, 5, 5)","(70, 78, 86, 94)",0.3486455494279245
1.171717707227992,79.83193277310924,0.8425862352441028,0.8179450286834388,1.5708904109589041,"(3, 3, 5, 5)","(70, 76, 82, 88)",0.3007892652104
1.1625767832517544,80.67226890756302,0.8344616049543636,0.8227809092957853,1.5921232876712328,"(3, 3, 5, 5)","(64, 74, 84, 92)",0.27456576465883337
1.1658896399867595,78.99159663865547,0.8573903313822157,0.844261775086568,1.4873287671232878,"(3, 3, 5, 6)","(70, 78, 86, 94)",0.3404060075624299
1.1736786022439527,79.83193277310924,0.8452650079522782,0.8179450286834388,1.5815068493150686,"(3, 3, 5, 6)","(70, 76, 82, 88)",0.29866991669749227
1.140600798575806,76.47058823529412,0.8409049778717976,0.8231702791227122,1.4558219178082192,"(3, 3, 6, 1)","(70, 78, 86, 94)",0.30845554608666675
1.1605446357904357,77.31092436974791,0.8162365959726213,0.7974200254022036,1.569178082191781,"(3, 3, 6, 1)","(70, 76, 82, 88)",0.28206398105178826
1.1428055185487336,78.15126050420169,0.8056681488314831,0.790222123098532,1.5469178082191781,"(3, 3, 6, 1)","(64, 74, 84, 92)",0.26110965194884284
1.1440795751310104,78.15126050420169,0.8476436613768812,0.8339841547325447,1.4582191780821918,"(3, 3, 6, 2)","(70, 78, 86, 94)",0.31443375140698837
1.1628896384668075,77.31092436974791,0.8250927293142699,0.8138704908973757,1.563013698630137,"(3, 3, 6, 2)","(70, 76, 82, 88)",0.289317362726933
1.1547263850704743,78.15126050420169,0.814320954510757,0.79982658553944,1.551027397260274,"(3, 3, 6, 2)","(64, 74, 84, 92)",0.28079617427332815
1.159815147506007,78.99159663865547,0.8513095368870184,0.8421203113650427,1.460958904109589,"(3, 3, 6, 4)","(70, 78, 86, 94)",0.3467015087054536
1.169068079763357,79.83193277310924,0.8362474130779972,0.8228654496971676,1.5650684931506849,"(3, 3, 6, 4)","(70, 76, 82, 88)",0.2991992684296985
1.157073126965253,78.99159663865547,0.8256826346358164,0.8131184224648615,1.5839041095890412,"(3, 3, 6, 4)","(64, 74, 84, 92)",0.26900500336571187
1.1621767530550255,78.99159663865547,0.8549298816861974,0.846490540150459,1.472945205479452,"(3, 3, 6, 5)","(70, 78, 86, 94)",0.34290812376587587
1.170431147770531,79.83193277310924,0.8404819617730623,0.8228654496971676,1.5698630136986302,"(3, 3, 6, 5)","(70, 76, 82, 88)",0.29907388911655663
1.1613696362018728,79.83193277310924,0.8311725567809788,0.8192658332441061,1.5934931506849315,"(3, 3, 6, 5)","(64, 74, 84, 92)",0.27189805984389426
1.1630423314536633,77.31092436974791,0.7973513347222257,0.7806682034019236,1.5702054794520548,"(3, 4, 1, 1)","(64, 72, 80, 88)",0.28593610080762577
1.1393741782641493,76.47058823529412,0.8473846552049699,0.8306940631915495,1.3924657534246576,"(3, 4, 1, 1)","(70, 78, 86, 94)",0.3551244332733996
1.1592040161554555,76.47058823529412,0.8244431543050043,0.8077503598960096,1.5,"(3, 4, 1, 1)","(70, 76, 82, 88)",0.3184080323109111
1.150485069808102,77.31092436974791,0.8176470239176012,0.8018955248122678,1.4945205479452055,"(3, 4, 1, 1)","(64, 74, 84, 92)",0.30430498880862716
1.164560776867316,78.99159663865547,0.8044622981518909,0.790479455009933,1.5863013698630137,"(3, 4, 1, 2)","(64, 72, 80, 88)",0.2806760913858428
1.1440058123761896,77.31092436974791,0.8520828170312045,0.834800332067209,1.4109589041095891,"(3, 4, 1, 2)","(70, 78, 86, 94)",0.35041414344872795
1.1653324584829368,78.15126050420169,0.8354994556986344,0.8080945254932758,1.521917808219178,"(3, 4, 1, 2)","(70, 76, 82, 88)",0.31677872622714925
1.160191500886506,78.15126050420169,0.8255756897713628,0.811614993295731,1.5041095890410958,"(3, 4, 1, 2)","(64, 74, 84, 92)",0.31777118382377556
1.1566620543566966,78.15126050420169,0.8581853131076705,0.834800332067209,1.4301369863013698,"(3, 4, 1, 3)","(70, 78, 86, 94)",0.3642143301923201
1.171941891599745,78.15126050420169,0.8409222765941726,0.8080945254932758,1.5356164383561643,"(3, 4, 1, 3)","(70, 76, 82, 88)",0.32101683086397415
1.1669881767968782,78.99159663865547,0.8294429302422128,0.8189339765915518,1.5256849315068493,"(3, 4, 1, 3)","(64, 74, 84, 92)",0.3176582907145826
1.1649571504103378,78.15126050420169,0.8599266953642453,0.834800332067209,1.448972602739726,"(3, 4, 1, 4)","(70, 78, 86, 94)",0.3674102816157027
1.1775314860167667,78.15126050420169,0.8454423928542338,0.8080945254932758,1.5544520547945206,"(3, 4, 1, 4)","(70, 76, 82, 88)",0.32019267397712087
1.168758707260298,78.99159663865547,0.8335208284471188,0.8254812773860346,1.5520547945205478,"(3, 4, 1, 4)","(64, 74, 84, 92)",0.305691951116669
1.1700701656830281,78.15126050420169,0.8616008643173916,0.834800332067209,1.4722602739726027,"(3, 4, 1, 5)","(70, 78, 86, 94)",0.36011956765369263
1.1800668504235683,79.83193277310924,0.8487866445819631,0.8080945254932758,1.5705479452054794,"(3, 4, 1, 5)","(70, 76, 82, 88)",0.3156033632874067
1.171295711063925,78.99159663865547,0.8341100090276027,0.8256766088536215,1.5657534246575342,"(3, 4, 1, 5)","(64, 74, 84, 92)",0.30277450139628403
1.1720016575870709,78.15126050420169,0.865468748164231,0.834800332067209,1.4938356164383562,"(3, 4, 1, 6)","(70, 78, 86, 94)",0.3482973926173696
1.1844267939035393,79.83193277310924,0.8538446209385058,0.8080945254932758,1.5873287671232876,"(3, 4, 1, 6)","(70, 76, 82, 88)",0.3140094683372215
1.1726095757633221,78.99159663865547,0.8364363108317566,0.8256766088536215,1.5815068493150686,"(3, 4, 1, 6)","(64, 74, 84, 92)",0.29683154371548914
1.1582553902707382,77.31092436974791,0.7935416878132,0.7766467765084173,1.5876712328767124,"(3, 4, 2, 1)","(64, 72, 80, 88)",0.2692923890387853
1.1402914989876802,76.47058823529412,0.8434861277265422,0.8278581648981782,1.4065068493150685,"(3, 4, 2, 1)","(70, 78, 86, 94)",0.34511472371021584
1.1583093831950826,76.47058823529412,0.8183387217194988,0.8036328069758619,1.5191780821917809,"(3, 4, 2, 1)","(70, 76, 82, 88)",0.30492308636519866
1.1465146655430083,76.47058823529412,0.8141275559539725,0.798095977299352,1.5116438356164383,"(3, 4, 2, 1)","(64, 74, 84, 92)",0.2863606582232826
1.1607709560615782,78.15126050420169,0.801899858289362,0.7866285790392632,1.5976027397260273,"(3, 4, 2, 2)","(64, 72, 80, 88)",0.26902647088814235
1.1440469253698131,77.31092436974791,0.8505418318191112,0.8349905375759145,1.4212328767123288,"(3, 4, 2, 2)","(70, 78, 86, 94)",0.34196505860150755
1.1653262205330124,77.31092436974791,0.8331585610757415,0.8092715954907079,1.5311643835616437,"(3, 4, 2, 2)","(70, 76, 82, 88)",0.3112524590305585
1.155878214105889,78.15126050420169,0.8234066613546396,0.8091733760739365,1.5092465753424658,"(3, 4, 2, 2)","(64, 74, 84, 92)",0.3060957533215843
1.1543854040876396,78.99159663865547,0.8540305541325298,0.8349905375759145,1.4349315068493151,"(3, 4, 2, 3)","(70, 78, 86, 94)",0.3549648660912657
1.1694026993646696,78.15126050420169,0.8370535873894449,0.8092715954907079,1.5393835616438356,"(3, 4, 2, 3)","(70, 76, 82, 88)",0.3140672267586255
1.1591462153028231,78.15126050420169,0.8268544430996464,0.816042255755676,1.5345890410958904,"(3, 4, 2, 3)","(64, 74, 84, 92)",0.2976982374658831
1.1652702435840598,78.99159663865547,0.8579781660951162,0.8349905375759145,1.4544520547945206,"(3, 4, 2, 4)","(70, 78, 86, 94)",0.36366926244570813
1.1747455921707897,78.99159663865547,0.8428653376738421,0.8092715954907079,1.5527397260273972,"(3, 4, 2, 4)","(70, 76, 82, 88)",0.3161444418455427
1.1650180489270272,78.99159663865547,0.8305680407260485,0.8220240369511949,1.553082191780822,"(3, 4, 2, 4)","(64, 74, 84, 92)",0.29836080672874266
1.1681251255435168,78.99159663865547,0.8592104359338859,0.8349905375759145,1.4702054794520547,"(3, 4, 2, 5)","(70, 78, 86, 94)",0.35755671273639406
1.1764501546686568,79.83193277310924,0.8461358623358232,0.8092715954907079,1.5702054794520548,"(3, 4, 2, 5)","(70, 76, 82, 88)",0.3094501211005872
1.1710857872697238,78.99159663865547,0.8321596171728375,0.8250621987730716,1.560958904109589,"(3, 4, 2, 5)","(64, 74, 84, 92)",0.3049880945223403
1.1708064360275472,78.99159663865547,0.8614785689318738,0.8349905375759145,1.484931506849315,"(3, 4, 2, 6)","(70, 78, 86, 94)",0.35222796129974426
1.1800631410750138,79.83193277310924,0.8502996821464714,0.8092715954907079,1.5808219178082192,"(3, 4, 2, 6)","(70, 76, 82, 88)",0.31001437024707557
1.1721207519868448,78.99159663865547,0.8335140970121283,0.8264381434384821,1.5777397260273973,"(3, 4, 2, 6)","(64, 74, 84, 92)",0.2979209222297492
1.1417430511831113,76.47058823529412,0.8412345419801746,0.8262573725457067,1.4195205479452055,"(3, 4, 3, 1)","(70, 78, 86, 94)",0.3378691505752529
1.1585683443131924,77.31092436974791,0.8149942672931727,0.7995201335268076,1.536986301369863,"(3, 4, 3, 1)","(70, 76, 82, 88)",0.29529309017507777
1.1441971295893647,76.47058823529412,0.8109472895916723,0.794849460168543,1.5229452054794521,"(3, 4, 3, 1)","(64, 74, 84, 92)",0.275740418075275
1.142804735319342,77.31092436974791,0.8481757422569021,0.8351581440186598,1.428082191780822,"(3, 4, 3, 2)","(70, 78, 86, 94)",0.33359186170598293
1.165094742878573,77.31092436974791,0.8288450942067913,0.8104700402878534,1.5424657534246575,"(3, 4, 3, 2)","(70, 76, 82, 88)",0.3043413189428239
1.1516121675718582,77.31092436974791,0.8204038753239612,0.8059929912581849,1.5215753424657534,"(3, 4, 3, 2)","(64, 74, 84, 92)",0.2906812405185989
1.1528438108995962,78.99159663865547,0.852539542240374,0.8351581440186598,1.4421232876712329,"(3, 4, 3, 3)","(70, 78, 86, 94)",0.3457040494398303
1.1684383717541134,78.99159663865547,0.8331392785429758,0.8104700402878534,1.5472602739726027,"(3, 4, 3, 3)","(70, 76, 82, 88)",0.30778475940050753
1.1541655364337513,78.15126050420169,0.8255970362956545,0.8121645756440841,1.5417808219178082,"(3, 4, 3, 3)","(64, 74, 84, 92)",0.28455332894219587
1.162569955499628,78.99159663865547,0.8556696696819436,0.8351581440186598,1.4537671232876712,"(3, 4, 3, 4)","(70, 78, 86, 94)",0.358267373629369
1.1717190465314065,78.99159663865547,0.8394245764939808,0.8104700402878534,1.5541095890410959,"(3, 4, 3, 4)","(70, 76, 82, 88)",0.30990087507522057
1.159243359944718,78.15126050420169,0.8298779864047385,0.8181346421825435,1.5571917808219178,"(3, 4, 3, 4)","(64, 74, 84, 92)",0.28579631901572017
1.1675080694110542,78.99159663865547,0.8571123640500662,0.8351581440186598,1.466095890410959,"(3, 4, 3, 5)","(70, 78, 86, 94)",0.3593854244528129
1.1736233153300524,79.83193277310924,0.8448230913307319,0.8104700402878534,1.5688356164383561,"(3, 4, 3, 5)","(70, 76, 82, 88)",0.3052258162334455
1.165555779444016,78.99159663865547,0.8310642034515261,0.8233708513536844,1.564041095890411,"(3, 4, 3, 5)","(64, 74, 84, 92)",0.29351722888677984
1.1682721720052738,78.99159663865547,0.8586795071320046,0.8351581440186598,1.4801369863013698,"(3, 4, 3, 6)","(70, 78, 86, 94)",0.35046700588830204
1.1766754281108125,80.67226890756302,0.8464778797891503,0.8104700402878534,1.5794520547945206,"(3, 4, 3, 6)","(70, 76, 82, 88)",0.304900857023388
1.1677372349530162,78.99159663865547,0.8322648494656002,0.8252453183109313,1.5784246575342467,"(3, 4, 3, 6)","(64, 74, 84, 92)",0.28998977268372245
1.1401345736033395,76.47058823529412,0.8395679223100377,0.8244045969404183,1.4332191780821917,"(3, 4, 4, 1)","(70, 78, 86, 94)",0.3234726916377481
1.15956992682053,77.31092436974791,0.8156017533851644,0.797404514344643,1.5527397260273972,"(3, 4, 4, 1)","(70, 76, 82, 88)",0.2886890869367705
1.1421449041697938,76.47058823529412,0.8079733356586521,0.7921798498811747,1.5321917808219179,"(3, 4, 4, 1)","(64, 74, 84, 92)",0.26709338492651075
1.1421615198468609,77.31092436974791,0.847207767170979,0.8351559416540639,1.4397260273972603,"(3, 4, 4, 2)","(70, 78, 86, 94)",0.3232956681875652
1.1642550721698737,77.31092436974791,0.8264039866878121,0.8145272266872987,1.5496575342465753,"(3, 4, 4, 2)","(70, 76, 82, 88)",0.2988316577794587
1.1490671648312356,77.31092436974791,0.8164831059865675,0.8022248176769766,1.5308219178082192,"(3, 4, 4, 2)","(64, 74, 84, 92)",0.28082330406916645
1.1501392171476963,77.31092436974791,0.8508407428860204,0.8389802747633373,1.4486301369863013,"(3, 4, 4, 3)","(70, 78, 86, 94)",0.33466146112310935
1.1668951114474384,78.99159663865547,0.831181135477456,0.815806039166528,1.5513698630136987,"(3, 4, 4, 3)","(70, 76, 82, 88)",0.30269175492330436
1.1528110226589163,78.15126050420169,0.8229392252748065,0.8095399766661007,1.5476027397260275,"(3, 4, 4, 3)","(64, 74, 84, 92)",0.2790545254309166
1.1584891589806228,78.99159663865547,0.852763882711857,0.8389802747633373,1.454109589041096,"(3, 4, 4, 4)","(70, 78, 86, 94)",0.34901081766471975
1.1683823565241058,78.99159663865547,0.837143294591787,0.815806039166528,1.5568493150684932,"(3, 4, 4, 4)","(70, 76, 82, 88)",0.30238405968658605
1.1566303830123243,78.15126050420169,0.8281360723287485,0.8159140471559091,1.5541095890410959,"(3, 4, 4, 4)","(64, 74, 84, 92)",0.28267040691964596
1.1658332871408053,78.99159663865547,0.8561998079255075,0.8389802747633373,1.4643835616438357,"(3, 4, 4, 5)","(70, 78, 86, 94)",0.35710412865129154
1.172154632222695,79.83193277310924,0.8422029567839627,0.815806039166528,1.5671232876712329,"(3, 4, 4, 5)","(70, 76, 82, 88)",0.3035576848371192
1.1604703099102098,78.99159663865547,0.8316298299774414,0.8213847886146118,1.571917808219178,"(3, 4, 4, 5)","(64, 74, 84, 92)",0.2805828173280316
1.1671578697831415,78.99159663865547,0.8575836861102875,0.8389802747633373,1.4756849315068492,"(3, 4, 4, 6)","(70, 78, 86, 94)",0.3514045930646316
1.1740616243844495,80.67226890756302,0.8453280274488502,0.815806039166528,1.5763698630136986,"(3, 4, 4, 6)","(70, 76, 82, 88)",0.30199640118989457
1.1614570295476843,78.99159663865547,0.8318013156680542,0.8237895620076051,1.5842465753424657,"(3, 4, 4, 6)","(64, 74, 84, 92)",0.27635083603706806
1.1360260817854462,75.63025210084034,0.8367572570092385,0.8211363331265102,1.4448630136986302,"(3, 4, 5, 1)","(70, 78, 86, 94)",0.3057707150219421
1.1574638083495015,76.47058823529412,0.8112807558724817,0.7949673851455431,1.566095890410959,"(3, 4, 5, 1)","(70, 76, 82, 88)",0.27815748359379566
1.1405870942380703,77.31092436974791,0.80582144125604,0.7901118449901952,1.5359589041095891,"(3, 4, 5, 1)","(64, 74, 84, 92)",0.26230946656560067
1.1404051499548598,76.47058823529412,0.8459834946487126,0.832661100575979,1.4513698630136986,"(3, 4, 5, 2)","(70, 78, 86, 94)",0.31106452038557697
1.1627159820917294,77.31092436974791,0.8229511641558431,0.8116291958642391,1.5606164383561645,"(3, 4, 5, 2)","(70, 76, 82, 88)",0.2902447573047342
1.1439871560412354,78.15126050420169,0.8128740744028806,0.7986161917470695,1.542808219178082,"(3, 4, 5, 2)","(64, 74, 84, 92)",0.2652634041895314
1.146257267193871,77.31092436974791,0.848695405297908,0.8382318947795317,1.4523972602739725,"(3, 4, 5, 3)","(70, 78, 86, 94)",0.32329388357767125
1.1659631751020083,78.15126050420169,0.8312248085866057,0.8184003437739642,1.5575342465753426,"(3, 4, 5, 3)","(70, 76, 82, 88)",0.29767350816822125
1.1506952190982844,78.15126050420169,0.8199521248353363,0.8063186869889875,1.5493150684931507,"(3, 4, 5, 3)","(64, 74, 84, 92)",0.2743329424981238
1.1532792177364177,78.99159663865547,0.8506151131582894,0.8409741330879675,1.4534246575342467,"(3, 4, 5, 4)","(70, 78, 86, 94)",0.33804782159391217
1.167767059417806,78.99159663865547,0.833348336985205,0.8184003437739642,1.5568493150684932,"(3, 4, 5, 4)","(70, 76, 82, 88)",0.3012790980934769
1.1511963335520723,78.99159663865547,0.8249713706253055,0.8125815224510211,1.5613013698630136,"(3, 4, 5, 4)","(64, 74, 84, 92)",0.26936747649301473
1.1604672840596322,78.99159663865547,0.8534780541337689,0.8445745620683995,1.461986301369863,"(3, 4, 5, 5)","(70, 78, 86, 94)",0.34734208261981164
1.1697763618148203,79.83193277310924,0.8392935462099141,0.8184003437739642,1.5664383561643835,"(3, 4, 5, 5)","(70, 76, 82, 88)",0.2997261042921857
1.1575731629997061,79.83193277310924,0.8291411007020697,0.8174853424999055,1.5698630136986302,"(3, 4, 5, 5)","(64, 74, 84, 92)",0.27651059853313814
1.1654616124959676,78.99159663865547,0.8559285731955673,0.846992831549585,1.4732876712328766,"(3, 4, 5, 6)","(70, 78, 86, 94)",0.34960051265428754
1.17295298617532,79.83193277310924,0.8425916369181587,0.8184003437739642,1.5746575342465754,"(3, 4, 5, 6)","(70, 76, 82, 88)",0.3009670557997226
1.1594667180624216,79.83193277310924,0.8338057566858816,0.8226144938045833,1.5921232876712328,"(3, 4, 5, 6)","(64, 74, 84, 92)",0.2693133700070973
1.1362673383571817,75.63025210084034,0.8342917486624399,0.8186445612369176,1.4558219178082192,"(3, 4, 6, 1)","(70, 78, 86, 94)",0.29894863110666464
1.1532596255905039,77.31092436974791,0.8089827569422452,0.7927994854509891,1.5726027397260274,"(3, 4, 6, 1)","(70, 76, 82, 88)",0.26765437005040155
1.1380078607120707,77.31092436974791,0.8037185626670379,0.7880748093783468,1.5417808219178082,"(3, 4, 6, 1)","(64, 74, 84, 92)",0.25473005896286127
1.1409870513026676,76.47058823529412,0.844489050858008,0.8312776943439684,1.4582191780821918,"(3, 4, 6, 2)","(70, 78, 86, 94)",0.3076847457427425
1.161970583937417,77.31092436974791,0.8253052814633948,0.8095527292862786,1.5650684931506849,"(3, 4, 6, 2)","(70, 76, 82, 88)",0.28663885157409563
1.1430097574119777,78.15126050420169,0.8098194602256537,0.7956941561002873,1.5523972602739726,"(3, 4, 6, 2)","(64, 74, 84, 92)",0.258889331458757
1.145378156361535,77.31092436974791,0.8481982881463185,0.8363344969153789,1.4558219178082192,"(3, 4, 6, 3)","(70, 78, 86, 94)",0.318936300958439
1.1645792401237265,77.31092436974791,0.8282656265177379,0.8180727395699088,1.5626712328767123,"(3, 4, 6, 3)","(70, 76, 82, 88)",0.29249627581331794
1.1496168745485755,78.15126050420169,0.8173812954586145,0.8037825747998898,1.5565068493150684,"(3, 4, 6, 3)","(64, 74, 84, 92)",0.2688500145734404
1.151162086706117,78.15126050420169,0.8485296875141949,0.8388591267713246,1.4582191780821918,"(3, 4, 6, 4)","(70, 78, 86, 94)",0.32989035364862596
1.1668568060107356,78.15126050420169,0.8298656708119422,0.8202786681135753,1.5623287671232877,"(3, 4, 6, 4)","(70, 76, 82, 88)",0.29672464893504746
1.1496168745485755,78.15126050420169,0.8222250419974099,0.8094902002406053,1.5702054794520548,"(3, 4, 6, 4)","(64, 74, 84, 92)",0.2623911553644688
1.158548819662216,78.99159663865547,0.8518434787361071,0.8431013609283123,1.4623287671232876,"(3, 4, 6, 5)","(70, 78, 86, 94)",0.34293522475086724
1.1692361927332315,78.99159663865547,0.8369421362335424,0.8257277322106742,1.5688356164383561,"(3, 4, 6, 5)","(70, 76, 82, 88)",0.29751335507587967
1.152729411653531,78.99159663865547,0.8270581169495076,0.8153199735316206,1.5777397260273973,"(3, 4, 6, 5)","(64, 74, 84, 92)",0.26435677654315964
1.1624405075624225,78.99159663865547,0.8550721821031748,0.8466504842828132,1.4732876712328766,"(3, 4, 6, 6)","(70, 78, 86, 94)",0.3432172808120649
1.1713479535478881,79.83193277310924,0.8412584286005487,0.8257277322106742,1.5726027397260274,"(3, 4, 6, 6)","(70, 76, 82, 88)",0.29924403370803426
1.159549159060234,79.83193277310924,0.8323500742196462,0.8211100662038826,1.598972602739726,"(3, 4, 6, 6)","(64, 74, 84, 92)",0.26637138047792075
1.1512771304936136,78.15126050420169,0.7878160165856644,0.7708488871936794,1.5924657534246576,"(3, 5, 1, 1)","(64, 72, 80, 88)",0.2553348098504923
1.1362884178563009,75.63025210084034,0.8384566770138395,0.825913824908357,1.4017123287671234,"(3, 5, 1, 1)","(70, 78, 86, 94)",0.33926869577186564
1.1536972087157726,75.63025210084034,0.8130575318789819,0.8007989592924818,1.5037671232876713,"(3, 5, 1, 1)","(70, 76, 82, 88)",0.3050957508158097
1.1452637243804755,76.47058823529412,0.8125404448576515,0.7962352197608955,1.503082191780822,"(3, 5, 1, 1)","(64, 74, 84, 92)",0.28874749842817465
1.157773713807152,78.15126050420169,0.80008827009261,0.7845093538020755,1.5797945205479451,"(3, 5, 1, 2)","(64, 72, 80, 88)",0.2721200498032392
1.1425241305642129,77.31092436974791,0.8492892216593316,0.8351353467397092,1.4054794520547946,"(3, 5, 1, 2)","(70, 78, 86, 94)",0.35149532199957895
1.1607179942697168,77.31092436974791,0.8307322581136508,0.8085501301030551,1.5136986301369864,"(3, 5, 1, 2)","(70, 76, 82, 88)",0.312864362178382
1.150050435944964,77.31092436974791,0.821853095361898,0.807598959471609,1.501027397260274,"(3, 5, 1, 2)","(64, 74, 84, 92)",0.2994854907445624
1.144423076755077,77.31092436974791,0.8530975066232991,0.8351353467397092,1.41986301369863,"(3, 5, 1, 3)","(70, 78, 86, 94)",0.3439766591556482
1.1663774037600323,78.15126050420169,0.8360316630124279,0.8085501301030551,1.5253424657534247,"(3, 5, 1, 3)","(70, 76, 82, 88)",0.3167027503124474
1.150050435944964,78.15126050420169,0.8259713891548485,0.8139074139156477,1.5222602739726028,"(3, 5, 1, 3)","(64, 74, 84, 92)",0.2873096871864227
1.147778317146399,77.31092436974791,0.8575813803070472,0.8351353467397092,1.4421232876712329,"(3, 5, 1, 4)","(70, 78, 86, 94)",0.3342468521049461
1.1742587429304308,78.99159663865547,0.8417678147837618,0.8085501301030551,1.5424657534246575,"(3, 5, 1, 4)","(70, 76, 82, 88)",0.32123455136165263
1.1615741880886232,78.99159663865547,0.8285187430185376,0.8197697090535687,1.5465753424657533,"(3, 5, 1, 4)","(64, 74, 84, 92)",0.295611923069411
1.1527496954921097,77.31092436974791,0.8588738189738471,0.8351353467397092,1.4575342465753425,"(3, 5, 1, 5)","(70, 78, 86, 94)",0.33385412487796434
1.177954073016732,78.99159663865547,0.8456840049498637,0.8085501301030551,1.5595890410958904,"(3, 5, 1, 5)","(70, 76, 82, 88)",0.31800850257580004
1.1687247844481492,78.99159663865547,0.8318333464490624,0.8244396535685723,1.5571917808219178,"(3, 5, 1, 5)","(64, 74, 84, 92)",0.30281276618844233
1.159428310963071,78.15126050420169,0.861850549582351,0.8351353467397092,1.4763698630136985,"(3, 5, 1, 6)","(70, 78, 86, 94)",0.3346733774350592
1.178585435008788,78.99159663865547,0.8497101309405476,0.8085501301030551,1.5726027397260274,"(3, 5, 1, 6)","(70, 76, 82, 88)",0.311883654441185
1.1705623140746453,78.99159663865547,0.8326813352983875,0.825661499510548,1.5674657534246574,"(3, 5, 1, 6)","(64, 74, 84, 92)",0.30056847139285714
1.1365437537421397,76.47058823529412,0.8358966600983331,0.8232700399469445,1.4136986301369863,"(3, 5, 2, 1)","(70, 78, 86, 94)",0.3300560934826555
1.1511668708316374,75.63025210084034,0.8111159940155472,0.7989474528058049,1.5184931506849315,"(3, 5, 2, 1)","(70, 76, 82, 88)",0.291550371749261
1.1406603374656359,76.47058823529412,0.8092371208349071,0.7934464687343783,1.5178082191780822,"(3, 5, 2, 1)","(64, 74, 84, 92)",0.2716456252643233
1.1576082337779217,78.15126050420169,0.7947878798692568,0.7791741525581475,1.5917808219178082,"(3, 5, 2, 2)","(64, 72, 80, 88)",0.2663287283747287
1.141773828526702,77.31092436974791,0.8467790779105007,0.8341690976784899,1.4164383561643836,"(3, 5, 2, 2)","(70, 78, 86, 94)",0.3404437329753042
1.157248375110108,76.47058823529412,0.8272523672112844,0.8089710124615459,1.5263698630136986,"(3, 5, 2, 2)","(70, 76, 82, 88)",0.29874122011809706
1.148485481983353,76.47058823529412,0.8191902484697658,0.8047400909855597,1.5143835616438357,"(3, 5, 2, 2)","(64, 74, 84, 92)",0.2886668491287554
1.1438237901679267,78.15126050420169,0.8505017724395336,0.8353073481250831,1.428082191780822,"(3, 5, 2, 3)","(70, 78, 86, 94)",0.3359723738322767
1.165312987305177,78.15126050420169,0.8338938661560782,0.8089710124615459,1.536986301369863,"(3, 5, 2, 3)","(70, 76, 82, 88)",0.3078532671754573
1.1486230859091036,78.15126050420169,0.8254324651324709,0.811958612853203,1.5297945205479453,"(3, 5, 2, 3)","(64, 74, 84, 92)",0.28052967734620704
1.1462792843130225,78.15126050420169,0.855010098429843,0.8353073481250831,1.4438356164383561,"(3, 5, 2, 4)","(70, 78, 86, 94)",0.32957986897687175
1.1717609109795288,78.15126050420169,0.8379770039788168,0.8089710124615459,1.5462328767123288,"(3, 5, 2, 4)","(70, 76, 82, 88)",0.31444630724778944
1.1591304976482593,78.15126050420169,0.8273876579032613,0.8177875490446606,1.5496575342465753,"(3, 5, 2, 4)","(64, 74, 84, 92)",0.2895084443195745
1.1504672751956089,78.15126050420169,0.8579113825342097,0.8353073481250831,1.4582191780821918,"(3, 5, 2, 5)","(70, 78, 86, 94)",0.3283740235957981
1.1752997738007613,78.99159663865547,0.8441821453207694,0.8089710124615459,1.560958904109589,"(3, 5, 2, 5)","(70, 76, 82, 88)",0.31250020726387245
1.164465808033178,78.99159663865547,0.8301177280779037,0.8227807013468239,1.5599315068493151,"(3, 5, 2, 5)","(64, 74, 84, 92)",0.2937248681693454
1.1541863619443797,78.15126050420169,0.8579498688007121,0.8353073481250831,1.472945205479452,"(3, 5, 2, 6)","(70, 78, 86, 94)",0.3260131621126639
1.1757938114649433,78.99159663865547,0.8460273351314809,0.8089710124615459,1.5722602739726028,"(3, 5, 2, 6)","(70, 76, 82, 88)",0.3071920583349099
1.1696300337665475,78.99159663865547,0.8318995038256474,0.8247882596239718,1.5664383561643835,"(3, 5, 2, 6)","(64, 74, 84, 92)",0.29946777424323984
1.1370297671310194,76.47058823529412,0.8375362821690289,0.8219430482925612,1.4236301369863014,"(3, 5, 3, 1)","(70, 78, 86, 94)",0.32346557802956893
1.1477467613106058,76.47058823529412,0.812550630606212,0.7970447995370478,1.5325342465753424,"(3, 5, 3, 1)","(70, 76, 82, 88)",0.2774408636829383
1.1381041270033467,76.47058823529412,0.8058717885275161,0.7898872689634345,1.5267123287671234,"(3, 5, 3, 1)","(64, 74, 84, 92)",0.26220029314029414
1.1394447543567534,77.31092436974791,0.8453309115957566,0.8327713099390304,1.425,"(3, 5, 3, 2)","(70, 78, 86, 94)",0.3281053043688315
1.1585269351928262,77.31092436974791,0.8239132233704866,0.8124464542510719,1.5393835616438356,"(3, 5, 3, 2)","(70, 76, 82, 88)",0.2939039052463826
1.1477044604170552,76.47058823529412,0.8145327155298816,0.8000334686614988,1.5195205479452054,"(3, 5, 3, 2)","(64, 74, 84, 92)",0.28430917891746954
1.1432041023735238,78.15126050420169,0.8487267326051187,0.8375823793472734,1.4342465753424658,"(3, 5, 3, 3)","(70, 78, 86, 94)",0.32977600862041745
1.1643039503439643,78.99159663865547,0.8319214906246151,0.8129201203408921,1.5407534246575343,"(3, 5, 3, 3)","(70, 76, 82, 88)",0.30384264408130185
1.1482962639352607,78.15126050420169,0.8225608540302569,0.8093018480780239,1.5366438356164382,"(3, 5, 3, 3)","(64, 74, 84, 92)",0.27634019827119427
1.1469529033970518,78.15126050420169,0.8523084639143441,0.8381330328244951,1.4465753424657535,"(3, 5, 3, 4)","(70, 78, 86, 94)",0.32906631742284603
1.1690498957419937,78.99159663865547,0.8342937383272259,0.8129201203408921,1.548972602739726,"(3, 5, 3, 4)","(70, 76, 82, 88)",0.30793867471404973
1.1545066617201543,78.15126050420169,0.8275637979777164,0.8155041143450783,1.5523972602739726,"(3, 5, 3, 4)","(64, 74, 84, 92)",0.27970207825347204
1.152426737529118,78.15126050420169,0.8555259393276593,0.8381330328244951,1.4585616438356164,"(3, 5, 3, 5)","(70, 78, 86, 94)",0.33240184733758366
1.172333641051797,78.99159663865547,0.8415796524220591,0.8129201203408921,1.5599315068493151,"(3, 5, 3, 5)","(70, 76, 82, 88)",0.3077762886062675
1.1602458168510505,78.99159663865547,0.8294059472136797,0.819434016292946,1.561986301369863,"(3, 5, 3, 5)","(64, 74, 84, 92)",0.28514185570083345
1.1566671031204872,78.15126050420169,0.8568968725064363,0.8381330328244951,1.4702054794520547,"(3, 5, 3, 6)","(70, 78, 86, 94)",0.33318859512878557
1.1748264181695984,79.83193277310924,0.8447808274026073,0.8129201203408921,1.5705479452054794,"(3, 5, 3, 6)","(70, 76, 82, 88)",0.3064184520139421
1.165348683485014,78.99159663865547,0.8299391800607825,0.8228156080911526,1.5698630136986302,"(3, 5, 3, 6)","(64, 74, 84, 92)",0.2901551416924523
1.137915941712044,76.47058823529412,0.8351371999427711,0.8198375944340347,1.4352739726027397,"(3, 5, 4, 1)","(70, 78, 86, 94)",0.3168485836342787
1.1454033567028685,76.47058823529412,0.8107648849065077,0.7956159210356429,1.548972602739726,"(3, 5, 4, 1)","(70, 76, 82, 88)",0.264864505035793
1.1372559904246091,76.47058823529412,0.8037733779672386,0.7882873536545896,1.5315068493150685,"(3, 5, 4, 1)","(64, 74, 84, 92)",0.25823936342774395
1.1401415663749912,76.47058823529412,0.8429871861650611,0.8308814592894054,1.4363013698630136,"(3, 5, 4, 2)","(70, 78, 86, 94)",0.32120359012164396
1.1598077822197745,77.31092436974791,0.8208849866033332,0.8093328244454745,1.5520547945205478,"(3, 5, 4, 2)","(70, 76, 82, 88)",0.28947811667601847
1.1435575504450517,76.47058823529412,0.8127220206579079,0.7979922849793514,1.5304794520547946,"(3, 5, 4, 2)","(64, 74, 84, 92)",0.27061849406039434
1.1434097116702495,77.31092436974791,0.8476222710025091,0.8364881315795786,1.4452054794520548,"(3, 5, 4, 3)","(70, 78, 86, 94)",0.32212027544394506
1.1643333196620285,78.15126050420169,0.8298564779489505,0.815771145165229,1.5503424657534246,"(3, 5, 4, 3)","(70, 76, 82, 88)",0.29860192496149546
1.145882943834477,78.15126050420169,0.8193989316677073,0.8060136471856647,1.5407534246575343,"(3, 5, 4, 3)","(64, 74, 84, 92)",0.26977719822461876
1.1467585686756068,78.15126050420169,0.8503809642224116,0.8406191726700372,1.4503424657534247,"(3, 5, 4, 4)","(70, 78, 86, 94)",0.3258821448918416
1.1671407699925984,78.99159663865547,0.8319252975472867,0.815771145165229,1.5544520547945206,"(3, 5, 4, 4)","(70, 76, 82, 88)",0.3014521608266753
1.1501746640402477,78.15126050420169,0.8246133758392856,0.8122474737792945,1.5551369863013698,"(3, 5, 4, 4)","(64, 74, 84, 92)",0.270518210362445
1.1515216764209575,78.15126050420169,0.8528520287771046,0.8423411130213739,1.457191780821918,"(3, 5, 4, 5)","(70, 78, 86, 94)",0.33141819861362976
1.1705184973173683,78.99159663865547,0.8381524727002373,0.815771145165229,1.5602739726027397,"(3, 5, 4, 5)","(70, 76, 82, 88)",0.30434841819481395
1.1563226373433348,78.15126050420169,0.8286983480885413,0.8170088115540954,1.5636986301369864,"(3, 5, 4, 5)","(64, 74, 84, 92)",0.27731597876217357
1.1583837626196167,78.99159663865547,0.856110570032029,0.8423411130213739,1.4684931506849315,"(3, 5, 4, 6)","(70, 78, 86, 94)",0.33807060442198894
1.1726519898013654,79.83193277310924,0.8432220831419698,0.815771145165229,1.5712328767123287,"(3, 5, 4, 6)","(70, 76, 82, 88)",0.3022444905395606
1.160385615531775,78.99159663865547,0.8329991501112703,0.8218699517609553,1.5726027397260274,"(3, 5, 4, 6)","(64, 74, 84, 92)",0.28009928071338713
1.1349995859016664,75.63025210084034,0.8331970778506111,0.8178187911141737,1.4479452054794522,"(3, 5, 5, 1)","(70, 78, 86, 94)",0.30137522234928577
1.1454338668491617,75.63025210084034,0.8088512949260793,0.7934572495806148,1.5647260273972603,"(3, 5, 5, 1)","(70, 76, 82, 88)",0.25752995221319114
1.1360899467742531,77.31092436974791,0.8010531291062799,0.7852971511164788,1.5383561643835617,"(3, 5, 5, 1)","(64, 74, 84, 92)",0.25278794184530473
1.1391206669958855,76.47058823529412,0.8417303425213961,0.8288768098362883,1.4462328767123287,"(3, 5, 5, 2)","(70, 78, 86, 94)",0.3117669590391296
1.1594552437984165,77.31092436974791,0.8184314724992943,0.8059953628173618,1.558904109589041,"(3, 5, 5, 2)","(70, 76, 82, 88)",0.28529982346285304
1.1402206507687667,77.31092436974791,0.8090667225586323,0.7947706586662102,1.5410958904109588,"(3, 5, 5, 2)","(64, 74, 84, 92)",0.2591419621802523
1.1429010745511266,77.31092436974791,0.8465305868683644,0.8351933713218916,1.4513698630136986,"(3, 5, 5, 3)","(70, 78, 86, 94)",0.3165941864106901
1.1635213267094684,77.31092436974791,0.8270226103228209,0.8170007751115509,1.5585616438356165,"(3, 5, 5, 3)","(70, 76, 82, 88)",0.2927543065552714
1.1440949176377646,78.15126050420169,0.8173061740895148,0.8039598664930084,1.55,"(3, 5, 5, 3)","(64, 74, 84, 92)",0.26199075934139016
1.146764857372171,78.15126050420169,0.8493613347817555,0.839818517907546,1.4503424657534247,"(3, 5, 5, 4)","(70, 78, 86, 94)",0.32589610914580913
1.1663292266203913,78.15126050420169,0.8301316635253859,0.8198534600072483,1.5551369863013698,"(3, 5, 5, 4)","(70, 76, 82, 88)",0.2996183477677623
1.148971043338255,78.99159663865547,0.8216843890125437,0.8093056510555469,1.5595890410958904,"(3, 5, 5, 4)","(64, 74, 84, 92)",0.2662150835665266
1.1490926841813809,78.15126050420169,0.8509211587740266,0.841469683597464,1.4568493150684931,"(3, 5, 5, 5)","(70, 78, 86, 94)",0.3263498034554964
1.1687919596827685,78.99159663865547,0.8353854229030672,0.8198534600072483,1.5606164383561645,"(3, 5, 5, 5)","(70, 76, 82, 88)",0.3010827869723176
1.1505803000500632,78.99159663865547,0.8261607877860447,0.8143692781114992,1.5678082191780822,"(3, 5, 5, 5)","(64, 74, 84, 92)",0.2651957033451052
1.158117263082615,78.99159663865547,0.8544691671108224,0.8459026619693478,1.4664383561643837,"(3, 5, 5, 6)","(70, 78, 86, 94)",0.33898855227697205
1.170781195827475,78.99159663865547,0.841146857501161,0.8198534600072483,1.5698630136986302,"(3, 5, 5, 6)","(70, 76, 82, 88)",0.2996881561395594
1.157900310255846,79.83193277310924,0.830700864785064,0.8193509612042105,1.5767123287671232,"(3, 5, 5, 6)","(64, 74, 84, 92)",0.2737938871419659
1.1338248555468329,75.63025210084034,0.8308510505065,0.8149923630844563,1.454109589041096,"(3, 5, 6, 1)","(70, 78, 86, 94)",0.29469726862500145
1.1457454994002312,75.63025210084034,0.806033359154693,0.790748937993536,1.5722602739726028,"(3, 5, 6, 1)","(70, 76, 82, 88)",0.2546839367137492
1.1346087993777934,77.31092436974791,0.7993040397839926,0.7837590749282163,1.5452054794520549,"(3, 5, 6, 1)","(64, 74, 84, 92)",0.24689553654720886
1.137807314240269,76.47058823529412,0.839653803739195,0.8278270041935645,1.4558219178082192,"(3, 5, 6, 2)","(70, 78, 86, 94)",0.3023270905947297
1.1569854306012803,77.31092436974791,0.8156015660525026,0.8031935007544718,1.5664383561643835,"(3, 5, 6, 2)","(70, 76, 82, 88)",0.27714477470117205
1.1394579995401803,77.31092436974791,0.8075443599883882,0.7931543329651711,1.5513698630136987,"(3, 5, 6, 2)","(64, 74, 84, 92)",0.25293003643312206
1.1397176018063166,76.47058823529412,0.8462772753653327,0.8348624284506745,1.4575342465753425,"(3, 5, 6, 3)","(70, 78, 86, 94)",0.30537080634314717
1.1624912017233433,77.31092436974791,0.8265134370235553,0.8142719356352186,1.5626712328767123,"(3, 5, 6, 3)","(70, 76, 82, 88)",0.28878533720764604
1.1436496009655939,77.31092436974791,0.8138978219182278,0.8002782958612426,1.5582191780821917,"(3, 5, 6, 3)","(64, 74, 84, 92)",0.2573354814843768
1.1459159853345173,78.15126050420169,0.84865348767188,0.8389212618683534,1.4565068493150686,"(3, 5, 6, 4)","(70, 78, 86, 94)",0.31963591686180837
1.165099008216305,78.15126050420169,0.8293353524283708,0.8200074343116032,1.5616438356164384,"(3, 5, 6, 4)","(70, 76, 82, 88)",0.29395677072659193
1.1464479883631153,78.15126050420169,0.819084833094635,0.8065511378520243,1.563013698630137,"(3, 5, 6, 4)","(64, 74, 84, 92)",0.2601144318858253
1.1485272601394971,78.15126050420169,0.8494496048039788,0.8402110966933569,1.4582191780821918,"(3, 5, 6, 5)","(70, 78, 86, 94)",0.3241402089740894
1.1673324193730754,78.99159663865547,0.8326509516103935,0.823616110302719,1.5616438356164384,"(3, 5, 6, 5)","(70, 76, 82, 88)",0.2979333320545001
1.1483704979283411,78.99159663865547,0.8242440411915506,0.8123691671400107,1.5715753424657535,"(3, 5, 6, 5)","(64, 74, 84, 92)",0.259581697993263
1.1558884377571703,78.99159663865547,0.8525424592132143,0.8437645625439801,1.4664383561643837,"(3, 5, 6, 6)","(70, 78, 86, 94)",0.3342101602429789
1.1696304460214952,78.99159663865547,0.8382866327421388,0.8266814745152465,1.5698630136986302,"(3, 5, 6, 6)","(70, 76, 82, 88)",0.2976688115281046
1.1526486715093731,78.99159663865547,0.8271838662288103,0.8156157673695797,1.5787671232876712,"(3, 5, 6, 6)","(64, 74, 84, 92)",0.26374800047773345
1.1447262774390914,77.31092436974791,0.782271084319091,0.7651314750005194,1.597945205479452,"(3, 6, 1, 1)","(64, 72, 80, 88)",0.2420393643311265
1.133991873275213,74.78991596638656,0.8339183557085473,0.8210679695503523,1.411986301369863,"(3, 6, 1, 1)","(70, 78, 86, 94)",0.32523380711855526
1.147410205504705,75.63025210084034,0.8091607965135968,0.7985780303228136,1.5089041095890412,"(3, 6, 1, 1)","(70, 76, 82, 88)",0.289662045810053
1.1430617448998226,76.47058823529412,0.8064867017469893,0.7900262583718319,1.5123287671232877,"(3, 6, 1, 1)","(64, 74, 84, 92)",0.2792381651787981
1.1543943404626271,78.15126050420169,0.7926640230055391,0.776704171396124,1.5787671232876712,"(3, 6, 1, 2)","(64, 72, 80, 88)",0.2667641858880895
1.139075186050418,77.31092436974791,0.8425475612431159,0.8318266586545853,1.401027397260274,"(3, 6, 1, 2)","(70, 78, 86, 94)",0.3467972188447656
1.1544003556393025,75.63025210084034,0.8208988762479169,0.8075251424109647,1.5113013698630138,"(3, 6, 1, 2)","(70, 76, 82, 88)",0.3019752434472628
1.14760349547478,77.31092436974791,0.8186545549307794,0.8043529384313896,1.4993150684931507,"(3, 6, 1, 2)","(64, 74, 84, 92)",0.29561193881094494
1.1616342569656424,78.99159663865547,0.8014446281194225,0.7872650385354869,1.5948630136986301,"(3, 6, 1, 3)","(64, 72, 80, 88)",0.27171677048916276
1.1431875287022268,77.31092436974791,0.848801031964768,0.8341591658242122,1.4133561643835617,"(3, 6, 1, 3)","(70, 78, 86, 94)",0.34640230638815434
1.1592500107023809,76.47058823529412,0.8331608907171751,0.8075251424109647,1.520890410958904,"(3, 6, 1, 3)","(70, 76, 82, 88)",0.3057265162728154
1.14760349547478,77.31092436974791,0.8237332787723142,0.8104884889044559,1.5195205479452054,"(3, 6, 1, 3)","(64, 74, 84, 92)",0.2841148363786142
1.1453930153961778,77.31092436974791,0.8530133783135077,0.8341591658242122,1.4321917808219178,"(3, 6, 1, 4)","(70, 78, 86, 94)",0.3364085617724557
1.1685473847861507,78.15126050420169,0.8366344863445837,0.8075251424109647,1.5345890410958904,"(3, 6, 1, 4)","(70, 76, 82, 88)",0.31528402535269706
1.1498020916661598,78.99159663865547,0.8260117918085066,0.815782456315739,1.5414383561643836,"(3, 6, 1, 4)","(64, 74, 84, 92)",0.2766743248989162
1.1482386957318995,77.31092436974791,0.8579052545089824,0.8341591658242122,1.4506849315068493,"(3, 6, 1, 5)","(70, 78, 86, 94)",0.32891868657837886
1.169557070615137,78.99159663865547,0.8428756918960536,0.8075251424109647,1.5496575342465753,"(3, 6, 1, 5)","(70, 76, 82, 88)",0.30847766118143316
1.15886910602182,78.99159663865547,0.8284530198064555,0.8201503619118913,1.5541095890410959,"(3, 6, 1, 5)","(64, 74, 84, 92)",0.2867106239701571
1.1504451818961399,77.31092436974791,0.8584679259526105,0.8341591658242122,1.4602739726027398,"(3, 6, 1, 6)","(70, 78, 86, 94)",0.3268600678100657
1.1702529203406165,78.99159663865547,0.845472081853941,0.8075251424109647,1.563013698630137,"(3, 6, 1, 6)","(70, 76, 82, 88)",0.3023956979285888
1.1668318910009037,78.99159663865547,0.8310497148509544,0.8236676295339311,1.564041095890411,"(3, 6, 1, 6)","(64, 74, 84, 92)",0.2957796731770727
1.1350986534777698,75.63025210084034,0.8347376315913273,0.819070060823629,1.4188356164383562,"(3, 6, 2, 1)","(70, 78, 86, 94)",0.32255770086270474
1.1444982151783996,76.47058823529412,0.8100750155566022,0.7961431286779371,1.523972602739726,"(3, 6, 2, 1)","(70, 76, 82, 88)",0.2757743714515861
1.1387024472120966,76.47058823529412,0.8029191507883281,0.7862988645594811,1.523972602739726,"(3, 6, 2, 1)","(64, 74, 84, 92)",0.264713167228315
1.1511189301574973,78.15126050420169,0.7898620512398596,0.7741866100723063,1.5893835616438357,"(3, 6, 2, 2)","(64, 72, 80, 88)",0.25640167115624185
1.1387638517416159,76.47058823529412,0.8412627210799646,0.8305343024202477,1.4126712328767124,"(3, 6, 2, 2)","(70, 78, 86, 94)",0.3362576324361148
1.1546584455021855,76.47058823529412,0.8182373238627675,0.8084207205899802,1.5222602739726028,"(3, 6, 2, 2)","(70, 76, 82, 88)",0.2961328923713979
1.1448384738924726,76.47058823529412,0.8145912146177849,0.8002333030339225,1.5116438356164383,"(3, 6, 2, 2)","(64, 74, 84, 92)",0.2830845674471352
1.1575719891557035,78.99159663865547,0.7993076708078507,0.7846554545574356,1.5982876712328766,"(3, 6, 2, 3)","(64, 72, 80, 88)",0.26337161324250385
1.1424527882333806,78.15126050420169,0.8479996106847251,0.8369276229422159,1.4222602739726027,"(3, 6, 2, 3)","(70, 78, 86, 94)",0.33735777910906034
1.1601494071085898,78.15126050420169,0.8313037061843322,0.8104263676629707,1.5297945205479453,"(3, 6, 2, 3)","(70, 76, 82, 88)",0.3022858880136278
1.1483583883761508,77.31092436974791,0.8222986220483032,0.8086707583603878,1.526027397260274,"(3, 6, 2, 3)","(64, 74, 84, 92)",0.28203547790257827
1.1446447366631802,78.15126050420169,0.8513469919524976,0.8389569475726988,1.4383561643835616,"(3, 6, 2, 4)","(70, 78, 86, 94)",0.32997080551287994
1.1662201075266185,78.99159663865547,0.8329169064286135,0.8104263676629707,1.5393835616438356,"(3, 6, 2, 4)","(70, 76, 82, 88)",0.3081668025255404
1.1483583883761508,78.15126050420169,0.8264815285117176,0.8142768425215364,1.5445205479452055,"(3, 6, 2, 4)","(64, 74, 84, 92)",0.27245691450211335
1.1474247325269633,78.15126050420169,0.8561406869448842,0.8389569475726988,1.451027397260274,"(3, 6, 2, 5)","(70, 78, 86, 94)",0.3268642513126293
1.1696630251267084,79.83193277310924,0.8405955412405299,0.8104263676629707,1.5523972602739726,"(3, 6, 2, 5)","(70, 76, 82, 88)",0.3071395123186537
1.1557587547306951,78.99159663865547,0.8270813839236801,0.8173165008649532,1.5561643835616439,"(3, 6, 2, 5)","(64, 74, 84, 92)",0.28005884471282616
1.1495358065122416,78.15126050420169,0.8580142384769774,0.8389569475726988,1.4595890410958905,"(3, 6, 2, 6)","(70, 78, 86, 94)",0.3253685208761144
1.1698238677368307,79.83193277310924,0.8444734055951585,0.8104263676629707,1.5636986301369864,"(3, 6, 2, 6)","(70, 76, 82, 88)",0.30126712867044075
1.165050333322094,78.99159663865547,0.8292565185893371,0.8222898904989413,1.564041095890411,"(3, 6, 2, 6)","(64, 74, 84, 92)",0.2926211131150666
1.1349934119388123,76.47058823529412,0.832383649296895,0.816878525151993,1.428082191780822,"(3, 6, 3, 1)","(70, 78, 86, 94)",0.3153446102890655
1.1440676829622753,76.47058823529412,0.8089536521987799,0.7934391492374213,1.5328767123287672,"(3, 6, 3, 1)","(70, 76, 82, 88)",0.2703583767672519
1.1369960069254128,76.47058823529412,0.8012254903591357,0.7847178846482336,1.5304794520547946,"(3, 6, 3, 1)","(64, 74, 84, 92)",0.25824941266766
1.1380615863525492,76.47058823529412,0.8402672832659838,0.8286388729552958,1.423972602739726,"(3, 6, 3, 2)","(70, 78, 86, 94)",0.3256379904276605
1.1508890404628096,76.47058823529412,0.8159470317408649,0.8063857875130058,1.5342465753424657,"(3, 6, 3, 2)","(70, 76, 82, 88)",0.28243333214833594
1.1435823194177241,76.47058823529412,0.81165801123007,0.7971957951576432,1.5212328767123289,"(3, 6, 3, 2)","(64, 74, 84, 92)",0.27546673633361
1.1439935214661545,78.15126050420169,0.850240084897735,0.8395947302234952,1.4431506849315068,"(3, 6, 3, 4)","(70, 78, 86, 94)",0.3249312849158974
1.164565630173914,78.15126050420169,0.8318989878764667,0.8132123003361861,1.5445205479452055,"(3, 6, 3, 4)","(70, 76, 82, 88)",0.3022211573005213
1.1470136397793105,78.15126050420169,0.8248037941262251,0.8124732053605763,1.545890410958904,"(3, 6, 3, 4)","(64, 74, 84, 92)",0.2693098043636052
1.1466763124954824,78.15126050420169,0.8527397924083882,0.840346294802112,1.4493150684931506,"(3, 6, 3, 5)","(70, 78, 86, 94)",0.32644423207836026
1.1686242270594727,78.99159663865547,0.836186710456021,0.8132123003361861,1.553082191780822,"(3, 6, 3, 5)","(70, 76, 82, 88)",0.30488095542641497
1.1519939686349967,78.15126050420169,0.8277172720942406,0.8159752188538155,1.5578767123287671,"(3, 6, 3, 5)","(64, 74, 84, 92)",0.27245082161705975
1.1343536231231093,76.47058823529412,0.8311207720370162,0.8155191676608599,1.4335616438356165,"(3, 6, 4, 1)","(70, 78, 86, 94)",0.30988355412281127
1.142895468219192,76.47058823529412,0.8056843441434048,0.7903628897883,1.5455479452054794,"(3, 6, 4, 1)","(70, 76, 82, 88)",0.26193017401132507
1.1336016122849673,76.47058823529412,0.7995309156459933,0.7836993825671184,1.5393835616438356,"(3, 6, 4, 1)","(64, 74, 84, 92)",0.24769314785530436
1.1374417626551943,76.47058823529412,0.839921031690609,0.8269217271202645,1.4376712328767123,"(3, 6, 4, 2)","(70, 78, 86, 94)",0.3140296924516176
1.146563293005749,76.47058823529412,0.815283917041336,0.80272056187099,1.548972602739726,"(3, 6, 4, 2)","(70, 76, 82, 88)",0.2669774270597549
1.1399212624768928,76.47058823529412,0.8094544913032253,0.7948920634538353,1.5315068493150685,"(3, 6, 4, 2)","(64, 74, 84, 92)",0.2632539216704427
1.1414038135472513,77.31092436974791,0.8449544145864613,0.8340503493085901,1.4421232876712329,"(3, 6, 4, 3)","(70, 78, 86, 94)",0.3198289198744956
1.1561044555185163,76.47058823529412,0.8259808223987274,0.8156101903998968,1.5517123287671233,"(3, 6, 4, 3)","(70, 76, 82, 88)",0.28294538182127094
1.1436692712581762,76.47058823529412,0.8161959709907709,0.8027971951238291,1.5407534246575343,"(3, 6, 4, 3)","(64, 74, 84, 92)",0.26568351619624725
1.1433430211681688,78.15126050420169,0.8494651019293461,0.8387949626940833,1.4455479452054794,"(3, 6, 4, 4)","(70, 78, 86, 94)",0.3217229990861283
1.1645341863910128,78.15126050420169,0.8303458753836119,0.817024485308065,1.5520547945205478,"(3, 6, 4, 4)","(70, 76, 82, 88)",0.29803959321448975
1.1451242439859013,77.31092436974791,0.8212494449855925,0.808893616865296,1.5476027397260275,"(3, 6, 4, 4)","(64, 74, 84, 92)",0.26501738113748075
1.1459046098609966,78.15126050420169,0.8499384709068435,0.8404981138559687,1.4503424657534247,"(3, 6, 4, 5)","(70, 78, 86, 94)",0.32398590174457037
1.1671986087658355,78.99159663865547,0.8334714189961483,0.817024485308065,1.5571917808219178,"(3, 6, 4, 5)","(70, 76, 82, 88)",0.30007371702288854
1.1491006669362998,78.15126050420169,0.826422228854158,0.8146595039239123,1.5613013698630136,"(3, 6, 4, 5)","(64, 74, 84, 92)",0.2656338910640606
1.149531684166443,78.15126050420169,0.8538111073513461,0.841212881568822,1.4616438356164383,"(3, 6, 4, 6)","(70, 78, 86, 94)",0.3239113633279031
1.1685361209547322,79.83193277310924,0.8400647653086204,0.817024485308065,1.5647260273972603,"(3, 6, 4, 6)","(70, 76, 82, 88)",0.29843873449837366
1.1556692624365692,78.99159663865547,0.8284789429597258,0.8169730393952426,1.571917808219178,"(3, 6, 4, 6)","(64, 74, 84, 92)",0.2721881714459773
1.133583722381598,75.63025210084034,0.8294860184798936,0.8140101248641336,1.4452054794520548,"(3, 6, 5, 1)","(70, 78, 86, 94)",0.3000495918109742
1.1418573812228643,75.63025210084034,0.8038117709578012,0.7881026170344784,1.5554794520547945,"(3, 6, 5, 1)","(70, 76, 82, 88)",0.25537826952574827
1.132710907874639,77.31092436974791,0.7987500916342276,0.7829598118067397,1.5424657534246575,"(3, 6, 5, 1)","(64, 74, 84, 92)",0.24464384532446062
1.1365037189483584,76.47058823529412,0.8391128693528256,0.826008554600109,1.446917808219178,"(3, 6, 5, 2)","(70, 78, 86, 94)",0.3054336086813844
1.1463974030225266,76.47058823529412,0.8132342315416007,0.8002900446955965,1.5575342465753426,"(3, 6, 5, 2)","(70, 76, 82, 88)",0.2625801086153425
1.1372460918489906,77.31092436974791,0.8072748197763956,0.7931109933071034,1.5431506849315069,"(3, 6, 5, 2)","(64, 74, 84, 92)",0.2526851123575363
1.139437092111701,76.47058823529412,0.844967699787473,0.8333365310659069,1.4479452054794522,"(3, 6, 5, 3)","(70, 78, 86, 94)",0.3112815817784149
1.1535438596154388,76.47058823529412,0.8229644048808099,0.8123997520697471,1.5554794520547945,"(3, 6, 5, 3)","(70, 76, 82, 88)",0.2764168126245877
1.1413336381473331,77.31092436974791,0.8126467553510027,0.7992297384045827,1.548972602739726,"(3, 6, 5, 3)","(64, 74, 84, 92)",0.2574511686776125
1.1434324581499558,78.15126050420169,0.8473032485280747,0.8371414189649041,1.4517123287671232,"(3, 6, 5, 4)","(70, 78, 86, 94)",0.3175305366170363
1.1644575948053375,78.15126050420169,0.8293260329132295,0.8198239545180261,1.5582191780821917,"(3, 6, 5, 4)","(70, 76, 82, 88)",0.2946111514304206
1.143258857373635,77.31092436974791,0.8188340635755329,0.8063246831789159,1.5578767123287671,"(3, 6, 5, 4)","(64, 74, 84, 92)",0.2567930408416295
1.1470014142435145,78.15126050420169,0.8491055483127824,0.8396053555713902,1.4561643835616438,"(3, 6, 5, 5)","(70, 78, 86, 94)",0.3222553525458427
1.1662638841769137,78.15126050420169,0.8308126223627099,0.821536155629214,1.558904109589041,"(3, 6, 5, 5)","(70, 76, 82, 88)",0.29748194963026237
1.1466422744093625,78.99159663865547,0.8238304181072484,0.811919081023271,1.5667808219178083,"(3, 6, 5, 5)","(64, 74, 84, 92)",0.2587283633083616
1.149225666073986,78.15126050420169,0.8518624504247098,0.8424950977748403,1.4606164383561644,"(3, 6, 5, 6)","(70, 78, 86, 94)",0.32396947578887647
1.1677293761915064,78.99159663865547,0.8372617384737779,0.8216336639358645,1.563013698630137,"(3, 6, 5, 6)","(70, 76, 82, 88)",0.29791349055912325
1.1512878929630188,78.99159663865547,0.8277253523799155,0.8162038300125825,1.5780821917808219,"(3, 6, 5, 6)","(64, 74, 84, 92)",0.261706544699061
1.133344030835913,76.47058823529412,0.8279407846552334,0.8122764650149314,1.4523972602739725,"(3, 6, 6, 1)","(70, 78, 86, 94)",0.29474986377052703
1.143463323960813,76.47058823529412,0.8025931427461364,0.7866111772916612,1.5647260273972603,"(3, 6, 6, 1)","(70, 76, 82, 88)",0.2540405736601418
1.1331376150200945,77.31092436974791,0.7972053763599662,0.7815256227296833,1.5496575342465753,"(3, 6, 6, 1)","(64, 74, 84, 92)",0.24221921237300678
1.1362456603239965,77.31092436974791,0.8375921733803113,0.8246346196424981,1.4568493150684931,"(3, 6, 6, 2)","(70, 78, 86, 94)",0.2982288816687181
1.1457305985156825,77.31092436974791,0.8107113782002292,0.7975065400496988,1.5671232876712329,"(3, 6, 6, 2)","(70, 76, 82, 88)",0.25696458192378796
1.1371893889074702,77.31092436974791,0.8059827796007806,0.791652636022991,1.5496575342465753,"(3, 6, 6, 2)","(64, 74, 84, 92)",0.24959066393134774
1.1434310551994178,78.15126050420169,0.8471071168863101,0.8354583223316603,1.457191780821918,"(3, 6, 6, 4)","(70, 78, 86, 94)",0.3137218585635205
1.163554832788764,78.99159663865547,0.8287139528554948,0.8174999210797925,1.5650684931506849,"(3, 6, 6, 4)","(70, 76, 82, 88)",0.28944249196557015
1.1419483223207667,77.31092436974791,0.8166940340824939,0.8038997957110895,1.5636986301369864,"(3, 6, 6, 4)","(64, 74, 84, 92)",0.25181597884364443
1.1461458177492254,78.99159663865547,0.8487119097286538,0.8390383618810919,1.4568493150684931,"(3, 6, 6, 5)","(70, 78, 86, 94)",0.31989939117521604
1.1653724419611151,78.99159663865547,0.8290118809852137,0.8197737313501734,1.5606164383561645,"(3, 6, 6, 5)","(70, 76, 82, 88)",0.29498321962520224
1.144558096884428,78.99159663865547,0.8214572787269454,0.8094270907861935,1.5698630136986302,"(3, 6, 6, 5)","(64, 74, 84, 92)",0.25367166039815486
1.201944115583571,81.5126050420168,0.823372749458668,0.8099209434567068,1.566095890410959,"(4, 1, 1, 1)","(64, 72, 80, 88)",0.35673128705627793
1.1795902887469558,79.83193277310924,0.8695696041405826,0.846927011688613,1.3818493150684932,"(4, 1, 1, 1)","(70, 78, 86, 94)",0.4703171687364224
1.2134314051897364,81.5126050420168,0.8538424649553471,0.8198857165106016,1.5071917808219177,"(4, 1, 1, 1)","(70, 76, 82, 88)",0.42081006289941275
1.1873643695197016,79.83193277310924,0.8397795671510416,0.8253232386606955,1.4986301369863013,"(4, 1, 1, 1)","(64, 74, 84, 92)",0.3757582135972038
1.1836195836372625,79.83193277310924,0.8686250932993153,0.846927011688613,1.4191780821917808,"(4, 1, 1, 2)","(70, 78, 86, 94)",0.4380467191346459
1.2187442040741383,82.35294117647058,0.854760836740716,0.8198857165106016,1.5376712328767124,"(4, 1, 1, 2)","(70, 76, 82, 88)",0.4068363540741935
1.1960940655788548,81.5126050420168,0.8458957895988825,0.8312610862727737,1.5434931506849314,"(4, 1, 1, 2)","(64, 74, 84, 92)",0.3608031956460341
1.1866138940894921,79.83193277310924,0.8730225455444792,0.846927011688613,1.4647260273972602,"(4, 1, 1, 3)","(70, 78, 86, 94)",0.4015567949457016
1.2197655465833783,82.35294117647058,0.8573860840735231,0.8198857165106016,1.5654109589041096,"(4, 1, 1, 3)","(70, 76, 82, 88)",0.38868285646484835
1.198387295240251,82.35294117647058,0.8466577253201285,0.8312610862727737,1.5780821917808219,"(4, 1, 1, 3)","(64, 74, 84, 92)",0.3431818140411925
1.1926348466050813,79.83193277310924,0.8742972844801701,0.846927011688613,1.5041095890410958,"(4, 1, 1, 4)","(70, 78, 86, 94)",0.3821289076676886
1.2197655465833783,84.03361344537815,0.8588763855708479,0.8198857165106016,1.591095890410959,"(4, 1, 1, 4)","(70, 76, 82, 88)",0.3717933928293538
1.1926348466050813,79.83193277310924,0.8740196628967524,0.846927011688613,1.5376712328767124,"(4, 1, 1, 5)","(70, 78, 86, 94)",0.3582762752145462
1.1926348466050813,79.83193277310924,0.8719393180072618,0.846927011688613,1.5602739726027397,"(4, 1, 1, 6)","(70, 78, 86, 94)",0.3438225868501452
1.2007136627521173,80.67226890756302,0.816583916576429,0.8026295271694955,1.5708904109589041,"(4, 1, 2, 1)","(64, 72, 80, 88)",0.35158002113748205
1.169950524804647,78.99159663865547,0.8652725528238707,0.8404937107789658,1.3972602739726028,"(4, 1, 2, 1)","(70, 78, 86, 94)",0.4278064934737663
1.2019951748376432,79.83193277310924,0.8464872016475317,0.8139748938183728,1.507876712328767,"(4, 1, 2, 1)","(70, 76, 82, 88)",0.3977248216627904
1.1760825195365938,78.99159663865547,0.8317943714695526,0.817325293568709,1.5092465753424658,"(4, 1, 2, 1)","(64, 74, 84, 92)",0.3457706503341318
1.2034176709156217,81.5126050420168,0.8220800692092578,0.8092714721367725,1.5897260273972602,"(4, 1, 2, 2)","(64, 72, 80, 88)",0.344935887963772
1.1771390354283031,79.83193277310924,0.867414422894339,0.8404937107789658,1.4318493150684932,"(4, 1, 2, 2)","(70, 78, 86, 94)",0.4101871399291396
1.2048571836896247,79.83193277310924,0.850992233901634,0.8139748938183728,1.5328767123287672,"(4, 1, 2, 2)","(70, 76, 82, 88)",0.3844363601373419
1.1883255866010085,81.5126050420168,0.8383422394701032,0.8263461375442874,1.542123287671233,"(4, 1, 2, 2)","(64, 74, 84, 92)",0.34738516290268145
1.1806590744390337,79.83193277310924,0.867849818516523,0.8404937107789658,1.4585616438356164,"(4, 1, 2, 3)","(70, 78, 86, 94)",0.39396900475129093
1.2048571836896247,80.67226890756302,0.8531102444347238,0.8139748938183728,1.558904109589041,"(4, 1, 2, 3)","(70, 76, 82, 88)",0.3665336865034952
1.1883255866010085,81.5126050420168,0.8415399819542143,0.8277893903385644,1.5657534246575342,"(4, 1, 2, 3)","(64, 74, 84, 92)",0.332875734185802
1.1828177743960846,79.83193277310924,0.8701801493553198,0.8404937107789658,1.5,"(4, 1, 2, 4)","(70, 78, 86, 94)",0.3656355487921692
1.2080676805916746,81.5126050420168,0.8551377778864054,0.8139748938183728,1.576027397260274,"(4, 1, 2, 4)","(70, 76, 82, 88)",0.3612114312293042
1.1883255866010085,81.5126050420168,0.8421698531418508,0.8277893903385644,1.588013698630137,"(4, 1, 2, 4)","(64, 74, 84, 92)",0.32027414844201796
1.1828177743960846,81.5126050420168,0.871024346860346,0.8404937107789658,1.5202054794520548,"(4, 1, 2, 5)","(70, 78, 86, 94)",0.3514337730326314
1.2088954853006633,82.35294117647058,0.8562716267683425,0.8139748938183728,1.5928082191780821,"(4, 1, 2, 5)","(70, 76, 82, 88)",0.35238290992370697
1.1828177743960846,81.5126050420168,0.8701968429336914,0.8404937107789658,1.542808219178082,"(4, 1, 2, 6)","(70, 78, 86, 94)",0.3367999376886859
1.1974034564759737,79.83193277310924,0.8099259233999095,0.7954284927401112,1.5866438356164383,"(4, 1, 3, 1)","(64, 72, 80, 88)",0.33649625972553604
1.1705820744495072,78.99159663865547,0.8625430442069966,0.8365491033038982,1.4195205479452055,"(4, 1, 3, 1)","(70, 78, 86, 94)",0.4066119652184172
1.196238648536644,79.83193277310924,0.8411883268148003,0.812277144544898,1.5195205479452054,"(4, 1, 3, 1)","(70, 76, 82, 88)",0.3777302925029669
1.1734435668359076,78.99159663865547,0.8249466355525449,0.8105554103311481,1.526027397260274,"(4, 1, 3, 1)","(64, 74, 84, 92)",0.32972344737034504
1.1756700567826688,79.83193277310924,0.8639935592955758,0.8365491033038982,1.4376712328767123,"(4, 1, 3, 2)","(70, 78, 86, 94)",0.40137446463645765
1.196238648536644,79.83193277310924,0.8463180357617582,0.812277144544898,1.5359589041095891,"(4, 1, 3, 2)","(70, 76, 82, 88)",0.3661449544581474
1.1758194912088835,80.67226890756302,0.8325820054390688,0.8209303752602702,1.548972602739726,"(4, 1, 3, 2)","(64, 74, 84, 92)",0.32027006508417966
1.1756700567826688,79.83193277310924,0.8636196100305151,0.8365491033038982,1.4575342465753425,"(4, 1, 3, 3)","(70, 78, 86, 94)",0.38394952530343773
1.196238648536644,79.83193277310924,0.849689280927642,0.812277144544898,1.5565068493150684,"(4, 1, 3, 3)","(70, 76, 82, 88)",0.35262575613969277
1.1814661677732679,80.67226890756302,0.8366106425784342,0.8249427717510054,1.5613013698630136,"(4, 1, 3, 3)","(64, 74, 84, 92)",0.32329543007806116
1.1756700567826688,80.67226890756302,0.865345738594065,0.8365491033038982,1.4938356164383562,"(4, 1, 3, 4)","(70, 78, 86, 94)",0.3557257737901476
1.196238648536644,80.67226890756302,0.850972175299413,0.812277144544898,1.5767123287671232,"(4, 1, 3, 4)","(70, 76, 82, 88)",0.3402712908117582
1.1814661677732679,81.5126050420168,0.839682428965817,0.8249427717510054,1.5804794520547945,"(4, 1, 3, 4)","(64, 74, 84, 92)",0.3126142831256296
1.17939336312854,80.67226890756302,0.8688317583286967,0.8365491033038982,1.521917808219178,"(4, 1, 3, 5)","(70, 78, 86, 94)",0.3437195671491713
1.1969172351656927,80.67226890756302,0.8544956414017686,0.812277144544898,1.5890410958904109,"(4, 1, 3, 5)","(70, 76, 82, 88)",0.33430135272315276
1.1814661677732679,80.67226890756302,0.8418192119138298,0.8249427717510054,1.597945205479452,"(4, 1, 3, 5)","(64, 74, 84, 92)",0.3034829380858775
1.1816954771136328,81.5126050420168,0.8685779988068232,0.8365491033038982,1.5321917808219179,"(4, 1, 3, 6)","(70, 78, 86, 94)",0.341409776815835
1.1707351706588953,78.15126050420169,0.8566590176644365,0.8342652130716965,1.4315068493150684,"(4, 1, 4, 1)","(70, 78, 86, 94)",0.3956719827968051
1.1881123741153774,79.83193277310924,0.8360569751311953,0.8107492724128424,1.531849315068493,"(4, 1, 4, 1)","(70, 76, 82, 88)",0.35369486955370383
1.1713245145157416,78.15126050420169,0.8224648723190694,0.8064393795667649,1.5325342465753424,"(4, 1, 4, 1)","(64, 74, 84, 92)",0.3217154870649296
1.1720147114966006,79.83193277310924,0.8604056476381301,0.8342652130716965,1.4421232876712329,"(4, 1, 4, 2)","(70, 78, 86, 94)",0.38906503297449563
1.1889757257727755,79.83193277310924,0.842678944402943,0.8107492724128424,1.5455479452054794,"(4, 1, 4, 2)","(70, 76, 82, 88)",0.34639618283521945
1.1744926766694535,78.99159663865547,0.82819395912263,0.8161938810487832,1.5520547945205478,"(4, 1, 4, 2)","(64, 74, 84, 92)",0.3160785458280423
1.1720147114966006,79.83193277310924,0.8612514083596771,0.8342652130716965,1.463013698630137,"(4, 1, 4, 3)","(70, 78, 86, 94)",0.37151106329147476
1.189360120531313,79.83193277310924,0.8461956580300865,0.8107492724128424,1.5599315068493151,"(4, 1, 4, 3)","(70, 76, 82, 88)",0.3381844354443019
1.1762700926803222,80.67226890756302,0.8344891119100611,0.8244156715556854,1.5616438356164384,"(4, 1, 4, 3)","(64, 74, 84, 92)",0.31384675038203713
1.1720147114966006,80.67226890756302,0.8615371247769732,0.8342652130716965,1.4910958904109588,"(4, 1, 4, 4)","(70, 78, 86, 94)",0.35026705548819664
1.1907535274426337,80.67226890756302,0.8476631353509685,0.8107492724128424,1.5736301369863013,"(4, 1, 4, 4)","(70, 76, 82, 88)",0.3325374926164123
1.1762700926803222,80.67226890756302,0.8372053097821279,0.8282488163797672,1.5780821917808219,"(4, 1, 4, 4)","(64, 74, 84, 92)",0.3049221982384721
1.1720147114966006,80.67226890756302,0.865070313436544,0.8342652130716965,1.5157534246575342,"(4, 1, 4, 5)","(70, 78, 86, 94)",0.33352122016605174
1.1927016542005904,80.67226890756302,0.8504460980071092,0.8107492724128424,1.585958904109589,"(4, 1, 4, 5)","(70, 76, 82, 88)",0.32886547648493514
1.1762700926803222,80.67226890756302,0.8397630789421691,0.8282488163797672,1.590068493150685,"(4, 1, 4, 5)","(64, 74, 84, 92)",0.29872818956850894
1.1772399015112491,80.67226890756302,0.8684225682502615,0.8342652130716965,1.531849315068493,"(4, 1, 4, 6)","(70, 78, 86, 94)",0.33325210071657924
1.1933090737921577,81.5126050420168,0.8537713107860716,0.8107492724128424,1.597945205479452,"(4, 1, 4, 6)","(70, 76, 82, 88)",0.3232889435699315
1.166222861840475,78.15126050420169,0.8531505786751168,0.8322939366751325,1.438013698630137,"(4, 1, 5, 1)","(70, 78, 86, 94)",0.3794923819970189
1.1860610596078798,79.83193277310924,0.8319289153639199,0.8088952786622363,1.542123287671233,"(4, 1, 5, 1)","(70, 76, 82, 88)",0.3432080189861079
1.1696465586125053,78.15126050420169,0.820735406955282,0.8048159602389144,1.5373287671232876,"(4, 1, 5, 1)","(64, 74, 84, 92)",0.31572208486202397
1.166222861840475,78.99159663865547,0.8577835548434759,0.8322939366751325,1.4472602739726028,"(4, 1, 5, 2)","(70, 78, 86, 94)",0.37164682739218
1.1881358793878647,79.83193277310924,0.8378881603901016,0.8088952786622363,1.5513698630136987,"(4, 1, 5, 2)","(70, 76, 82, 88)",0.3412153837345123
1.1723862392221507,78.99159663865547,0.8272793923253722,0.8123340256431643,1.5493150684931507,"(4, 1, 5, 2)","(64, 74, 84, 92)",0.3138203357410723
1.166222861840475,78.99159663865547,0.8587857814269086,0.8322939366751325,1.463013698630137,"(4, 1, 5, 3)","(70, 78, 86, 94)",0.35900203888623317
1.1889690026314126,79.83193277310924,0.8436600147797826,0.8088952786622363,1.5565068493150684,"(4, 1, 5, 3)","(70, 76, 82, 88)",0.33956276165152294
1.1723862392221507,79.83193277310924,0.8316577862749984,0.8213742877007688,1.5681506849315068,"(4, 1, 5, 3)","(64, 74, 84, 92)",0.30341640658751057
1.166222861840475,78.99159663865547,0.8586559453873743,0.8322939366751325,1.4924657534246575,"(4, 1, 5, 4)","(70, 78, 86, 94)",0.3375318195926198
1.189024160161374,79.83193277310924,0.8459827697071279,0.8088952786622363,1.5729452054794522,"(4, 1, 5, 4)","(70, 76, 82, 88)",0.3299166453503957
1.1723862392221507,80.67226890756302,0.8347265425491961,0.8258793755999294,1.579109589041096,"(4, 1, 5, 4)","(64, 74, 84, 92)",0.2976746413534476
1.1688364508215305,80.67226890756302,0.8622396202526192,0.8322939366751325,1.510958904109589,"(4, 1, 5, 5)","(70, 78, 86, 94)",0.3304305873987059
1.1918761623463872,80.67226890756302,0.8478856274512926,0.8088952786622363,1.5842465753424657,"(4, 1, 5, 5)","(70, 76, 82, 88)",0.32841640917435555
1.1737814020110091,80.67226890756302,0.8376206828248712,0.8288688040398361,1.5897260273972602,"(4, 1, 5, 5)","(64, 74, 84, 92)",0.29468158761448704
1.1710819569314908,80.67226890756302,0.8647914624075502,0.8322939366751325,1.525,"(4, 1, 5, 6)","(70, 78, 86, 94)",0.3258703941552205
1.192771712558319,80.67226890756302,0.8503587642136785,0.8088952786622363,1.5941780821917808,"(4, 1, 5, 6)","(70, 76, 82, 88)",0.32443423669757443
1.1755076302331509,80.67226890756302,0.840273687201348,0.8299319843864188,1.598972602739726,"(4, 1, 5, 6)","(64, 74, 84, 92)",0.2930144541342485
1.1614407802861872,78.15126050420169,0.8501780431607233,0.8343070449110842,1.4417808219178083,"(4, 1, 6, 1)","(70, 78, 86, 94)",0.3654318437485788
1.1814894551471786,78.15126050420169,0.8277631377277092,0.8115263619356132,1.551027397260274,"(4, 1, 6, 1)","(70, 76, 82, 88)",0.3293655742882297
1.1682112034104122,78.15126050420169,0.8177174183664564,0.8017180227014478,1.542123287671233,"(4, 1, 6, 1)","(64, 74, 84, 92)",0.3102821945410003
1.1614407802861872,78.99159663865547,0.8551185539160908,0.8374455966382143,1.4527397260273973,"(4, 1, 6, 2)","(70, 78, 86, 94)",0.3565862923113969
1.1871678278617241,79.83193277310924,0.8341068830321329,0.8115263619356132,1.5551369863013698,"(4, 1, 6, 2)","(70, 76, 82, 88)",0.3371561118792317
1.1699275641718507,78.15126050420169,0.8240474927356661,0.8091289692170348,1.5565068493150684,"(4, 1, 6, 2)","(64, 74, 84, 92)",0.30534676146572565
1.1614407802861872,78.99159663865547,0.8568842600759979,0.8374455966382143,1.4684931506849315,"(4, 1, 6, 3)","(70, 78, 86, 94)",0.34459581756993185
1.1884484817553091,79.83193277310924,0.8415941720541111,0.8115263619356132,1.5613013698630136,"(4, 1, 6, 3)","(70, 76, 82, 88)",0.3357349400399651
1.1699275641718507,78.15126050420169,0.8301667337741154,0.816680740077828,1.5695205479452055,"(4, 1, 6, 3)","(64, 74, 84, 92)",0.29836950534083234
1.1648916919334718,78.99159663865547,0.8570105037777,0.8374455966382143,1.4914383561643836,"(4, 1, 6, 4)","(70, 78, 86, 94)",0.33552873898657665
1.1885859448496818,80.67226890756302,0.8432625794476627,0.8115263619356132,1.569178082191781,"(4, 1, 6, 4)","(70, 76, 82, 88)",0.33133030021725085
1.1699275641718507,80.67226890756302,0.8326476156671118,0.8233205384519708,1.58013698630137,"(4, 1, 6, 4)","(64, 74, 84, 92)",0.29290937861971905
1.1675467115234521,78.99159663865547,0.8593683116819228,0.8374455966382143,1.5041095890410958,"(4, 1, 6, 5)","(70, 78, 86, 94)",0.3323616831851089
1.1914393256197866,80.67226890756302,0.8442327166362845,0.8115263619356132,1.5808219178082192,"(4, 1, 6, 5)","(70, 76, 82, 88)",0.32960072571331184
1.1699275641718507,80.67226890756302,0.8348402447630721,0.8257713755679849,1.5890410958904109,"(4, 1, 6, 5)","(64, 74, 84, 92)",0.2884816787103513
1.168682326956794,78.99159663865547,0.8631665448391715,0.8374455966382143,1.518150684931507,"(4, 1, 6, 6)","(70, 78, 86, 94)",0.32554685704814185
1.1918633155268583,80.67226890756302,0.8484358512308403,0.8115263619356132,1.5914383561643837,"(4, 1, 6, 6)","(70, 76, 82, 88)",0.32440120517569554
1.1700127299910141,80.67226890756302,0.8381468612843757,0.8287484421668219,1.5993150684931507,"(4, 1, 6, 6)","(64, 74, 84, 92)",0.283678383756435
1.1981934142115158,80.67226890756302,0.8157217328286023,0.8020183593813227,1.5565068493150684,"(4, 2, 1, 1)","(64, 72, 80, 88)",0.3561383196908469
1.165688147913917,78.15126050420169,0.8653177298549554,0.8409657038537507,1.3815068493150684,"(4, 2, 1, 1)","(70, 78, 86, 94)",0.43429927460380396
1.1942909226275518,78.99159663865547,0.8457506713769403,0.8155072995496564,1.4945205479452055,"(4, 2, 1, 1)","(70, 76, 82, 88)",0.3928874612690105
1.1750868068642766,78.15126050420169,0.8315612482706813,0.8166879054770927,1.4736301369863014,"(4, 2, 1, 1)","(64, 74, 84, 92)",0.3696699031407719
1.1985514087198739,80.67226890756302,0.8224927659259392,0.8097480854842029,1.5808219178082192,"(4, 2, 1, 2)","(64, 72, 80, 88)",0.34184558576770735
1.1740967681995764,78.99159663865547,0.8653622200504014,0.8409657038537507,1.415068493150685,"(4, 2, 1, 2)","(70, 78, 86, 94)",0.41944105869864945
1.1942909226275518,78.99159663865547,0.8502533145442078,0.8155072995496564,1.5184931506849315,"(4, 2, 1, 2)","(70, 76, 82, 88)",0.374722255001619
1.1772040212588246,81.5126050420168,0.8382638972240305,0.8252744322181792,1.5136986301369864,"(4, 2, 1, 2)","(64, 74, 84, 92)",0.34495716138384525
1.1776628695564861,78.99159663865547,0.8662909384605629,0.8409657038537507,1.4428082191780822,"(4, 2, 1, 3)","(70, 78, 86, 94)",0.4012185453247792
1.1942909226275518,79.83193277310924,0.8521934933680914,0.8155072995496564,1.5496575342465753,"(4, 2, 1, 3)","(70, 76, 82, 88)",0.35347632029436216
1.1782956229395691,81.5126050420168,0.8416060548828833,0.8270863932149584,1.5517123287671233,"(4, 2, 1, 3)","(64, 74, 84, 92)",0.32316773369555674
1.17867485944832,80.67226890756302,0.8707464220319578,0.8409657038537507,1.4623287671232876,"(4, 2, 1, 4)","(70, 78, 86, 94)",0.3864671033993294
1.1942909226275518,79.83193277310924,0.8564555766222478,0.8155072995496564,1.5681506849315068,"(4, 2, 1, 4)","(70, 76, 82, 88)",0.3419707619484335
1.1804286051941368,81.5126050420168,0.8426002848514629,0.8270863932149584,1.5777397260273973,"(4, 2, 1, 4)","(64, 74, 84, 92)",0.3123008459791817
1.1793051335883706,80.67226890756302,0.8724179444041238,0.8409657038537507,1.4917808219178081,"(4, 2, 1, 5)","(70, 78, 86, 94)",0.3646037535362412
1.1943451900530324,80.67226890756302,0.8572792316836135,0.8155072995496564,1.5917808219178082,"(4, 2, 1, 5)","(70, 76, 82, 88)",0.32840738133961495
1.1803636947393472,81.5126050420168,0.8716119200969047,0.8409657038537507,1.5178082191780822,"(4, 2, 1, 6)","(70, 78, 86, 94)",0.3483214210574695
1.1787392987841363,79.83193277310924,0.8080836798922646,0.7930148452579214,1.5763698630136986,"(4, 2, 2, 1)","(64, 72, 80, 88)",0.31011215237651696
1.1666029455871771,78.15126050420169,0.860348630255975,0.8348941713405764,1.4047945205479453,"(4, 2, 2, 1)","(70, 78, 86, 94)",0.41157411261806864
1.1856397396551042,78.99159663865547,0.8407205817341267,0.8116019211891724,1.509931506849315,"(4, 2, 2, 1)","(70, 76, 82, 88)",0.36404838132498596
1.1723739256984622,78.15126050420169,0.825521118431693,0.8097342679507179,1.490068493150685,"(4, 2, 2, 1)","(64, 74, 84, 92)",0.3517343557229278
1.1726269999188044,78.99159663865547,0.863419784184913,0.8348941713405764,1.4393835616438355,"(4, 2, 2, 3)","(70, 78, 86, 94)",0.3928845204699212
1.189683289081031,79.83193277310924,0.8491531871917485,0.8116019211891724,1.5469178082191781,"(4, 2, 2, 3)","(70, 76, 82, 88)",0.34682229437483425
1.175538004627461,80.67226890756302,0.8369492926985429,0.825549867258722,1.5568493150684932,"(4, 2, 2, 3)","(64, 74, 84, 92)",0.31523430105300504
1.1743697241394888,80.67226890756302,0.8686010826802807,0.8348941713405764,1.4886986301369862,"(4, 2, 2, 5)","(70, 78, 86, 94)",0.35680420076195335
1.192024030100122,80.67226890756302,0.8543226665715785,0.8116019211891724,1.582191780821918,"(4, 2, 2, 5)","(70, 76, 82, 88)",0.32982951052491527
1.175538004627461,80.67226890756302,0.8417053471321309,0.825549867258722,1.5934931506849315,"(4, 2, 2, 5)","(64, 74, 84, 92)",0.29577090219976127
1.176902293005703,78.99159663865547,0.8055799399901109,0.7905055755048734,1.5914383561643837,"(4, 2, 3, 1)","(64, 72, 80, 88)",0.29910520878787056
1.1652751143401843,78.15126050420169,0.8568017609494362,0.8350203093097908,1.4147260273972602,"(4, 2, 3, 1)","(70, 78, 86, 94)",0.3985163780952421
1.180569831080351,78.15126050420169,0.8351067390446708,0.8084695107899923,1.523972602739726,"(4, 2, 3, 1)","(70, 76, 82, 88)",0.34461693251936265
1.1705615773798217,78.15126050420169,0.8222171150162254,0.8060875961428658,1.50513698630137,"(4, 2, 3, 1)","(64, 74, 84, 92)",0.3376541057281893
1.1822949110171848,79.83193277310924,0.8126712009556375,0.7999740315549172,1.5972602739726027,"(4, 2, 3, 2)","(64, 72, 80, 88)",0.3052185436755616
1.1652751143401843,78.99159663865547,0.858953848591372,0.8350203093097908,1.4287671232876713,"(4, 2, 3, 2)","(70, 78, 86, 94)",0.3854659216240719
1.1883293048479595,78.99159663865547,0.8408230441054775,0.8084695107899923,1.5352739726027398,"(4, 2, 3, 2)","(70, 76, 82, 88)",0.35183721699042975
1.1705615773798217,78.99159663865547,0.8273782281479102,0.8145459707213747,1.529109589041096,"(4, 2, 3, 2)","(64, 74, 84, 92)",0.32235586145571477
1.1675389894885781,78.99159663865547,0.8610571003604818,0.8350203093097908,1.4386986301369864,"(4, 2, 3, 3)","(70, 78, 86, 94)",0.3818999604267354
1.1890401215458735,78.99159663865547,0.8458165159133645,0.8084695107899923,1.5472602739726027,"(4, 2, 3, 3)","(70, 76, 82, 88)",0.3454300093328852
1.1705615773798217,79.83193277310924,0.8339111511811037,0.8234105135065644,1.5534246575342465,"(4, 2, 3, 3)","(64, 74, 84, 92)",0.30819294922591545
1.1701730768305523,79.83193277310924,0.8619811566290284,0.8350203093097908,1.460958904109589,"(4, 2, 3, 4)","(70, 78, 86, 94)",0.36917190515989057
1.1893068517420395,79.83193277310924,0.8472521528769943,0.8084695107899923,1.5688356164383561,"(4, 2, 3, 4)","(70, 76, 82, 88)",0.33279711444115323
1.1705615773798217,80.67226890756302,0.8353042154354001,0.8260457583659926,1.5729452054794522,"(4, 2, 3, 4)","(64, 74, 84, 92)",0.2976926514937712
1.1703634682598896,79.83193277310924,0.864744340415484,0.8350203093097908,1.4856164383561643,"(4, 2, 3, 5)","(70, 78, 86, 94)",0.3508189896465992
1.1910809441730497,79.83193277310924,0.8501450805291241,0.8084695107899923,1.5815068493150686,"(4, 2, 3, 5)","(70, 76, 82, 88)",0.32859620552727026
1.1705615773798217,80.67226890756302,0.8393793149464297,0.8260457583659926,1.586986301369863,"(4, 2, 3, 5)","(64, 74, 84, 92)",0.2905716487450871
1.1703816621069225,79.83193277310924,0.8677305558787368,0.8350203093097908,1.514041095890411,"(4, 2, 3, 6)","(70, 78, 86, 94)",0.3314553320134669
1.1928153948096583,79.83193277310924,0.8530372818036052,0.8084695107899923,1.5917808219178082,"(4, 2, 3, 6)","(70, 76, 82, 88)",0.3258223106737281
1.1706700121930962,80.67226890756302,0.8416986331449271,0.8260457583659926,1.6,"(4, 2, 3, 6)","(64, 74, 84, 92)",0.2844500203218269
1.17443260844787,78.15126050420169,0.8021325802723437,0.7849409214055759,1.5972602739726027,"(4, 2, 4, 1)","(64, 72, 80, 88)",0.29205459671317685
1.1617383510807902,78.15126050420169,0.8538485670368692,0.8341459310068232,1.4232876712328768,"(4, 2, 4, 1)","(70, 78, 86, 94)",0.3821003116148116
1.1772713521849818,78.99159663865547,0.8306717555340796,0.8091922102404073,1.5352739726027398,"(4, 2, 4, 1)","(70, 76, 82, 88)",0.33117872577104723
1.1686352656279904,78.15126050420169,0.8191339942776465,0.8031640576181309,1.5157534246575342,"(4, 2, 4, 1)","(64, 74, 84, 92)",0.32696877532120316
1.1642871056296784,78.99159663865547,0.8584728095077403,0.8341459310068232,1.4455479452054794,"(4, 2, 4, 3)","(70, 78, 86, 94)",0.3687304753563882
1.1882507613334705,79.83193277310924,0.8425369983227879,0.8091922102404073,1.55,"(4, 2, 4, 3)","(70, 76, 82, 88)",0.34227411151540094
1.1686352656279904,79.83193277310924,0.829341432149936,0.8186207776709136,1.555821917808219,"(4, 2, 4, 3)","(64, 74, 84, 92)",0.3033980133294713
1.1661720457779976,79.83193277310924,0.8613252910661798,0.8341459310068232,1.4842465753424658,"(4, 2, 4, 5)","(70, 78, 86, 94)",0.34315585125300774
1.189070561814704,80.67226890756302,0.8480491457118023,0.8091922102404073,1.5794520547945206,"(4, 2, 4, 5)","(70, 76, 82, 88)",0.326291986110482
1.1693398859651554,79.83193277310924,0.8370100085021376,0.8276455908371398,1.585958904109589,"(4, 2, 4, 5)","(64, 74, 84, 92)",0.2889961817757181
1.1566032900592202,78.15126050420169,0.8514630616929144,0.8339455762585181,1.4325342465753426,"(4, 2, 5, 1)","(70, 78, 86, 94)",0.3620598630031061
1.1715159264456063,78.15126050420169,0.8278254468285641,0.8096160368315182,1.5462328767123288,"(4, 2, 5, 1)","(70, 76, 82, 88)",0.3139978089160943
1.1679212338814164,78.15126050420169,0.8168826841127242,0.8010433410337643,1.5280821917808218,"(4, 2, 5, 1)","(64, 74, 84, 92)",0.31798314068335676
1.1566032900592202,78.99159663865547,0.855015579594205,0.8339455762585181,1.4407534246575342,"(4, 2, 5, 2)","(70, 78, 86, 94)",0.35530816392612524
1.1761486406319004,78.99159663865547,0.8325389693052627,0.8096160368315182,1.547945205479452,"(4, 2, 5, 2)","(70, 76, 82, 88)",0.3214712691532182
1.1679574878664711,78.15126050420169,0.8238881372197463,0.8089839670855694,1.5441780821917808,"(4, 2, 5, 2)","(64, 74, 84, 92)",0.30864434522976447
1.1607713904448127,78.99159663865547,0.8554270029417814,0.8339455762585181,1.4506849315068493,"(4, 2, 5, 3)","(70, 78, 86, 94)",0.35672679338818625
1.1879976273850583,79.83193277310924,0.8398152437300357,0.8096160368315182,1.553082191780822,"(4, 2, 5, 3)","(70, 76, 82, 88)",0.33990902288815494
1.1679574878664711,78.99159663865547,0.8304645490018076,0.8160218722791371,1.5616438356164384,"(4, 2, 5, 3)","(64, 74, 84, 92)",0.29904625888420466
1.1638837678091305,79.83193277310924,0.8581094972809289,0.8339455762585181,1.4589041095890412,"(4, 2, 5, 4)","(70, 78, 86, 94)",0.3571198522407918
1.1888256409569795,79.83193277310924,0.8435554664365492,0.8096160368315182,1.5606164383561645,"(4, 2, 5, 4)","(70, 76, 82, 88)",0.336817881242749
1.1679574878664711,78.99159663865547,0.8322187654286893,0.8232077748882537,1.5726027397260274,"(4, 2, 5, 4)","(64, 74, 84, 92)",0.29332288550843044
1.1653905275573233,79.83193277310924,0.8587734398600796,0.8339455762585181,1.4787671232876711,"(4, 2, 5, 5)","(70, 78, 86, 94)",0.34545088731572543
1.189041424743341,80.67226890756302,0.8457024170653167,0.8096160368315182,1.576027397260274,"(4, 2, 5, 5)","(70, 76, 82, 88)",0.32818130811566915
1.1680085814078627,79.83193277310924,0.8342853361193239,0.8250848800227456,1.5866438356164383,"(4, 2, 5, 5)","(64, 74, 84, 92)",0.2863894090548506
1.1655159908941861,79.83193277310924,0.8615593716825019,0.8339455762585181,1.5044520547945206,"(4, 2, 5, 6)","(70, 78, 86, 94)",0.3281104503808713
1.1905051820850272,80.67226890756302,0.8483386878052681,0.8096160368315182,1.5863013698630137,"(4, 2, 5, 6)","(70, 76, 82, 88)",0.3249270629020324
1.1684761063128033,79.83193277310924,0.8382117305449804,0.8282842592474216,1.5921232876712328,"(4, 2, 5, 6)","(64, 74, 84, 92)",0.28452876254099807
1.1545294271645248,78.15126050420169,0.8478811666444536,0.8317648169934534,1.4386986301369864,"(4, 2, 6, 1)","(70, 78, 86, 94)",0.3522450642626169
1.1671063970898448,78.15126050420169,0.8243593843519469,0.8096521391094754,1.5520547945205478,"(4, 2, 6, 1)","(70, 76, 82, 88)",0.3026989326937635
1.1651462192698374,77.31092436974791,0.8138103133076383,0.7977443660306535,1.536986301369863,"(4, 2, 6, 1)","(64, 74, 84, 92)",0.30754270425250335
1.1575137020408228,78.99159663865547,0.8543926411672925,0.8388345265092029,1.4561643835616438,"(4, 2, 6, 3)","(70, 78, 86, 94)",0.3453003077771792
1.1783352773320337,78.99159663865547,0.8365059204035706,0.8124866816609179,1.5578767123287671,"(4, 2, 6, 3)","(70, 76, 82, 88)",0.31966790043556687
1.1651462192698374,78.15126050420169,0.8262633909243875,0.8119437273115676,1.564041095890411,"(4, 2, 6, 3)","(64, 74, 84, 92)",0.2927911112737858
1.1644394001229292,79.83193277310924,0.8569407517564779,0.8388345265092029,1.476027397260274,"(4, 2, 6, 5)","(70, 78, 86, 94)",0.34544104198485853
1.1884391271521875,80.67226890756302,0.8435015328457109,0.8124866816609179,1.5715753424657535,"(4, 2, 6, 5)","(70, 76, 82, 88)",0.3296837934597887
1.1665938133370584,79.83193277310924,0.833380328024714,0.8239670681292942,1.5873287671232876,"(4, 2, 6, 5)","(64, 74, 84, 92)",0.2836466092969157
1.1766027239802528,78.15126050420169,0.8068758953412194,0.7916609364535251,1.5561643835616439,"(4, 3, 1, 1)","(64, 72, 80, 88)",0.3175369175014397
1.158895353421287,77.31092436974791,0.8586800466944918,0.836034524255582,1.3832191780821919,"(4, 3, 1, 1)","(70, 78, 86, 94)",0.41463309382498453
1.177965592496409,78.15126050420169,0.8397070689560534,0.8118178950004505,1.4952054794520548,"(4, 3, 1, 1)","(70, 76, 82, 88)",0.3593772683883224
1.1691022095525163,77.31092436974791,0.8259543637654557,0.8102179741566984,1.4753424657534246,"(4, 3, 1, 1)","(64, 74, 84, 92)",0.3557481641882908
1.1809116108627,78.99159663865547,0.8153378357247569,0.8024115554226565,1.575,"(4, 3, 1, 2)","(64, 72, 80, 88)",0.31462888845686965
1.1632261627305231,78.15126050420169,0.8615492863432054,0.836034524255582,1.4116438356164382,"(4, 3, 1, 2)","(70, 78, 86, 94)",0.3965227913253974
1.177965592496409,78.15126050420169,0.845401428416285,0.8118178950004505,1.5126712328767122,"(4, 3, 1, 2)","(70, 76, 82, 88)",0.3471339546356141
1.169741452488583,78.15126050420169,0.8322225865525771,0.8189617718295371,1.5,"(4, 3, 1, 2)","(64, 74, 84, 92)",0.33948290497716593
1.173022735441528,78.15126050420169,0.8635927835547579,0.836034524255582,1.4304794520547945,"(4, 3, 1, 3)","(70, 78, 86, 94)",0.40193030030967497
1.1869545761943103,78.99159663865547,0.849220119488665,0.8118178950004505,1.5366438356164382,"(4, 3, 1, 3)","(70, 76, 82, 88)",0.3483773851227736
1.1710843635089543,78.99159663865547,0.8372587206363972,0.8245090821738054,1.5321917808219179,"(4, 3, 1, 3)","(64, 74, 84, 92)",0.32147126219185745
1.1750174192818197,78.99159663865547,0.8644374120250146,0.836034524255582,1.451027397260274,"(4, 3, 1, 4)","(70, 78, 86, 94)",0.38804165854435335
1.189628860241961,78.99159663865547,0.8500025432280854,0.8118178950004505,1.5599315068493151,"(4, 3, 1, 4)","(70, 76, 82, 88)",0.33866438648717173
1.1726971191094673,78.99159663865547,0.8385539947288675,0.8245090821738054,1.5534246575342465,"(4, 3, 1, 4)","(64, 74, 84, 92)",0.3120517251235424
1.1776638242992599,78.99159663865547,0.8677621467691911,0.836034524255582,1.4705479452054795,"(4, 3, 1, 5)","(70, 78, 86, 94)",0.3775679526592713
1.1906922312472823,80.67226890756302,0.854504600402091,0.8118178950004505,1.5715753424657535,"(4, 3, 1, 5)","(70, 76, 82, 88)",0.333625713146833
1.1730957224620766,78.99159663865547,0.8406352317731299,0.8245090821738054,1.577054794520548,"(4, 3, 1, 5)","(64, 74, 84, 92)",0.2999641006464473
1.1778406102636017,78.99159663865547,0.8704455058791655,0.836034524255582,1.4945205479452055,"(4, 3, 1, 6)","(70, 78, 86, 94)",0.35962228668262936
1.1914947370818543,80.67226890756302,0.8567413352672184,0.8118178950004505,1.5904109589041096,"(4, 3, 1, 6)","(70, 76, 82, 88)",0.32434143403655136
1.1747341112312242,78.15126050420169,0.8028548856088241,0.7857159514674303,1.5794520547945206,"(4, 3, 2, 1)","(64, 72, 80, 88)",0.301550593850576
1.1585235433045251,77.31092436974791,0.855351172187055,0.8345535763765431,1.3996575342465754,"(4, 3, 2, 1)","(70, 78, 86, 94)",0.39664845454088543
1.1745648465563938,78.15126050420169,0.8341330159494414,0.8086981105811495,1.5136986301369864,"(4, 3, 2, 1)","(70, 76, 82, 88)",0.33981956796311324
1.16592801638164,78.15126050420169,0.8221964666868867,0.8061016444762362,1.489041095890411,"(4, 3, 2, 1)","(64, 74, 84, 92)",0.3392925825170788
1.1758916116900464,79.83193277310924,0.8104190777959591,0.7976303260461477,1.5863013698630137,"(4, 3, 2, 2)","(64, 72, 80, 88)",0.3000020479760137
1.1604419454257258,77.31092436974791,0.8580525046061074,0.8345535763765431,1.41986301369863,"(4, 3, 2, 2)","(70, 78, 86, 94)",0.38212926642995043
1.1745648465563938,78.15126050420169,0.8386096151958239,0.8086981105811495,1.5243150684931508,"(4, 3, 2, 2)","(70, 76, 82, 88)",0.33293883209971903
1.16592801638164,78.99159663865547,0.8276472703850287,0.8137263765042003,1.5082191780821919,"(4, 3, 2, 2)","(64, 74, 84, 92)",0.32648908883718897
1.1692562947093315,78.15126050420169,0.8606755743462687,0.8345535763765431,1.4297945205479452,"(4, 3, 2, 3)","(70, 78, 86, 94)",0.393807474542827
1.1822385374454794,78.99159663865547,0.8450084834499532,0.8086981105811495,1.5352739726027398,"(4, 3, 2, 3)","(70, 76, 82, 88)",0.3404584320798462
1.1690316836417067,79.83193277310924,0.8320352781779837,0.8206364191412531,1.5304794520547946,"(4, 3, 2, 3)","(64, 74, 84, 92)",0.3186394552832689
1.1719751754877124,78.99159663865547,0.8619596934100385,0.8345535763765431,1.4486301369863013,"(4, 3, 2, 4)","(70, 78, 86, 94)",0.38333397894971005
1.1892205878020534,78.99159663865547,0.8476601055111218,0.8086981105811495,1.5578767123287671,"(4, 3, 2, 4)","(70, 76, 82, 88)",0.33917993639164884
1.1696503717493658,79.83193277310924,0.8358398289269987,0.8260971939874786,1.5513698630136987,"(4, 3, 2, 4)","(64, 74, 84, 92)",0.3076888729864274
1.1718570192458857,78.99159663865547,0.8643267256971443,0.8345535763765431,1.4719178082191782,"(4, 3, 2, 5)","(70, 78, 86, 94)",0.36416726864875626
1.1893006675661537,78.99159663865547,0.8493480955502409,0.8086981105811495,1.573972602739726,"(4, 3, 2, 5)","(70, 76, 82, 88)",0.3298078456403155
1.1693880380376356,79.83193277310924,0.8374914127242389,0.8260971939874786,1.5780821917808219,"(4, 3, 2, 5)","(64, 74, 84, 92)",0.2930172221978056
1.1735247419132384,78.99159663865547,0.8672908717342565,0.8345535763765431,1.4883561643835617,"(4, 3, 2, 6)","(70, 78, 86, 94)",0.3553241559513718
1.1910236345250478,80.67226890756302,0.8529471429346495,0.8086981105811495,1.5835616438356164,"(4, 3, 2, 6)","(70, 76, 82, 88)",0.3273409699607627
1.171411954988545,79.83193277310924,0.8400486118927739,0.8260971939874786,1.590068493150685,"(4, 3, 2, 6)","(64, 74, 84, 92)",0.2904950136776268
1.1742221038808947,78.15126050420169,0.7989199152935837,0.7813963910626911,1.5941780821917808,"(4, 3, 3, 1)","(64, 72, 80, 88)",0.2932152987505547
1.1539717677644752,78.15126050420169,0.8511909255743633,0.8339329473944841,1.408904109589041,"(4, 3, 3, 1)","(70, 78, 86, 94)",0.37654737175231784
1.1700089188020695,77.31092436974791,0.829060055110044,0.8061133255516747,1.525,"(4, 3, 3, 1)","(70, 76, 82, 88)",0.3238265120039419
1.1666964268460618,77.31092436974791,0.8193644286991238,0.8032071080849522,1.5013698630136987,"(4, 3, 3, 1)","(64, 74, 84, 92)",0.33248194425580624
1.1571500050034647,78.15126050420169,0.8550972722302311,0.8350816362480663,1.425,"(4, 3, 3, 2)","(70, 78, 86, 94)",0.3697647176552109
1.1700089188020695,78.15126050420169,0.8355778489094254,0.8061133255516747,1.5342465753424657,"(4, 3, 3, 2)","(70, 76, 82, 88)",0.3182218223731045
1.1666964268460618,78.99159663865547,0.8258856662329912,0.8112508489424023,1.5164383561643835,"(4, 3, 3, 2)","(64, 74, 84, 92)",0.3227808795692974
1.1653594098660296,78.15126050420169,0.8573966713974746,0.8350816362480663,1.435958904109589,"(4, 3, 3, 3)","(70, 78, 86, 94)",0.37930045310982435
1.1735906564250365,78.99159663865547,0.8410690831209069,0.8061133255516747,1.5441780821917808,"(4, 3, 3, 3)","(70, 76, 82, 88)",0.3189960457905013
1.1666964268460618,79.83193277310924,0.8288931326673414,0.8177599749756201,1.5297945205479453,"(4, 3, 3, 3)","(64, 74, 84, 92)",0.31464354647091164
1.1659463627865687,79.83193277310924,0.861043292730529,0.8350816362480663,1.45,"(4, 3, 3, 4)","(70, 78, 86, 94)",0.36876969508126384
1.1847509157504446,78.99159663865547,0.8459762970700964,0.8061133255516747,1.555821917808219,"(4, 3, 3, 4)","(70, 76, 82, 88)",0.3323922821881073
1.1666964268460618,79.83193277310924,0.8340867715886414,0.8246825933997965,1.555821917808219,"(4, 3, 3, 4)","(64, 74, 84, 92)",0.2999097759645721
1.1684654111589414,79.83193277310924,0.8612935146716628,0.8350816362480663,1.4664383561643837,"(4, 3, 3, 5)","(70, 78, 86, 94)",0.3611740092394338
1.1885199574760046,78.99159663865547,0.8463207372347701,0.8061133255516747,1.5702054794520548,"(4, 3, 3, 5)","(70, 76, 82, 88)",0.33061758308104106
1.1669448534632871,79.83193277310924,0.8352387841062595,0.8260665745387571,1.5763698630136986,"(4, 3, 3, 5)","(64, 74, 84, 92)",0.28964882478478815
1.1696134385129693,79.83193277310924,0.8634901205775454,0.8350816362480663,1.4897260273972603,"(4, 3, 3, 6)","(70, 78, 86, 94)",0.34634352479571345
1.1902645277580313,78.99159663865547,0.8496544447450286,0.8061133255516747,1.582191780821918,"(4, 3, 3, 6)","(70, 76, 82, 88)",0.3268073065020301
1.1685537207077528,79.83193277310924,0.8382517514659974,0.8260665745387571,1.5873287671232876,"(4, 3, 3, 6)","(64, 74, 84, 92)",0.28698359444118837
1.1716045586817512,78.15126050420169,0.7969763951556921,0.7795144321760641,1.5996575342465753,"(4, 3, 4, 1)","(64, 72, 80, 88)",0.28617093737904825
1.15045074212844,78.15126050420169,0.8488656587377081,0.8324665411626775,1.4215753424657533,"(4, 3, 4, 1)","(70, 78, 86, 94)",0.35687747117387886
1.1664454583176946,78.15126050420169,0.825886253477105,0.8098033481466338,1.5359589041095891,"(4, 3, 4, 1)","(70, 76, 82, 88)",0.31055638229243976
1.1656082669598309,77.31092436974791,0.816491989032361,0.8004642834705108,1.5095890410958903,"(4, 3, 4, 1)","(64, 74, 84, 92)",0.3249839647330015
1.150853169233717,78.15126050420169,0.8526356993399757,0.8351123945304438,1.4318493150684932,"(4, 3, 4, 2)","(70, 78, 86, 94)",0.349318996163722
1.1685351255399528,78.99159663865547,0.833658995230584,0.8098033481466338,1.5410958904109588,"(4, 3, 4, 2)","(70, 76, 82, 88)",0.31146997884598865
1.1656082669598309,78.15126050420169,0.8235910202372403,0.8083317623897215,1.5232876712328767,"(4, 3, 4, 2)","(64, 74, 84, 92)",0.3164765311012475
1.160446958955941,78.15126050420169,0.8552233590913398,0.8351123945304438,1.441095890410959,"(4, 3, 4, 3)","(70, 78, 86, 94)",0.3637462112976301
1.1707946739030604,78.99159663865547,0.838262448002138,0.8098033481466338,1.5455479452054794,"(4, 3, 4, 3)","(70, 76, 82, 88)",0.31306996095225126
1.1656082669598309,78.99159663865547,0.8283746872441197,0.8146855019257552,1.5376712328767124,"(4, 3, 4, 3)","(64, 74, 84, 92)",0.30801027995076824
1.164164669830972,78.99159663865547,0.8583479329457575,0.8351123945304438,1.451027397260274,"(4, 3, 4, 4)","(70, 78, 86, 94)",0.36397937426456956
1.1770848429402239,79.83193277310924,0.8422444163661913,0.8098033481466338,1.5547945205479452,"(4, 3, 4, 4)","(70, 76, 82, 88)",0.31918996381818127
1.1656082669598309,79.83193277310924,0.8307249617476445,0.8213887180989732,1.5582191780821917,"(4, 3, 4, 4)","(64, 74, 84, 92)",0.29667247823478915
1.166556512865791,78.99159663865547,0.8591307941817583,0.8351123945304438,1.4654109589041096,"(4, 3, 4, 5)","(70, 78, 86, 94)",0.35786977010162624
1.1833101754186641,79.83193277310924,0.844841663288509,0.8098033481466338,1.5695205479452055,"(4, 3, 4, 5)","(70, 76, 82, 88)",0.32186753591250705
1.1660964955653812,79.83193277310924,0.8334805106979547,0.8250149537935912,1.5780821917808219,"(4, 3, 4, 5)","(64, 74, 84, 92)",0.28732332171262626
1.1657178296194142,79.83193277310924,0.8607072551683468,0.8351123945304438,1.4876712328767123,"(4, 3, 4, 6)","(70, 78, 86, 94)",0.3398146506240796
1.1880797168698378,79.83193277310924,0.8470901933704154,0.8098033481466338,1.5808219178082192,"(4, 3, 4, 6)","(70, 76, 82, 88)",0.32381649366740944
1.1673410006178644,79.83193277310924,0.8344876135826803,0.8261179008243276,1.5852739726027398,"(4, 3, 4, 6)","(64, 74, 84, 92)",0.28591908824117257
1.1488746957608678,77.31092436974791,0.8471911765058954,0.8304143394930351,1.4284246575342465,"(4, 3, 5, 1)","(70, 78, 86, 94)",0.3474932946616578
1.164759720317029,78.15126050420169,0.8221175102978376,0.8064699623702316,1.5462328767123288,"(4, 3, 5, 1)","(70, 76, 82, 88)",0.3016290804549998
1.1602608360753457,77.31092436974791,0.8120809104192173,0.7960292969537396,1.5236301369863015,"(4, 3, 5, 1)","(64, 74, 84, 92)",0.30605731938522523
1.1488746957608678,78.15126050420169,0.851380172779183,0.8354641911829684,1.4386986301369864,"(4, 3, 5, 2)","(70, 78, 86, 94)",0.33935527839323476
1.1678001849764803,78.99159663865547,0.8309763182852026,0.8103678525955796,1.5469178082191781,"(4, 3, 5, 2)","(70, 76, 82, 88)",0.3068106074710848
1.1646994312162449,77.31092436974791,0.8201129753917066,0.8049045421105135,1.5301369863013699,"(4, 3, 5, 2)","(64, 74, 84, 92)",0.3106733457050614
1.1583305388165643,78.15126050420169,0.8531010829600302,0.8354641911829684,1.4465753424657535,"(4, 3, 5, 3)","(70, 78, 86, 94)",0.3545438445892391
1.1696272164974024,78.99159663865547,0.8347283010172464,0.8103678525955796,1.551027397260274,"(4, 3, 5, 3)","(70, 76, 82, 88)",0.30783808090268183
1.1646994312162449,78.99159663865547,0.8256162056851776,0.8112758094304651,1.54486301369863,"(4, 3, 5, 3)","(64, 74, 84, 92)",0.3022767687941138
1.162071285301062,78.99159663865547,0.8556832813918864,0.8354641911829684,1.4544520547945206,"(4, 3, 5, 4)","(70, 78, 86, 94)",0.3566301078214777
1.1713388986774826,79.83193277310924,0.8402909077356552,0.8103678525955796,1.5575342465753426,"(4, 3, 5, 4)","(70, 76, 82, 88)",0.30731546937238896
1.1646994312162449,78.99159663865547,0.8302301208977406,0.816890651911783,1.5650684931506849,"(4, 3, 5, 4)","(64, 74, 84, 92)",0.29146808433420307
1.1651040540761757,78.99159663865547,0.858153674880878,0.8354641911829684,1.4613013698630137,"(4, 3, 5, 5)","(70, 78, 86, 94)",0.35790930801962356
1.178555282108291,79.83193277310924,0.8435061979308394,0.8103678525955796,1.564041095890411,"(4, 3, 5, 5)","(70, 76, 82, 88)",0.3165643131488826
1.164735556649424,79.83193277310924,0.8326225682278017,0.8240327496142041,1.5804794520547945,"(4, 3, 5, 5)","(64, 74, 84, 92)",0.2837922273842584
1.1663044461067997,78.99159663865547,0.8587971869611849,0.8354641911829684,1.4801369863013698,"(4, 3, 5, 6)","(70, 78, 86, 94)",0.34636874652771416
1.1828103466665156,79.83193277310924,0.8455790168730496,0.8103678525955796,1.5777397260273973,"(4, 3, 5, 6)","(70, 76, 82, 88)",0.31642336233919716
1.166698222817586,79.83193277310924,0.8327556142441669,0.8245362088045023,1.5876712328767124,"(4, 3, 5, 6)","(64, 74, 84, 92)",0.2836589805520693
1.1477206269351647,76.47058823529412,0.843536253477598,0.8266712112273347,1.439041095890411,"(4, 3, 6, 1)","(70, 78, 86, 94)",0.3364619583858667
1.1633086173497544,77.31092436974791,0.8177442727152341,0.8022083566362519,1.555821917808219,"(4, 3, 6, 1)","(70, 76, 82, 88)",0.29381464119610784
1.154600468752956,77.31092436974791,0.8089552984513252,0.793233575243217,1.5356164383561643,"(4, 3, 6, 1)","(64, 74, 84, 92)",0.2886402613546239
1.1477206269351647,78.15126050420169,0.848711258424624,0.8354002443737264,1.4465753424657535,"(4, 3, 6, 2)","(70, 78, 86, 94)",0.33078545295297623
1.1667300981902657,78.15126050420169,0.8277936605184312,0.8138251755125802,1.5544520547945206,"(4, 3, 6, 2)","(70, 76, 82, 88)",0.3007114803678665
1.1619948040288735,77.31092436974791,0.8180132949776111,0.8028918041050427,1.5342465753424657,"(4, 3, 6, 2)","(64, 74, 84, 92)",0.30322104343866063
1.15557662191238,78.15126050420169,0.8508518378687889,0.8390973504571478,1.451027397260274,"(4, 3, 6, 3)","(70, 78, 86, 94)",0.3449382961155273
1.1687263789679438,78.99159663865547,0.8320349280159708,0.8138251755125802,1.5544520547945206,"(4, 3, 6, 3)","(70, 76, 82, 88)",0.3043119373603434
1.1619948040288735,78.15126050420169,0.822978066805376,0.8085030433497218,1.553082191780822,"(4, 3, 6, 3)","(64, 74, 84, 92)",0.2928946301946195
1.1603714095229778,78.99159663865547,0.8532705890587687,0.8394760666820771,1.4582191780821918,"(4, 3, 6, 4)","(70, 78, 86, 94)",0.34998842735956287
1.17058328950537,78.99159663865547,0.8390870604481417,0.8138251755125802,1.5599315068493151,"(4, 3, 6, 4)","(70, 76, 82, 88)",0.30465027850500337
1.1619948040288735,78.99159663865547,0.8285355814614155,0.8151322932599807,1.569178082191781,"(4, 3, 6, 4)","(64, 74, 84, 92)",0.28461180972581857
1.163186002348059,78.99159663865547,0.8563783311423498,0.8394760666820771,1.4623287671232876,"(4, 3, 6, 5)","(70, 78, 86, 94)",0.35296527915283854
1.171334973162164,79.83193277310924,0.8414231260999455,0.8138251755125802,1.5650684931506849,"(4, 3, 6, 5)","(70, 76, 82, 88)",0.3032109828081934
1.1633743538291543,78.99159663865547,0.8325186862851367,0.8199495342314133,1.5818493150684931,"(4, 3, 6, 5)","(64, 74, 84, 92)",0.28078464578053597
1.1652663438677602,78.99159663865547,0.8568955298663589,0.8394760666820771,1.4732876712328766,"(4, 3, 6, 6)","(70, 78, 86, 94)",0.3491879334977278
1.1746998567584883,79.83193277310924,0.843619612376199,0.8138251755125802,1.5715753424657535,"(4, 3, 6, 6)","(70, 76, 82, 88)",0.3056462442988531
1.1653236986848006,79.83193277310924,0.833505807956712,0.8239200291021501,1.5907534246575343,"(4, 3, 6, 6)","(64, 74, 84, 92)",0.2798522899476044
1.1721286147800039,77.31092436974791,0.8020752948127647,0.7851239129011996,1.553082191780822,"(4, 4, 1, 1)","(64, 72, 80, 88)",0.3112170620170967
1.1532660220457145,77.31092436974791,0.8522845815099653,0.8338256411436251,1.3863013698630138,"(4, 4, 1, 1)","(70, 78, 86, 94)",0.3967524684162112
1.1676885611528418,78.15126050420169,0.8320063445593542,0.8085358151712143,1.4910958904109588,"(4, 4, 1, 1)","(70, 76, 82, 88)",0.34145787905599595
1.1611768350182836,77.31092436974791,0.8230248991346636,0.8070020566260038,1.4770547945205479,"(4, 4, 1, 1)","(64, 74, 84, 92)",0.3378581179134158
1.1721286147800039,78.99159663865547,0.8088602078939056,0.7956023820740513,1.575,"(4, 4, 1, 2)","(64, 72, 80, 88)",0.2993541126608763
1.1612028363165745,77.31092436974791,0.8562275527973453,0.8357216776853208,1.4044520547945205,"(4, 4, 1, 2)","(70, 78, 86, 94)",0.3985709416125297
1.1681773984292623,78.15126050420169,0.8392286611072809,0.8085358151712143,1.5171232876712328,"(4, 4, 1, 2)","(70, 76, 82, 88)",0.32521722080360654
1.1672079247024816,78.15126050420169,0.8265761628100853,0.813194746259664,1.4910958904109588,"(4, 4, 1, 2)","(64, 74, 84, 92)",0.34047917721844234
1.1781310372814093,78.99159663865547,0.8135257290358189,0.8022635945579965,1.5969178082191782,"(4, 4, 1, 3)","(64, 72, 80, 88)",0.2984180314754533
1.1674797499190517,78.15126050420169,0.860542438594519,0.8357216776853208,1.4195205479452055,"(4, 4, 1, 3)","(70, 78, 86, 94)",0.39921703654173946
1.174983794068019,78.99159663865547,0.8436970249017683,0.8085358151712143,1.5263698630136986,"(4, 4, 1, 3)","(70, 76, 82, 88)",0.3324350544428208
1.1685389918452052,79.83193277310924,0.8313378295030144,0.8196313511764449,1.5202054794520548,"(4, 4, 1, 3)","(64, 74, 84, 92)",0.3239854221119151
1.172397163792494,78.15126050420169,0.8627400544314584,0.8357216776853208,1.4386986301369864,"(4, 4, 1, 4)","(70, 78, 86, 94)",0.3929740189493225
1.1790750956830482,78.99159663865547,0.8477509204431755,0.8085358151712143,1.5462328767123288,"(4, 4, 1, 4)","(70, 76, 82, 88)",0.3278365388053297
1.1699865818578266,79.83193277310924,0.8361254681525567,0.8249535802311091,1.5417808219178082,"(4, 4, 1, 4)","(64, 74, 84, 92)",0.3137552585492121
1.1739099062581122,78.15126050420169,0.8624615615408598,0.8357216776853208,1.4585616438356164,"(4, 4, 1, 5)","(70, 78, 86, 94)",0.3792508784717608
1.1798438911869795,78.99159663865547,0.8481657770682617,0.8085358151712143,1.564041095890411,"(4, 4, 1, 5)","(70, 76, 82, 88)",0.3188489145512934
1.1734575911702243,79.83193277310924,0.8356111572200134,0.8249535802311091,1.5571917808219178,"(4, 4, 1, 5)","(64, 74, 84, 92)",0.31130680160851565
1.1773270981885635,78.15126050420169,0.8651171571111034,0.8357216776853208,1.4777397260273972,"(4, 4, 1, 6)","(70, 78, 86, 94)",0.3711793023015093
1.1828964573598855,79.83193277310924,0.8528860056182386,0.8085358151712143,1.5777397260273973,"(4, 4, 1, 6)","(70, 76, 82, 88)",0.31657240989381474
1.1741467412250683,79.83193277310924,0.8385121433759649,0.8249535802311091,1.5712328767123287,"(4, 4, 1, 6)","(64, 74, 84, 92)",0.3048612016649878
1.1696888530271636,77.31092436974791,0.799503741057358,0.7824993165320143,1.5773972602739725,"(4, 4, 2, 1)","(64, 72, 80, 88)",0.29388579527836173
1.1468177471506105,77.31092436974791,0.8489810427881419,0.8310646266178372,1.398972602739726,"(4, 4, 2, 1)","(70, 78, 86, 94)",0.36798954650625115
1.1645367142971608,76.47058823529412,0.8262382846897265,0.8061588027224962,1.5095890410958903,"(4, 4, 2, 1)","(70, 76, 82, 88)",0.3228811866584069
1.157938827636931,77.31092436974791,0.8179530305082288,0.8016782513751965,1.4965753424657535,"(4, 4, 2, 1)","(64, 74, 84, 92)",0.31805612186195736
1.1619901302011184,77.31092436974791,0.8572755336549418,0.8343727995053455,1.4267123287671233,"(4, 4, 2, 3)","(70, 78, 86, 94)",0.37962374011819083
1.1717718108882431,78.99159663865547,0.8388988586303912,0.8061588027224962,1.5356164383561643,"(4, 4, 2, 3)","(70, 76, 82, 88)",0.3206992888706329
1.1644586522228364,78.99159663865547,0.8294870261054129,0.8176529914734659,1.5195205479452054,"(4, 4, 2, 3)","(64, 74, 84, 92)",0.31655851317777345
1.1699253832389167,78.15126050420169,0.8613435396701749,0.8343727995053455,1.4582191780821918,"(4, 4, 2, 5)","(70, 78, 86, 94)",0.3708386540042128
1.1772269259251624,78.99159663865547,0.8465403471740464,0.8061588027224962,1.564041095890411,"(4, 4, 2, 5)","(70, 76, 82, 88)",0.31420924329172695
1.1701255513189466,79.83193277310924,0.8342941351169074,0.8260075213729277,1.5551369863013698,"(4, 4, 2, 5)","(64, 74, 84, 92)",0.306456884547393
1.1656410967312107,77.31092436974791,0.7957156441492715,0.7787179908893338,1.593150684931507,"(4, 4, 3, 1)","(64, 72, 80, 88)",0.2792563524567756
1.14430359958988,78.15126050420169,0.8461562436649742,0.8296472547729966,1.408904109589041,"(4, 4, 3, 1)","(70, 78, 86, 94)",0.3529032753789361
1.1638027032714295,76.47058823529412,0.8214916834295752,0.8055296216524704,1.5284246575342466,"(4, 4, 3, 1)","(70, 76, 82, 88)",0.30998308072104613
1.1513444220615645,77.31092436974791,0.8141677035154115,0.7979285170203326,1.5116438356164383,"(4, 4, 3, 1)","(64, 74, 84, 92)",0.2958003429851194
1.1656410967312107,78.99159663865547,0.8036378727979552,0.7874133692020984,1.598972602739726,"(4, 4, 3, 2)","(64, 72, 80, 88)",0.2765420254174588
1.1540751606763358,78.15126050420169,0.8518092380578377,0.8362021970096879,1.4202054794520549,"(4, 4, 3, 2)","(70, 78, 86, 94)",0.3666662340463735
1.167443731460207,78.15126050420169,0.832680136199198,0.8084392588666872,1.5345890410958904,"(4, 4, 3, 2)","(70, 76, 82, 88)",0.31321953610749814
1.1612728121272724,77.31092436974791,0.8235584760823613,0.8082676212431934,1.5082191780821919,"(4, 4, 3, 2)","(64, 74, 84, 92)",0.3173292529728001
1.1596255121048034,78.99159663865547,0.8546297084440048,0.8362021970096879,1.4325342465753426,"(4, 4, 3, 3)","(70, 78, 86, 94)",0.36904710637056665
1.1701459164971642,78.99159663865547,0.8354473054397648,0.8084392588666872,1.538013698630137,"(4, 4, 3, 3)","(70, 76, 82, 88)",0.3162482980087329
1.1612728121272724,78.15126050420169,0.8266902550792997,0.814027401740393,1.5246575342465754,"(4, 4, 3, 3)","(64, 74, 84, 92)",0.3073868220702581
1.165084042905803,78.99159663865547,0.8574228969021557,0.8362021970096879,1.4452054794520548,"(4, 4, 3, 4)","(70, 78, 86, 94)",0.3708041579114958
1.172129093096762,78.99159663865547,0.8417793575529195,0.8084392588666872,1.5482876712328768,"(4, 4, 3, 4)","(70, 76, 82, 88)",0.3139393827873486
1.1644300319815646,79.83193277310924,0.8286958239303549,0.8190564504852871,1.5441780821917808,"(4, 4, 3, 4)","(64, 74, 84, 92)",0.30216217330784684
1.16387690746121,78.99159663865547,0.8603621426795978,0.8362021970096879,1.4595890410958905,"(4, 4, 3, 5)","(70, 78, 86, 94)",0.3565727047591158
1.1733286050134761,78.99159663865547,0.8449737603210284,0.8084392588666872,1.5626712328767123,"(4, 4, 3, 5)","(70, 76, 82, 88)",0.3080459687397141
1.167887040083278,79.83193277310924,0.8325803203054314,0.8243397520366488,1.5578767123287671,"(4, 4, 3, 5)","(64, 74, 84, 92)",0.300939322923985
1.169618551558621,78.99159663865547,0.8602132179048707,0.8362021970096879,1.472945205479452,"(4, 4, 3, 6)","(70, 78, 86, 94)",0.35864313580823565
1.1762004207856587,78.99159663865547,0.8466853837153129,0.8084392588666872,1.5726027397260274,"(4, 4, 3, 6)","(70, 76, 82, 88)",0.3077184382141886
1.1680478984352674,79.83193277310924,0.834609242611953,0.8264936495264094,1.5729452054794522,"(4, 4, 3, 6)","(64, 74, 84, 92)",0.2933053576993309
1.1653302285451452,77.31092436974791,0.7927657937088748,0.7751978823120617,1.5993150684931507,"(4, 4, 4, 1)","(64, 72, 80, 88)",0.2758652956296137
1.1431499917218146,76.47058823529412,0.844439162457747,0.8280765568173272,1.4191780821917808,"(4, 4, 4, 1)","(70, 78, 86, 94)",0.34150161423831604
1.1634568983623836,77.31092436974791,0.8184749809031534,0.80189878103825,1.5386986301369863,"(4, 4, 4, 1)","(70, 76, 82, 88)",0.3034292073859887
1.1488387925527903,77.31092436974791,0.8120234795430799,0.7957728564486429,1.521917808219178,"(4, 4, 4, 1)","(64, 74, 84, 92)",0.2851766891431416
1.1543487920726474,78.15126050420169,0.8535006067233087,0.8351169851613784,1.4397260273972603,"(4, 4, 4, 3)","(70, 78, 86, 94)",0.35101127169169033
1.1687421919698928,78.99159663865547,0.8344547295802511,0.8102622225684525,1.5452054794520549,"(4, 4, 4, 3)","(70, 76, 82, 88)",0.30950201039703956
1.1623172811269433,78.15126050420169,0.8253945017594606,0.8112215106870929,1.533904109589041,"(4, 4, 4, 3)","(64, 74, 84, 92)",0.3040195387368021
1.164650300500096,78.99159663865547,0.8582667095485009,0.8351169851613784,1.4554794520547945,"(4, 4, 4, 5)","(70, 78, 86, 94)",0.3614878777896847
1.1720575202593337,79.83193277310924,0.842937147708489,0.8102622225684525,1.5595890410958904,"(4, 4, 4, 5)","(70, 76, 82, 88)",0.3074712112345499
1.164072989072129,79.83193277310924,0.8297653012914544,0.82102917856395,1.5606164383561645,"(4, 4, 4, 5)","(64, 74, 84, 92)",0.29266531954222164
1.1422272893444743,76.47058823529412,0.8426055917218818,0.8259209697400497,1.4263698630136987,"(4, 4, 5, 1)","(70, 78, 86, 94)",0.3335772569364375
1.1630302685856886,77.31092436974791,0.8152138597004488,0.7986438131149308,1.548972602739726,"(4, 4, 5, 1)","(70, 76, 82, 88)",0.2969734150157272
1.1463990293309927,77.31092436974791,0.8092955321817504,0.7930983445108987,1.5321917808219179,"(4, 4, 5, 1)","(64, 74, 84, 92)",0.275086979180501
1.1444273138537036,78.15126050420169,0.8481329415323935,0.8352766093720395,1.439041095890411,"(4, 4, 5, 2)","(70, 78, 86, 94)",0.3289608084655338
1.165523358884932,77.31092436974791,0.8272826155806039,0.8112219182385368,1.5472602739726027,"(4, 4, 5, 2)","(70, 76, 82, 88)",0.30245820271839907
1.1606718683177293,77.31092436974791,0.8178924842821045,0.8026159416541925,1.525,"(4, 4, 5, 2)","(64, 74, 84, 92)",0.306041653938532
1.1518253323391474,78.15126050420169,0.8513757459096452,0.8353535251729195,1.4428082191780822,"(4, 4, 5, 3)","(70, 78, 86, 94)",0.34286927334130735
1.1678952775917135,78.99159663865547,0.833173561393438,0.8112219182385368,1.5482876712328768,"(4, 4, 5, 3)","(70, 76, 82, 88)",0.30621749567008333
1.1606718683177293,78.15126050420169,0.8224025444786744,0.8084164882922462,1.5393835616438356,"(4, 4, 5, 3)","(64, 74, 84, 92)",0.29788054316683776
1.1594018782661915,78.99159663865547,0.8526989259380404,0.8353535251729195,1.4503424657534247,"(4, 4, 5, 4)","(70, 78, 86, 94)",0.3539570224618091
1.1693370021335927,79.83193277310924,0.8360848638139701,0.8112219182385368,1.5506849315068494,"(4, 4, 5, 4)","(70, 76, 82, 88)",0.3075025163122454
1.1606718683177293,78.15126050420169,0.8271250123426809,0.813674493946084,1.5476027397260275,"(4, 4, 5, 4)","(64, 74, 84, 92)",0.29340954064275765
1.1634550192132112,78.99159663865547,0.8556516639927841,0.8353535251729195,1.4561643835616438,"(4, 4, 5, 5)","(70, 78, 86, 94)",0.3583248168938263
1.1713947336075352,79.83193277310924,0.8403175579842616,0.8112219182385368,1.5592465753424658,"(4, 4, 5, 5)","(70, 76, 82, 88)",0.3064743552565847
1.1606718683177293,78.99159663865547,0.8311479791138225,0.8183339121377967,1.563013698630137,"(4, 4, 5, 5)","(64, 74, 84, 92)",0.2853782575959668
1.1653107044342674,78.99159663865547,0.8577231141949901,0.8353535251729195,1.465068493150685,"(4, 4, 5, 6)","(70, 78, 86, 94)",0.35545453383509634
1.1738461946709624,79.83193277310924,0.8432226553453649,0.8112219182385368,1.5667808219178083,"(4, 4, 5, 6)","(70, 76, 82, 88)",0.3067256123499759
1.1621600476601635,79.83193277310924,0.8326532071628324,0.8238420332193412,1.5804794520547945,"(4, 4, 5, 6)","(64, 74, 84, 92)",0.2793553623408126
1.1382812422343471,75.63025210084034,0.8411108253230365,0.8241182406561686,1.4386986301369864,"(4, 4, 6, 1)","(70, 78, 86, 94)",0.3152078277316889
1.1617009177444433,77.31092436974791,0.8162471908465455,0.7971007340133663,1.5575342465753426,"(4, 4, 6, 1)","(70, 76, 82, 88)",0.290028673104284
1.1452638004722564,77.31092436974791,0.807530570045491,0.7917579717506807,1.5393835616438356,"(4, 4, 6, 1)","(64, 74, 84, 92)",0.26931447452634205
1.1478198241463713,78.15126050420169,0.8488391799396281,0.8373937605416873,1.4503424657534247,"(4, 4, 6, 3)","(70, 78, 86, 94)",0.3282386969638054
1.1661576123742805,78.99159663865547,0.8313003916965084,0.8164955035796556,1.5541095890410959,"(4, 4, 6, 3)","(70, 76, 82, 88)",0.29986417066310206
1.158197229926025,77.31092436974791,0.8200550581593579,0.8059456196407545,1.5414383561643836,"(4, 4, 6, 3)","(64, 74, 84, 92)",0.2921795770929747
1.1614815975679742,78.99159663865547,0.8536567202475508,0.8405001073116634,1.457876712328767,"(4, 4, 6, 5)","(70, 78, 86, 94)",0.35267484285600953
1.170454678454087,79.83193277310924,0.8382818839384629,0.8164955035796556,1.5623287671232877,"(4, 4, 6, 5)","(70, 76, 82, 88)",0.3031228143032485
1.158197229926025,78.99159663865547,0.8293296785066471,0.8165961922263862,1.5636986301369864,"(4, 4, 6, 5)","(64, 74, 84, 92)",0.2806415014483554
1.1631352972967757,76.47058823529412,0.7973265830243492,0.7802316057050697,1.569178082191781,"(4, 5, 1, 1)","(64, 72, 80, 88)",0.28661556444439523
1.1421757662762273,76.47058823529412,0.8463036425242537,0.8291401136461499,1.388013698630137,"(4, 5, 1, 1)","(70, 78, 86, 94)",0.36641945059716124
1.1589080022858502,76.47058823529412,0.8232155852055134,0.8045454810342079,1.4934931506849316,"(4, 5, 1, 1)","(70, 76, 82, 88)",0.32200650012122317
1.1515665871313028,77.31092436974791,0.8178041831568191,0.8016235926713488,1.4904109589041097,"(4, 5, 1, 1)","(64, 74, 84, 92)",0.3090603592342207
1.1653517361401244,77.31092436974791,0.8049106668801951,0.7887691074125134,1.5695205479452055,"(4, 5, 1, 2)","(64, 72, 80, 88)",0.2903349786705733
1.146227468282917,76.47058823529412,0.8536928786933399,0.8347708935648287,1.398972602739726,"(4, 5, 1, 2)","(70, 78, 86, 94)",0.3665100492584701
1.1625142566135165,77.31092436974791,0.8362322036751643,0.8066008695410786,1.5075342465753425,"(4, 5, 1, 2)","(70, 76, 82, 88)",0.32020352855024836
1.1610388851153002,78.15126050420169,0.8252321162026811,0.8105699783062396,1.4941780821917807,"(4, 5, 1, 2)","(64, 74, 84, 92)",0.3258721722360891
1.1703348302083083,78.99159663865547,0.8079079931820313,0.7960756081468722,1.5897260273972602,"(4, 5, 1, 3)","(64, 72, 80, 88)",0.2888372266017772
1.1544884038470515,78.15126050420169,0.8558910006996739,0.8347708935648287,1.417123287671233,"(4, 5, 1, 3)","(70, 78, 86, 94)",0.37036628836895763
1.1676527174678082,78.15126050420169,0.8386234063019589,0.8066008695410786,1.5253424657534247,"(4, 5, 1, 3)","(70, 76, 82, 88)",0.3191303357275097
1.1654156642579137,78.15126050420169,0.8282594691074936,0.8163849016211038,1.5092465753424658,"(4, 5, 1, 3)","(64, 74, 84, 92)",0.32482430372098714
1.1656398587788315,78.15126050420169,0.8599278551322493,0.8347708935648287,1.4332191780821917,"(4, 5, 1, 4)","(70, 78, 86, 94)",0.3823465514894767
1.1735435405433503,78.99159663865547,0.8439723611017618,0.8066008695410786,1.5393835616438356,"(4, 5, 1, 4)","(70, 76, 82, 88)",0.3217442148486241
1.168377626270303,78.99159663865547,0.8312696106483938,0.8209539359638671,1.5311643835616437,"(4, 5, 1, 4)","(64, 74, 84, 92)",0.3169972074205575
1.1708786718011577,78.15126050420169,0.8600869612856681,0.8347708935648287,1.4428082191780822,"(4, 5, 1, 5)","(70, 78, 86, 94)",0.3858976965656461
1.1784089927907133,78.99159663865547,0.8454850314087631,0.8066008695410786,1.5537671232876713,"(4, 5, 1, 5)","(70, 76, 82, 88)",0.32217332031470797
1.1692577613712307,78.99159663865547,0.8346152983176999,0.8253535110271584,1.55,"(4, 5, 1, 5)","(64, 74, 84, 92)",0.3077413843113286
1.173709702852483,78.15126050420169,0.8612980741708011,0.8347708935648287,1.4654109589041096,"(4, 5, 1, 6)","(70, 78, 86, 94)",0.3732393909707508
1.1792467912803832,79.83193277310924,0.848176513909576,0.8066008695410786,1.5684931506849316,"(4, 5, 1, 6)","(70, 76, 82, 88)",0.3153015846618789
1.1715276418944993,79.83193277310924,0.8356401717101312,0.8253535110271584,1.5613013698630136,"(4, 5, 1, 6)","(64, 74, 84, 92)",0.3055892094764723
1.1565977944138603,77.31092436974791,0.7927145521906032,0.7754204876581073,1.5842465753424657,"(4, 5, 2, 1)","(64, 72, 80, 88)",0.2680337395594796
1.1403711501088951,75.63025210084034,0.8444600281647523,0.827395212284898,1.398972602739726,"(4, 5, 2, 1)","(70, 78, 86, 94)",0.3518315522042693
1.157193420414469,76.47058823529412,0.8182205785611038,0.8007476157322523,1.5058219178082193,"(4, 5, 2, 1)","(70, 76, 82, 88)",0.3107683057618478
1.146362600766639,77.31092436974791,0.814048033721495,0.7977184138647783,1.5075342465753425,"(4, 5, 2, 1)","(64, 74, 84, 92)",0.2883797531974263
1.1636256662167683,78.15126050420169,0.8011076292852958,0.7848045687697887,1.5863013698630137,"(4, 5, 2, 2)","(64, 72, 80, 88)",0.2790811596687871
1.144562926501706,76.47058823529412,0.8502805906557874,0.8336062702868846,1.4092465753424657,"(4, 5, 2, 2)","(70, 78, 86, 94)",0.35324162793722336
1.1640513831477883,77.31092436974791,0.8297144065881938,0.808296708366604,1.5229452054794521,"(4, 5, 2, 2)","(70, 76, 82, 88)",0.3137066396801191
1.1574248323207208,77.31092436974791,0.8226490174186034,0.8072823744081781,1.501027397260274,"(4, 5, 2, 2)","(64, 74, 84, 92)",0.31420403990191714
1.164316120634111,79.83193277310924,0.8051217451275798,0.7928824129847096,1.5972602739726027,"(4, 5, 2, 3)","(64, 72, 80, 88)",0.275116440511241
1.1530277547669632,77.31092436974791,0.8534970141213817,0.8336062702868846,1.420890410958904,"(4, 5, 2, 3)","(70, 78, 86, 94)",0.36358099586617787
1.1671516791535002,78.15126050420169,0.8360622930308509,0.808296708366604,1.5294520547945205,"(4, 5, 2, 3)","(70, 76, 82, 88)",0.3157069231101038
1.1601768867626243,78.15126050420169,0.826956191832862,0.8128463284025503,1.5123287671232877,"(4, 5, 2, 3)","(64, 74, 84, 92)",0.31264472549924
1.1627068737126856,78.15126050420169,0.8569309470389255,0.8336062702868846,1.4325342465753426,"(4, 5, 2, 4)","(70, 78, 86, 94)",0.376171077783881
1.17256016835275,78.99159663865547,0.8402960922910736,0.808296708366604,1.5386986301369863,"(4, 5, 2, 4)","(70, 76, 82, 88)",0.32032783953593774
1.1646159781010776,78.99159663865547,0.8293478765644215,0.8189749296539724,1.5335616438356163,"(4, 5, 2, 4)","(64, 74, 84, 92)",0.30852288578635867
1.1660266053446786,78.15126050420169,0.8594869771170094,0.8336062702868846,1.4537671232876712,"(4, 5, 2, 5)","(70, 78, 86, 94)",0.3658850472501597
1.1748438126197842,78.99159663865547,0.8443534286652605,0.808296708366604,1.553082191780822,"(4, 5, 2, 5)","(70, 76, 82, 88)",0.3161262742103838
1.166939641663315,78.99159663865547,0.8320641451498796,0.8232338529847267,1.5513698630136987,"(4, 5, 2, 5)","(64, 74, 84, 92)",0.30277251779930436
1.1702402039886162,78.15126050420169,0.8599763423187105,0.8336062702868846,1.4657534246575343,"(4, 5, 2, 6)","(70, 78, 86, 94)",0.36551573209320526
1.1765570706620818,78.99159663865547,0.8465408874895611,0.808296708366604,1.5684931506849316,"(4, 5, 2, 6)","(70, 76, 82, 88)",0.3105702688754692
1.1698117887178776,78.99159663865547,0.8332342394408113,0.8258976652761912,1.560958904109589,"(4, 5, 2, 6)","(64, 74, 84, 92)",0.30271698599279767
1.1526450688603325,77.31092436974791,0.7903002126683004,0.7731205043706364,1.5969178082191782,"(4, 5, 3, 1)","(64, 72, 80, 88)",0.25572208896854315
1.1400484254975456,76.47058823529412,0.841791055506136,0.8252664099156635,1.4071917808219179,"(4, 5, 3, 1)","(70, 78, 86, 94)",0.343937260263106
1.1585197569940078,76.47058823529412,0.8158604269554529,0.7994509378174135,1.5253424657534247,"(4, 5, 3, 1)","(70, 76, 82, 88)",0.30174556090124033
1.1436625013734418,77.31092436974791,0.8111361730854931,0.794844079238127,1.5184931506849315,"(4, 5, 3, 1)","(64, 74, 84, 92)",0.2770769511297557
1.1624202675016706,78.15126050420169,0.7966272187016636,0.7803427164608747,1.5945205479452054,"(4, 5, 3, 2)","(64, 72, 80, 88)",0.2731953808207824
1.14323998880018,77.31092436974791,0.8495488290955351,0.8347966915078542,1.417123287671233,"(4, 5, 3, 2)","(70, 78, 86, 94)",0.34339964474263196
1.1644564323638245,76.47058823529412,0.8274428980298074,0.8091686553540752,1.5325342465753424,"(4, 5, 3, 2)","(70, 76, 82, 88)",0.3088185096478247
1.1540961373480683,77.31092436974791,0.8199770165814088,0.8048672399519741,1.5071917808219177,"(4, 5, 3, 2)","(64, 74, 84, 92)",0.30382222893744726
1.1512160643336882,78.99159663865547,0.8519827418010865,0.8347966915078542,1.4270547945205478,"(4, 5, 3, 3)","(70, 78, 86, 94)",0.3540905435881071
1.1673278303348216,78.15126050420169,0.8341834446833511,0.8091686553540752,1.5366438356164382,"(4, 5, 3, 3)","(70, 76, 82, 88)",0.3118042530808418
1.1582487894498967,78.15126050420169,0.825451469223882,0.8113265340079668,1.521917808219178,"(4, 5, 3, 3)","(64, 74, 84, 92)",0.30320634199061586
1.1582481411107226,78.99159663865547,0.8545005217159735,0.8347966915078542,1.4376712328767123,"(4, 5, 3, 4)","(70, 78, 86, 94)",0.36156852272559475
1.1697979327930368,78.15126050420169,0.8376512345964031,0.8091686553540752,1.5434931506849314,"(4, 5, 3, 4)","(70, 76, 82, 88)",0.31241963689708097
1.1582487894498967,78.15126050420169,0.8272051131875774,0.8167760981595698,1.5397260273972602,"(4, 5, 3, 4)","(64, 74, 84, 92)",0.2932020718234128
1.1641935478456151,78.99159663865547,0.858023292839782,0.8347966915078542,1.451027397260274,"(4, 5, 3, 5)","(70, 78, 86, 94)",0.3640434014496553
1.1742451003643843,78.99159663865547,0.8421059817183897,0.8091686553540752,1.5496575342465753,"(4, 5, 3, 5)","(70, 76, 82, 88)",0.31700666234517283
1.163231146069622,78.99159663865547,0.8291424528903691,0.8202665124573288,1.5534246575342465,"(4, 5, 3, 5)","(64, 74, 84, 92)",0.2949473678980795
1.168147746393371,78.99159663865547,0.8585944618109979,0.8347966915078542,1.461986301369863,"(4, 5, 3, 6)","(70, 78, 86, 94)",0.3639669529048503
1.1744205746497371,78.99159663865547,0.8453451154361147,0.8091686553540752,1.564041095890411,"(4, 5, 3, 6)","(70, 76, 82, 88)",0.30923380569352305
1.1679441555750028,78.99159663865547,0.8320458651183188,0.8243616042410965,1.5592465753424658,"(4, 5, 3, 6)","(64, 74, 84, 92)",0.30030430758053156
1.141319136280821,76.47058823529412,0.8403021760706616,0.8240886929728454,1.420890410958904,"(4, 5, 4, 1)","(70, 78, 86, 94)",0.33576230914564487
1.1597216591818016,77.31092436974791,0.8143629186790514,0.7981366604489025,1.5373287671232876,"(4, 5, 4, 1)","(70, 76, 82, 88)",0.2972512713899686
1.1434251298189098,76.47058823529412,0.8088667233053187,0.7924963606988507,1.5263698630136986,"(4, 5, 4, 1)","(64, 74, 84, 92)",0.2724797521608435
1.141319136280821,77.31092436974791,0.8466791972807557,0.8330153683108364,1.422945205479452,"(4, 5, 4, 2)","(70, 78, 86, 94)",0.3341310752550587
1.163533181705367,77.31092436974791,0.8250368143468014,0.8096123335944354,1.5386986301369863,"(4, 5, 4, 2)","(70, 76, 82, 88)",0.3035708141002361
1.1483941705487086,77.31092436974791,0.8162831418678648,0.8011867166532504,1.5147260273972603,"(4, 5, 4, 2)","(64, 74, 84, 92)",0.28829739055371206
1.1466336943716675,77.31092436974791,0.849466064587272,0.8350053919472646,1.4335616438356165,"(4, 5, 4, 3)","(70, 78, 86, 94)",0.3382072571605601
1.1667674915687223,78.15126050420169,0.8323041767514269,0.8096123335944354,1.5417808219178082,"(4, 5, 4, 3)","(70, 76, 82, 88)",0.3078135748297529
1.1564482006682508,77.31092436974791,0.8225852444220094,0.8082786361629778,1.5294520547945205,"(4, 5, 4, 3)","(64, 74, 84, 92)",0.2954907800461141
1.1549045986339943,78.99159663865547,0.852948434523507,0.8350053919472646,1.4445205479452055,"(4, 5, 4, 4)","(70, 78, 86, 94)",0.34847567643394717
1.1686556907723065,78.99159663865547,0.8340614149903874,0.8096123335944354,1.5472602739726027,"(4, 5, 4, 4)","(70, 76, 82, 88)",0.30818186298819455
1.1564482006682508,78.15126050420169,0.826748411220049,0.8133726007060665,1.5462328767123288,"(4, 5, 4, 4)","(64, 74, 84, 92)",0.28641300686601406
1.1625261019994373,78.99159663865547,0.8560256538290567,0.8350053919472646,1.4503424657534247,"(4, 5, 4, 5)","(70, 78, 86, 94)",0.36089446223449184
1.1716343744228677,79.83193277310924,0.8393116520564037,0.8096123335944354,1.5517123287671233,"(4, 5, 4, 5)","(70, 76, 82, 88)",0.31109396233070985
1.1593666266142264,78.15126050420169,0.8296810615433323,0.8179847365044643,1.5554794520547945,"(4, 5, 4, 5)","(64, 74, 84, 92)",0.28689922916987737
1.1662410394008709,78.99159663865547,0.857527101359996,0.8350053919472646,1.4613013698630137,"(4, 5, 4, 6)","(70, 78, 86, 94)",0.36037404235378095
1.1725018989365497,79.83193277310924,0.844013189632084,0.8096123335944354,1.5636986301369864,"(4, 5, 4, 6)","(70, 76, 82, 88)",0.3060179495107685
1.164661776884913,78.99159663865547,0.8304676032916419,0.8226356446476862,1.5623287671232877,"(4, 5, 4, 6)","(64, 74, 84, 92)",0.2928211866650097
1.1396797620043961,76.47058823529412,0.8381422468218325,0.8217932130766438,1.4284246575342465,"(4, 5, 5, 1)","(70, 78, 86, 94)",0.32603109916293904
1.1593118612597582,77.31092436974791,0.8143397464051995,0.7966156112928541,1.5503424657534246,"(4, 5, 5, 1)","(70, 76, 82, 88)",0.28947768194056867
1.1415914933346232,76.47058823529412,0.8068172489259625,0.7905250929431606,1.5308219178082192,"(4, 5, 5, 1)","(64, 74, 84, 92)",0.26674010357232236
1.1417451571065542,76.47058823529412,0.845071321686938,0.831973884772604,1.4311643835616439,"(4, 5, 5, 2)","(70, 78, 86, 94)",0.3287496892383942
1.163446818050963,77.31092436974791,0.8233407189106168,0.8098297400065141,1.547945205479452,"(4, 5, 5, 2)","(70, 76, 82, 88)",0.2982904429430074
1.1461126346372401,77.31092436974791,0.8140698113164743,0.7989616893120769,1.520890410958904,"(4, 5, 5, 2)","(64, 74, 84, 92)",0.2805055181727424
1.1456055936157472,77.31092436974791,0.8489077842460333,0.8369147486919668,1.4428082191780822,"(4, 5, 5, 3)","(70, 78, 86, 94)",0.32882315031553117
1.1662978600454499,77.31092436974791,0.8309955030193212,0.8144315787461717,1.5486301369863014,"(4, 5, 5, 3)","(70, 76, 82, 88)",0.303114701206438
1.1549010494687835,77.31092436974791,0.8198284251826765,0.8057043337559906,1.536986301369863,"(4, 5, 5, 3)","(64, 74, 84, 92)",0.2884636890617651
1.1540869950730592,78.15126050420169,0.8522723904582998,0.8370339986532652,1.4476027397260274,"(4, 5, 5, 4)","(70, 78, 86, 94)",0.3442494457638355
1.168047435487137,78.99159663865547,0.832260886948606,0.8144315787461717,1.5486301369863014,"(4, 5, 5, 4)","(70, 76, 82, 88)",0.306303690151336
1.1549010494687835,78.15126050420169,0.8247173179825956,0.8108637241099671,1.5476027397260275,"(4, 5, 5, 4)","(64, 74, 84, 92)",0.2828712097866464
1.1598708198102607,78.99159663865547,0.8530890834429049,0.8370339986532652,1.4537671232876712,"(4, 5, 5, 5)","(70, 78, 86, 94)",0.3523190896950652
1.1692147924603584,79.83193277310924,0.8375612758694485,0.8144315787461717,1.5561643835616439,"(4, 5, 5, 5)","(70, 76, 82, 88)",0.30425319826616165
1.1570482713222918,78.15126050420169,0.8284675810355462,0.8160971887530918,1.5537671232876713,"(4, 5, 5, 5)","(64, 74, 84, 92)",0.28359984679102784
1.1647537133761416,78.99159663865547,0.8557568101221585,0.8370339986532652,1.460958904109589,"(4, 5, 5, 6)","(70, 78, 86, 94)",0.35741518800767735
1.1712969434621185,79.83193277310924,0.8409810154837458,0.8144315787461717,1.5626712328767123,"(4, 5, 5, 6)","(70, 76, 82, 88)",0.3044352251426575
1.1600919171522284,78.99159663865547,0.8318941701249349,0.8205194951112202,1.5650684931506849,"(4, 5, 5, 6)","(64, 74, 84, 92)",0.2833141806572769
1.1364049917933015,75.63025210084034,0.8366358623676833,0.8199066779812915,1.438013698630137,"(4, 5, 6, 1)","(70, 78, 86, 94)",0.31141718220206427
1.1583434601719576,76.47058823529412,0.8138696503667139,0.7939121647612731,1.5568493150684932,"(4, 5, 6, 1)","(70, 76, 82, 88)",0.2843560293370947
1.1416571796525985,76.47058823529412,0.8047689587505712,0.7888646568384292,1.539041095890411,"(4, 5, 6, 1)","(64, 74, 84, 92)",0.26279476784344824
1.1410174931659445,76.47058823529412,0.8437776917909198,0.8302615881903155,1.4404109589041096,"(4, 5, 6, 2)","(70, 78, 86, 94)",0.32019524109219116
1.1622832724706451,77.31092436974791,0.8206759511109696,0.8075191010202717,1.5541095890410959,"(4, 5, 6, 2)","(70, 76, 82, 88)",0.29287216045382186
1.1428572017715513,77.31092436974791,0.8115964754066105,0.7963521326258678,1.5297945205479453,"(4, 5, 6, 2)","(64, 74, 84, 92)",0.26964643126886206
1.1436873289372238,77.31092436974791,0.847536701457266,0.8360326772373629,1.4503424657534247,"(4, 5, 6, 3)","(70, 78, 86, 94)",0.3190623577921623
1.1651733916905826,77.31092436974791,0.8274947217460912,0.8169238610773863,1.5547945205479452,"(4, 5, 6, 3)","(70, 76, 82, 88)",0.29771994057808726
1.1527688654115973,77.31092436974791,0.8171100469798673,0.8028606615894341,1.5404109589041095,"(4, 5, 6, 3)","(64, 74, 84, 92)",0.28269016920270224
1.151940800166323,78.99159663865547,0.850150242388129,0.8400287082851553,1.45,"(4, 5, 6, 4)","(70, 78, 86, 94)",0.3376462225918288
1.1667030693560523,78.15126050420169,0.8316479122223859,0.8175106124643973,1.5544520547945206,"(4, 5, 6, 4)","(70, 76, 82, 88)",0.3006627316366106
1.1527688654115973,77.31092436974791,0.8220510007494173,0.8085253216925742,1.551027397260274,"(4, 5, 6, 4)","(64, 74, 84, 92)",0.2772436836556023
1.1578835669384706,78.99159663865547,0.8516434075279138,0.8416771808037897,1.4530821917808219,"(4, 5, 6, 5)","(70, 78, 86, 94)",0.3484656201514242
1.1681802070545633,78.99159663865547,0.8349642252718107,0.8175106124643973,1.5561643835616439,"(4, 5, 6, 5)","(70, 76, 82, 88)",0.302392983127663
1.1528202754500412,78.15126050420169,0.8261460506351239,0.8136561563756515,1.5578767123287671,"(4, 5, 6, 5)","(64, 74, 84, 92)",0.2739319854598651
1.1634593967221492,78.99159663865547,0.8542175526042773,0.843327228017407,1.4589041095890412,"(4, 5, 6, 6)","(70, 78, 86, 94)",0.35619510330498166
1.169772841547272,79.83193277310924,0.8390317891204067,0.8175106124643973,1.5633561643835616,"(4, 5, 6, 6)","(70, 76, 82, 88)",0.3013596944182577
1.1574148608413877,78.15126050420169,0.8290914132751419,0.8172150676816669,1.5647260273972603,"(4, 5, 6, 6)","(64, 74, 84, 92)",0.2787455389065203
1.150582884523463,76.47058823529412,0.789037586289416,0.7718670213171068,1.5845890410958905,"(4, 6, 1, 1)","(64, 72, 80, 88)",0.25758759391242625
1.136651267895955,75.63025210084034,0.8388714058813939,0.8253441989032126,1.3941780821917809,"(4, 6, 1, 1)","(70, 78, 86, 94)",0.34667393766827864
1.1534285942131455,75.63025210084034,0.8161350732658751,0.8011290006195949,1.4934931506849316,"(4, 6, 1, 1)","(70, 76, 82, 88)",0.3109031888288582
1.1474131317896723,76.47058823529412,0.8127476876845534,0.7967899451899543,1.5003424657534246,"(4, 6, 1, 1)","(64, 74, 84, 92)",0.29462446599989267
1.1593441079624056,77.31092436974791,0.7981046017617645,0.7816090014462586,1.5708904109589041,"(4, 6, 1, 2)","(64, 72, 80, 88)",0.27911505413930676
1.1423793200509944,76.47058823529412,0.8474101627331323,0.8338337452880499,1.3962328767123289,"(4, 6, 1, 2)","(70, 78, 86, 94)",0.35933242398349485
1.161343588382812,76.47058823529412,0.829384118666593,0.8083561756486298,1.5037671232876713,"(4, 6, 1, 2)","(70, 76, 82, 88)",0.3202741523302591
1.1537534630030826,78.15126050420169,0.8218812617306359,0.8070536753471852,1.4910958904109588,"(4, 6, 1, 2)","(64, 74, 84, 92)",0.31308236538981954
1.1653715056748826,78.15126050420169,0.8035887309583685,0.7912406657606392,1.5825342465753425,"(4, 6, 1, 3)","(64, 72, 80, 88)",0.28388289040015113
1.1440543493808681,77.31092436974791,0.8519914908602716,0.8352430774046067,1.4113013698630137,"(4, 6, 1, 3)","(70, 78, 86, 94)",0.35024038317413403
1.1650860159447525,78.15126050420169,0.8364899771946409,0.8083561756486298,1.516095890410959,"(4, 6, 1, 3)","(70, 76, 82, 88)",0.3198746957920884
1.1537534630030826,78.15126050420169,0.8248539017069082,0.8121863488275544,1.5071917808219177,"(4, 6, 1, 3)","(64, 74, 84, 92)",0.30314659822349843
1.1458290737226566,77.31092436974791,0.8556660283807606,0.8352430774046067,1.425,"(4, 6, 1, 4)","(70, 78, 86, 94)",0.3431272322886038
1.1675678832786431,78.15126050420169,0.8396528890964899,0.8083561756486298,1.5297945205479453,"(4, 6, 1, 4)","(70, 76, 82, 88)",0.3162884416119185
1.164784882163482,78.99159663865547,0.8286508876416196,0.8180515823755147,1.521917808219178,"(4, 6, 1, 4)","(64, 74, 84, 92)",0.3157295642502413
1.152229508786948,77.31092436974791,0.859404106504977,0.8352430774046067,1.4376712328767123,"(4, 6, 1, 5)","(70, 78, 86, 94)",0.3478170310312116
1.1759221325082516,78.99159663865547,0.842985466503767,0.8083561756486298,1.5424657534246575,"(4, 6, 1, 5)","(70, 76, 82, 88)",0.3243009008359184
1.1678639303377456,78.99159663865547,0.8306793788782704,0.8221890140244207,1.542123287671233,"(4, 6, 1, 5)","(64, 74, 84, 92)",0.3096416150260373
1.1560236373297623,78.15126050420169,0.8597499710217736,0.8352430774046067,1.4506849315068493,"(4, 6, 1, 6)","(70, 78, 86, 94)",0.3461922651997766
1.1794139278797213,78.99159663865547,0.8461169439236085,0.8083561756486298,1.5554794520547945,"(4, 6, 1, 6)","(70, 76, 82, 88)",0.32298931529518266
1.1682126915864661,78.99159663865547,0.8335188028666212,0.8248901329160391,1.555821917808219,"(4, 6, 1, 6)","(64, 74, 84, 92)",0.302637744567148
1.148148686320459,77.31092436974791,0.7860780754188748,0.7689201756338316,1.5986301369863014,"(4, 6, 2, 1)","(64, 72, 80, 88)",0.2474794988877234
1.1369024892347637,75.63025210084034,0.835192665303714,0.8226092491196986,1.4092465753424657,"(4, 6, 2, 1)","(70, 78, 86, 94)",0.3345232372933138
1.1528495750768866,75.63025210084034,0.8127177137108217,0.7987387966862832,1.5071917808219177,"(4, 6, 2, 1)","(70, 76, 82, 88)",0.301364455924719
1.1430660330133469,76.47058823529412,0.8094732642254443,0.7934041260045591,1.5095890410958903,"(4, 6, 2, 1)","(64, 74, 84, 92)",0.28074786048318073
1.160300123258353,78.99159663865547,0.8031527318540883,0.7879538600708644,1.5917808219178082,"(4, 6, 2, 3)","(64, 72, 80, 88)",0.2708775230986057
1.1436204679881192,77.31092436974791,0.8503672338646898,0.8344588789101087,1.415068493150685,"(4, 6, 2, 3)","(70, 78, 86, 94)",0.34601630901428065
1.163716894645042,78.15126050420169,0.83402518996813,0.8088499818745235,1.5253424657534247,"(4, 6, 2, 3)","(70, 76, 82, 88)",0.3116384174468857
1.1527062878048122,78.15126050420169,0.8246106066831038,0.8103575963488079,1.5095890410958903,"(4, 6, 2, 3)","(64, 74, 84, 92)",0.29966556477826056
1.1515563440209702,77.31092436974791,0.8572885168253782,0.8344588789101087,1.4438356164383561,"(4, 6, 2, 5)","(70, 78, 86, 94)",0.3414695405410748
1.1733311298576907,78.15126050420169,0.841465994752502,0.8088499818745235,1.545890410958904,"(4, 6, 2, 5)","(70, 76, 82, 88)",0.31752001203541846
1.1628629338448855,78.99159663865547,0.8281585711907695,0.8189328033806612,1.5469178082191781,"(4, 6, 2, 5)","(64, 74, 84, 92)",0.2977831977627211
1.1385916199986137,76.47058823529412,0.8355343766199692,0.8214647927551149,1.4184931506849314,"(4, 6, 3, 1)","(70, 78, 86, 94)",0.33116819181338136
1.151899901473431,75.63025210084034,0.8105480232542699,0.7965943752352009,1.5195205479452054,"(4, 6, 3, 1)","(70, 76, 82, 88)",0.29238478068715795
1.1399567127871826,76.47058823529412,0.8064992481953657,0.7901912130380979,1.5198630136986302,"(4, 6, 3, 1)","(64, 74, 84, 92)",0.2692184462045936
1.1594501714220085,78.15126050420169,0.7925140135867664,0.7760991877170833,1.590068493150685,"(4, 6, 3, 2)","(64, 72, 80, 88)",0.27022315760433235
1.1391630411969969,76.47058823529412,0.8438755808559655,0.8312838240240397,1.4154109589041095,"(4, 6, 3, 2)","(70, 78, 86, 94)",0.335000890597882
1.1592357528718469,76.47058823529412,0.8235433764112235,0.8089021085808127,1.5280821917808218,"(4, 6, 3, 2)","(70, 76, 82, 88)",0.3015359263202289
1.1475579155393985,76.47058823529412,0.8154868473048442,0.8003519822378178,1.5106164383561644,"(4, 6, 3, 2)","(64, 74, 84, 92)",0.28897995531525383
1.142653483061658,77.31092436974791,0.8488665481332132,0.8356958076793152,1.422945205479452,"(4, 6, 3, 3)","(70, 78, 86, 94)",0.3372859680486163
1.1642941784691896,78.15126050420169,0.8319468068299791,0.8089021085808127,1.534931506849315,"(4, 6, 3, 3)","(70, 76, 82, 88)",0.3071312427208922
1.152070260019016,78.15126050420169,0.8220879332642326,0.807975445874712,1.5171232876712328,"(4, 6, 3, 3)","(64, 74, 84, 92)",0.29406964189107737
1.144367521439024,78.15126050420169,0.8515787135785778,0.8356958076793152,1.4315068493150684,"(4, 6, 3, 4)","(70, 78, 86, 94)",0.33456600206504
1.16716011910085,78.15126050420169,0.8341185862992139,0.8089021085808127,1.5393835616438356,"(4, 6, 3, 4)","(70, 76, 82, 88)",0.30990955414252835
1.1536912373601185,78.15126050420169,0.8262350339594655,0.8129416336327088,1.533904109589041,"(4, 6, 3, 4)","(64, 74, 84, 92)",0.28786299749297367
1.1513743470312074,78.15126050420169,0.8550293785007095,0.8356958076793152,1.4452054794520548,"(4, 6, 3, 5)","(70, 78, 86, 94)",0.34001007179317366
1.1718175941795126,78.15126050420169,0.837914025240511,0.8089021085808127,1.5472602739726027,"(4, 6, 3, 5)","(70, 76, 82, 88)",0.3139595588261432
1.158314223415602,78.15126050420169,0.828041213387448,0.817672305497716,1.5506849315068494,"(4, 6, 3, 5)","(64, 74, 84, 92)",0.2874860275954963
1.1572768101999418,78.99159663865547,0.857027689101987,0.8356958076793152,1.4575342465753425,"(4, 6, 3, 6)","(70, 78, 86, 94)",0.34374871690406433
1.1733565743468128,78.15126050420169,0.8426432015808961,0.8089021085808127,1.5582191780821917,"(4, 6, 3, 6)","(70, 76, 82, 88)",0.31055288165195927
1.163582376831669,78.99159663865547,0.8299086487981434,0.8219954150112464,1.5575342465753426,"(4, 6, 3, 6)","(64, 74, 84, 92)",0.29340328031233026
1.1390882389014632,76.47058823529412,0.8359069171950186,0.8207169993705549,1.4246575342465753,"(4, 6, 4, 1)","(70, 78, 86, 94)",0.3275303690260262
1.1482119592914302,76.47058823529412,0.8118755195643292,0.7953750831850565,1.5332191780821918,"(4, 6, 4, 1)","(70, 76, 82, 88)",0.2779569178747438
1.1379514731737497,76.47058823529412,0.805829499757327,0.7890908567110188,1.5253424657534247,"(4, 6, 4, 1)","(64, 74, 84, 92)",0.2625934169930567
1.14222452625275,77.31092436974791,0.8477303498921043,0.8352623927619466,1.4318493150684932,"(4, 6, 4, 3)","(70, 78, 86, 94)",0.3293383161443535
1.1637829425865103,77.31092436974791,0.8285325884039128,0.812144058079987,1.5417808219178082,"(4, 6, 4, 3)","(70, 76, 82, 88)",0.30230479921151077
1.148016630404342,77.31092436974791,0.8202009412778928,0.8060086043739936,1.5246575342465754,"(4, 6, 4, 3)","(64, 74, 84, 92)",0.28212047048347166
1.1495976385579625,78.15126050420169,0.852759619832053,0.8361948459434503,1.4455479452054794,"(4, 6, 4, 5)","(70, 78, 86, 94)",0.3357610335044201
1.1688537864901485,78.99159663865547,0.8358828821186437,0.812144058079987,1.548972602739726,"(4, 6, 4, 5)","(70, 76, 82, 88)",0.3075814451348931
1.1551230593001987,78.15126050420169,0.828335017838075,0.8158320302884773,1.5517123287671233,"(4, 6, 4, 5)","(64, 74, 84, 92)",0.2811665631015395
1.1374439068021929,75.63025210084034,0.8354113031082366,0.8191278227007921,1.4321917808219178,"(4, 6, 5, 1)","(70, 78, 86, 94)",0.3180160125692577
1.1473945576017932,75.63025210084034,0.8110013594924637,0.7944061589207475,1.5441780821917808,"(4, 6, 5, 1)","(70, 76, 82, 88)",0.27085721094854387
1.1378899986211186,76.47058823529412,0.803888151275019,0.7872879612540247,1.5335616438356163,"(4, 6, 5, 1)","(64, 74, 84, 92)",0.2584331167995292
1.1399644301870464,76.47058823529412,0.8411591450686104,0.8284600521451725,1.4294520547945206,"(4, 6, 5, 2)","(70, 78, 86, 94)",0.325913984167604
1.1586742816729654,77.31092436974791,0.8177639572627552,0.8036156061288642,1.5465753424657533,"(4, 6, 5, 2)","(70, 76, 82, 88)",0.2903063298778565
1.1434683967058794,76.47058823529412,0.811144328891116,0.7960927845387693,1.5229452054794521,"(4, 6, 5, 2)","(64, 74, 84, 92)",0.2743469013629128
1.1405451261156316,77.31092436974791,0.8473422805438067,0.8355027936810578,1.435958904109589,"(4, 6, 5, 3)","(70, 78, 86, 94)",0.3223815932895871
1.1638360879500262,77.31092436974791,0.8267125689916852,0.8155339734559357,1.5472602739726027,"(4, 6, 5, 3)","(70, 76, 82, 88)",0.2993750793579954
1.14459866855451,77.31092436974791,0.8175151810429107,0.8033227060500588,1.5332191780821918,"(4, 6, 5, 3)","(64, 74, 84, 92)",0.27118054732123903
1.144670375151285,77.31092436974791,0.8494669693339268,0.8383947198097167,1.4438356164383561,"(4, 6, 5, 4)","(70, 78, 86, 94)",0.32595485759394466
1.1660948475846322,78.99159663865547,0.831263336835831,0.8155339734559357,1.5493150684931507,"(4, 6, 5, 4)","(70, 76, 82, 88)",0.302367178894717
1.1496159873574905,78.15126050420169,0.8224659058117345,0.8090313205823053,1.5434931506849314,"(4, 6, 5, 4)","(64, 74, 84, 92)",0.27528587465902477
1.1489401995909339,78.15126050420169,0.8510598367581766,0.8393328730739447,1.4496575342465754,"(4, 6, 5, 5)","(70, 78, 86, 94)",0.3312302991664332
1.167568376378373,78.99159663865547,0.8330988338871878,0.8155339734559357,1.5523972602739726,"(4, 6, 5, 5)","(70, 76, 82, 88)",0.3033475877401422
1.1522637185082454,78.15126050420169,0.8257641753582906,0.8134585649028969,1.5527397260273972,"(4, 6, 5, 5)","(64, 74, 84, 92)",0.2754709157646075
1.1558008371684607,78.99159663865547,0.8527600122153155,0.8393328730739447,1.4558219178082192,"(4, 6, 5, 6)","(70, 78, 86, 94)",0.34180198687596186
1.170255800865166,78.99159663865547,0.8377493413690063,0.8155339734559357,1.5582191780821917,"(4, 6, 5, 6)","(70, 76, 82, 88)",0.30499812179526675
1.1570659216947512,78.15126050420169,0.8291325372905394,0.8173082919765371,1.5592465753424658,"(4, 6, 5, 6)","(64, 74, 84, 92)",0.28085271974811604
1.1349789918381898,75.63025210084034,0.8327771815265358,0.8166637101131828,1.4421232876712329,"(4, 6, 6, 1)","(70, 78, 86, 94)",0.30529717751163
1.1488977641757774,76.47058823529412,0.8086537152901528,0.792402772565284,1.5623287671232877,"(4, 6, 6, 1)","(70, 76, 82, 88)",0.2647877414088124
1.1360605336594387,76.47058823529412,0.801746169406771,0.7856977651476093,1.5414383561643836,"(4, 6, 6, 1)","(64, 74, 84, 92)",0.25129459727106956
1.1411491498593207,77.31092436974791,0.8462778813247703,0.8339247850165656,1.4455479452054794,"(4, 6, 6, 3)","(70, 78, 86, 94)",0.31679901428840623
1.1626772109507875,77.31092436974791,0.8239357297769733,0.812693223034914,1.555821917808219,"(4, 6, 6, 3)","(70, 76, 82, 88)",0.29267865432920487
1.1431167101811441,76.47058823529412,0.8145720952631694,0.8004148130318446,1.5386986301369863,"(4, 6, 6, 3)","(64, 74, 84, 92)",0.2656711975390597
1.1494874929728494,78.15126050420169,0.8500533752490537,0.840553504086333,1.4513698630136986,"(4, 6, 6, 5)","(70, 78, 86, 94)",0.33118625150282255
1.1670332518016526,78.99159663865547,0.8316652653563802,0.8179582811754796,1.5565068493150684,"(4, 6, 6, 5)","(70, 76, 82, 88)",0.30014590477589276
1.1486508244581037,78.15126050420169,0.8234130236200092,0.8109663130020607,1.5585616438356165,"(4, 6, 6, 5)","(64, 74, 84, 92)",0.2661314576441833
1.214658126436181,81.5126050420168,0.8256365174450766,0.811591963417865,1.560958904109589,"(5, 1, 1, 1)","(64, 72, 80, 88)",0.3826628383355609
1.183719531902124,79.83193277310924,0.8701050268588982,0.8490196924066953,1.375,"(5, 1, 1, 1)","(70, 78, 86, 94)",0.48991875173899757
1.2173137840745896,81.5126050420168,0.8548499345909808,0.8224377674922699,1.5017123287671232,"(5, 1, 1, 1)","(70, 76, 82, 88)",0.4331441976094209
1.1889017325766635,80.67226890756302,0.8419948914456186,0.8274780547651636,1.485958904109589,"(5, 1, 1, 1)","(64, 74, 84, 92)",0.38871956245514977
1.2158903950637951,83.19327731092437,0.8338047676503715,0.8118867957119387,1.5948630136986301,"(5, 1, 1, 2)","(64, 72, 80, 88)",0.3629245558930811
1.1888250086815375,80.67226890756302,0.8709856105269969,0.8490196924066953,1.4006849315068493,"(5, 1, 1, 2)","(70, 78, 86, 94)",0.4712555772222988
1.2189460863739054,82.35294117647058,0.856157097093522,0.8224377674922699,1.531849315068493,"(5, 1, 1, 2)","(70, 76, 82, 88)",0.41166939614411074
1.1961300892796647,81.5126050420168,0.8475857797009817,0.8329938470441539,1.5321917808219179,"(5, 1, 1, 2)","(64, 74, 84, 92)",0.3685327288910044
1.1859756855538386,80.67226890756302,0.8726493440542812,0.8490196924066953,1.4431506849315068,"(5, 1, 1, 3)","(70, 78, 86, 94)",0.41966692567017677
1.2211103181568905,82.35294117647058,0.8576371399934916,0.8224377674922699,1.5578767123287671,"(5, 1, 1, 3)","(70, 76, 82, 88)",0.3963426206372746
1.1994232556235211,82.35294117647058,0.8484004713116362,0.8329938470441539,1.5650684931506849,"(5, 1, 1, 3)","(64, 74, 84, 92)",0.3529187311640496
1.1929941961645976,80.67226890756302,0.8754111101476197,0.8490196924066953,1.4828767123287672,"(5, 1, 1, 4)","(70, 78, 86, 94)",0.39967592397207435
1.2224684997247715,82.35294117647058,0.8592830322944291,0.8224377674922699,1.584931506849315,"(5, 1, 1, 4)","(70, 76, 82, 88)",0.3803325639322791
1.200432667106055,83.19327731092437,0.8487602566569196,0.8329938470441539,1.5945205479452054,"(5, 1, 1, 4)","(64, 74, 84, 92)",0.3371332879894474
1.198243844462578,81.5126050420168,0.8753247216428948,0.8490196924066953,1.516095890410959,"(5, 1, 1, 5)","(70, 78, 86, 94)",0.3841221140217172
1.2229883820330623,82.35294117647058,0.8598399050232057,0.8224377674922699,1.5986301369863014,"(5, 1, 1, 5)","(70, 76, 82, 88)",0.37249775488360515
1.1988569348010243,81.5126050420168,0.8742566580821004,0.8490196924066953,1.5414383561643836,"(5, 1, 1, 6)","(70, 78, 86, 94)",0.36727530020176524
1.201357159353554,81.5126050420168,0.8185610841409822,0.8048957437482677,1.564041095890411,"(5, 1, 2, 1)","(64, 72, 80, 88)",0.3569902278763676
1.1755954439797596,79.83193277310924,0.8673132628595082,0.8453430127517146,1.3815068493150684,"(5, 1, 2, 1)","(70, 78, 86, 94)",0.46026812964173974
1.205369517051647,80.67226890756302,0.8491591454352266,0.8166541160586689,1.5,"(5, 1, 2, 1)","(70, 76, 82, 88)",0.41073903410329393
1.1856506784259655,78.99159663865547,0.8352000999187368,0.8203389244164867,1.5006849315068493,"(5, 1, 2, 1)","(64, 74, 84, 92)",0.3707934206592471
1.2053177655542975,82.35294117647058,0.8239903328893476,0.8106345959695741,1.588013698630137,"(5, 1, 2, 2)","(64, 72, 80, 88)",0.3491717387411466
1.177224743422437,79.83193277310924,0.8678232163875476,0.8453430127517146,1.411986301369863,"(5, 1, 2, 2)","(70, 78, 86, 94)",0.4301714470436542
1.215977420123181,81.5126050420168,0.8533449402960597,0.8166541160586689,1.5273972602739727,"(5, 1, 2, 2)","(70, 76, 82, 88)",0.4095156277660314
1.1952203193189843,80.67226890756302,0.8412337412227291,0.8283568874634859,1.5321917808219179,"(5, 1, 2, 2)","(64, 74, 84, 92)",0.3668232512300091
1.1846610928506855,79.83193277310924,0.8691047452748067,0.8453430127517146,1.446917808219178,"(5, 1, 2, 3)","(70, 78, 86, 94)",0.41318803917548036
1.215977420123181,82.35294117647058,0.8543634993243737,0.8166541160586689,1.5476027397260275,"(5, 1, 2, 3)","(70, 76, 82, 88)",0.39440529503420163
1.1963131875009239,82.35294117647058,0.8438711806312466,0.8296577897915014,1.5582191780821917,"(5, 1, 2, 3)","(64, 74, 84, 92)",0.35167761196484526
1.1908640386010065,79.83193277310924,0.8717782942063911,0.8453430127517146,1.481849315068493,"(5, 1, 2, 4)","(70, 78, 86, 94)",0.39610731536243016
1.215977420123181,83.19327731092437,0.8556332549840031,0.8166541160586689,1.5650684931506849,"(5, 1, 2, 4)","(70, 76, 82, 88)",0.38221458591496277
1.1963131875009239,82.35294117647058,0.84496044067298,0.8296577897915014,1.5794520547945206,"(5, 1, 2, 4)","(64, 74, 84, 92)",0.33879108008433667
1.1908640386010065,79.83193277310924,0.872211561748405,0.8453430127517146,1.5041095890410958,"(5, 1, 2, 5)","(70, 78, 86, 94)",0.3786161635291706
1.215977420123181,84.03361344537815,0.8575679160214754,0.8166541160586689,1.5835616438356164,"(5, 1, 2, 5)","(70, 76, 82, 88)",0.37010215185427736
1.1908640386010065,81.5126050420168,0.8723804183530116,0.8453430127517146,1.5253424657534247,"(5, 1, 2, 6)","(70, 78, 86, 94)",0.363313554572972
1.1996886400111895,79.83193277310924,0.8133952325643139,0.7991151926937041,1.5708904109589041,"(5, 1, 3, 1)","(64, 72, 80, 88)",0.3497845403915256
1.1689762571338373,78.99159663865547,0.8653311200872228,0.8382248886575343,1.402054794520548,"(5, 1, 3, 1)","(70, 78, 86, 94)",0.4202816616957454
1.2008776942676727,79.83193277310924,0.8440936864042968,0.8142179234105421,1.5095890410958903,"(5, 1, 3, 1)","(70, 76, 82, 88)",0.3941954753102179
1.1742915777458562,78.99159663865547,0.8290192233003112,0.8137594741298908,1.5092465753424658,"(5, 1, 3, 1)","(64, 74, 84, 92)",0.34225380431600555
1.2022749154513084,81.5126050420168,0.8202926133209669,0.8069466138480968,1.5934931506849315,"(5, 1, 3, 2)","(64, 72, 80, 88)",0.34082097698662467
1.1760854959804148,78.99159663865547,0.8665075609618121,0.8382248886575343,1.4267123287671233,"(5, 1, 3, 2)","(70, 78, 86, 94)",0.41265621850947926
1.2044442163723408,79.83193277310924,0.8496207613120093,0.8142179234105421,1.5256849315068493,"(5, 1, 3, 2)","(70, 76, 82, 88)",0.3889101705584594
1.1852104538271284,80.67226890756302,0.8351508246214348,0.8226742880564818,1.5366438356164382,"(5, 1, 3, 2)","(64, 74, 84, 92)",0.3451273294034557
1.179313057715527,79.83193277310924,0.8665533320470376,0.8382248886575343,1.45,"(5, 1, 3, 3)","(70, 78, 86, 94)",0.3984734615900602
1.2049400011818738,79.83193277310924,0.8509855042448491,0.8142179234105421,1.5434931506849314,"(5, 1, 3, 3)","(70, 76, 82, 88)",0.37707927123570995
1.1879666874875772,81.5126050420168,0.8379287843520425,0.8265306426586481,1.5547945205479452,"(5, 1, 3, 3)","(64, 74, 84, 92)",0.338804152755386
1.1805866788920722,79.83193277310924,0.8675214613965978,0.8382248886575343,1.4767123287671233,"(5, 1, 3, 4)","(70, 78, 86, 94)",0.3788168838827952
1.2054628274299417,79.83193277310924,0.8530776382765505,0.8142179234105421,1.5654109589041096,"(5, 1, 3, 4)","(70, 76, 82, 88)",0.3633867087192185
1.1879666874875772,81.5126050420168,0.8404013624566665,0.8265306426586481,1.5712328767123287,"(5, 1, 3, 4)","(64, 74, 84, 92)",0.32905439296386413
1.1815117114112672,79.83193277310924,0.8693437414678323,0.8382248886575343,1.5034246575342465,"(5, 1, 3, 5)","(70, 78, 86, 94)",0.3605538757285036
1.2076881534222028,81.5126050420168,0.854051850795809,0.8142179234105421,1.5787671232876712,"(5, 1, 3, 5)","(70, 76, 82, 88)",0.35884580354605455
1.1879666874875772,81.5126050420168,0.8415767063410455,0.8265306426586481,1.5866438356164383,"(5, 1, 3, 5)","(64, 74, 84, 92)",0.32041023202786073
1.1815117114112672,80.67226890756302,0.8701699746098308,0.8382248886575343,1.5205479452054795,"(5, 1, 3, 6)","(70, 78, 86, 94)",0.34869355086901327
1.2086661889424508,82.35294117647058,0.8553410432965567,0.8142179234105421,1.5917808219178082,"(5, 1, 3, 6)","(70, 76, 82, 88)",0.3526072174259007
1.1970339319806373,78.99159663865547,0.808236127936426,0.7927744664411102,1.584931506849315,"(5, 1, 4, 1)","(64, 72, 80, 88)",0.33684957926432146
1.1702947352682727,78.99159663865547,0.8617445537085241,0.8366890958003083,1.4181506849315069,"(5, 1, 4, 1)","(70, 78, 86, 94)",0.4072568607562294
1.1979606362200672,79.83193277310924,0.839820399356137,0.8118896706345694,1.5178082191780822,"(5, 1, 4, 1)","(70, 76, 82, 88)",0.3823049323826695
1.1724230949438692,78.15126050420169,0.8230476444876765,0.8068026560278756,1.526027397260274,"(5, 1, 4, 1)","(64, 74, 84, 92)",0.32778348778391797
1.1995423591786047,79.83193277310924,0.8157643482848814,0.802323761669257,1.597945205479452,"(5, 1, 4, 2)","(64, 72, 80, 88)",0.33371345292183613
1.1756684804061213,78.99159663865547,0.8635728367791912,0.8366890958003083,1.436986301369863,"(5, 1, 4, 2)","(70, 78, 86, 94)",0.40199997083532457
1.1979606362200672,79.83193277310924,0.8463307681299008,0.8118896706345694,1.5328767123287672,"(5, 1, 4, 2)","(70, 76, 82, 88)",0.3714942530607944
1.1747753626788755,79.83193277310924,0.8285354767408477,0.8162977857517699,1.542808219178082,"(5, 1, 4, 2)","(64, 74, 84, 92)",0.32198363345256564
1.1769059648713263,79.83193277310924,0.8643250203880306,0.8366890958003083,1.454109589041096,"(5, 1, 4, 3)","(70, 78, 86, 94)",0.3895666798071437
1.1979606362200672,79.83193277310924,0.848069382131125,0.8118896706345694,1.5482876712328768,"(5, 1, 4, 3)","(70, 76, 82, 88)",0.36105250328706817
1.1834462597778237,80.67226890756302,0.8350718582157265,0.8241006715420345,1.5551369863013698,"(5, 1, 4, 3)","(64, 74, 84, 92)",0.33045223846467936
1.1769059648713263,79.83193277310924,0.8636638271732757,0.8366890958003083,1.4726027397260273,"(5, 1, 4, 4)","(70, 78, 86, 94)",0.374322766249473
1.1979606362200672,79.83193277310924,0.8495522096082786,0.8118896706345694,1.5636986301369864,"(5, 1, 4, 4)","(70, 76, 82, 88)",0.35118168758359425
1.1834462597778237,81.5126050420168,0.8382566182837071,0.8241006715420345,1.5678082191780822,"(5, 1, 4, 4)","(64, 74, 84, 92)",0.323077851960944
1.1769059648713263,80.67226890756302,0.8652377722387583,0.8366890958003083,1.5,"(5, 1, 4, 5)","(70, 78, 86, 94)",0.3538119297426525
1.1979606362200672,80.67226890756302,0.8508829299223115,0.8118896706345694,1.5780821917808219,"(5, 1, 4, 5)","(70, 76, 82, 88)",0.34244375459869447
1.1834462597778237,81.5126050420168,0.8397733198360667,0.8241006715420345,1.5818493150684931,"(5, 1, 4, 5)","(64, 74, 84, 92)",0.31528138819967344
1.179955659308786,80.67226890756302,0.8676346940379985,0.8366890958003083,1.5178082191780822,"(5, 1, 4, 6)","(70, 78, 86, 94)",0.3475334161254335
1.200116896691487,80.67226890756302,0.8527647251457341,0.8118896706345694,1.5876712328767124,"(5, 1, 4, 6)","(70, 76, 82, 88)",0.34052525544239043
1.1834462597778237,80.67226890756302,0.8416472460028206,0.8241006715420345,1.595890410958904,"(5, 1, 4, 6)","(64, 74, 84, 92)",0.3078523439949685
1.1923662678554627,78.99159663865547,0.8081713669827439,0.7909723358182962,1.6,"(5, 1, 5, 1)","(64, 72, 80, 88)",0.3206104464257712
1.170296815894829,78.15126050420169,0.8563014726251452,0.8344763241710348,1.4301369863013698,"(5, 1, 5, 1)","(70, 78, 86, 94)",0.3959129796281058
1.191653005392099,79.83193277310924,0.8356632440509927,0.8108753666552068,1.527054794520548,"(5, 1, 5, 1)","(70, 76, 82, 88)",0.3636301336874134
1.1712181300657578,78.15126050420169,0.8221829237794368,0.8060237144654476,1.534931506849315,"(5, 1, 5, 1)","(64, 74, 84, 92)",0.32007486542382385
1.1724587125503627,78.99159663865547,0.861607857971263,0.8344763241710348,1.4393835616438355,"(5, 1, 5, 2)","(70, 78, 86, 94)",0.392501512585393
1.191653005392099,79.83193277310924,0.8414578097565617,0.8108753666552068,1.5407534246575343,"(5, 1, 5, 2)","(70, 76, 82, 88)",0.35441847735587667
1.173650925678565,79.83193277310924,0.8273799793039702,0.8134682255668589,1.5404109589041095,"(5, 1, 5, 2)","(64, 74, 84, 92)",0.3213312439679403
1.1724587125503627,79.83193277310924,0.8613259674149073,0.8344763241710348,1.4554794520547945,"(5, 1, 5, 3)","(70, 78, 86, 94)",0.3786311583812475
1.191653005392099,79.83193277310924,0.845017759342295,0.8108753666552068,1.55,"(5, 1, 5, 3)","(70, 76, 82, 88)",0.3484600098038165
1.1757969734823004,80.67226890756302,0.8323347570235196,0.8218613222098826,1.5585616438356165,"(5, 1, 5, 3)","(64, 74, 84, 92)",0.31473155277027415
1.1724587125503627,79.83193277310924,0.8610590694407567,0.8344763241710348,1.4756849315068492,"(5, 1, 5, 4)","(70, 78, 86, 94)",0.36254819341040984
1.191653005392099,79.83193277310924,0.8471890794743815,0.8108753666552068,1.566095890410959,"(5, 1, 5, 4)","(70, 76, 82, 88)",0.338552193433109
1.1786706970889198,80.67226890756302,0.8356645438591284,0.8257430402662811,1.5654109589041096,"(5, 1, 5, 4)","(64, 74, 84, 92)",0.3160014751663512
1.1724587125503627,80.67226890756302,0.8620443669092275,0.8344763241710348,1.498972602739726,"(5, 1, 5, 5)","(70, 78, 86, 94)",0.34562761883806387
1.1921694565455667,80.67226890756302,0.847286483074826,0.8108753666552068,1.5736301369863013,"(5, 1, 5, 5)","(70, 76, 82, 88)",0.3350058585749582
1.1786706970889198,80.67226890756302,0.8383205118081084,0.8275604725477486,1.579109589041096,"(5, 1, 5, 5)","(64, 74, 84, 92)",0.3085265733291814
1.1724587125503627,80.67226890756302,0.8653512238857037,0.8344763241710348,1.515068493150685,"(5, 1, 5, 6)","(70, 78, 86, 94)",0.33482675574937437
1.1932697768612703,80.67226890756302,0.8510402463159819,0.8108753666552068,1.5866438356164383,"(5, 1, 5, 6)","(70, 76, 82, 88)",0.3294499407092291
1.1786706970889198,80.67226890756302,0.8395149234903266,0.8275604725477486,1.5917808219178082,"(5, 1, 5, 6)","(64, 74, 84, 92)",0.3019203909141469
1.169189404762376,78.15126050420169,0.8537860885599721,0.8322571435274443,1.4397260273972603,"(5, 1, 6, 1)","(70, 78, 86, 94)",0.3847609516402945
1.1866223396634275,78.99159663865547,0.8331232240065579,0.8091648919788912,1.539041095890411,"(5, 1, 6, 1)","(70, 76, 82, 88)",0.34621171017611696
1.1694263549868131,78.15126050420169,0.8205516653541349,0.8043595517784838,1.5342465753424657,"(5, 1, 6, 1)","(64, 74, 84, 92)",0.31713138241121436
1.169189404762376,79.83193277310924,0.8587552683250597,0.8322571435274443,1.4438356164383561,"(5, 1, 6, 2)","(70, 78, 86, 94)",0.3811983502362178
1.1872380851684836,79.83193277310924,0.835719615514903,0.8091648919788912,1.5486301369863014,"(5, 1, 6, 2)","(70, 76, 82, 88)",0.3412829018052261
1.1721956448057786,78.99159663865547,0.8262597581156521,0.8109596937763673,1.5445205479452055,"(5, 1, 6, 2)","(64, 74, 84, 92)",0.31623351121564375
1.169189404762376,79.83193277310924,0.8589315524552339,0.8322571435274443,1.4565068493150686,"(5, 1, 6, 3)","(70, 78, 86, 94)",0.3706174507923017
1.1889694611816044,79.83193277310924,0.8432204593595956,0.8091648919788912,1.5513698630136987,"(5, 1, 6, 3)","(70, 76, 82, 88)",0.342727221521916
1.1743546433489875,79.83193277310924,0.8295576832921508,0.8171811378310277,1.5595890410958904,"(5, 1, 6, 3)","(64, 74, 84, 92)",0.3115762292405408
1.169189404762376,79.83193277310924,0.8590641327994232,0.8322571435274443,1.4746575342465753,"(5, 1, 6, 4)","(70, 78, 86, 94)",0.35644521061048934
1.1892899330055753,79.83193277310924,0.8453137316409152,0.8091648919788912,1.5613013698630136,"(5, 1, 6, 4)","(70, 76, 82, 88)",0.3372340478195729
1.1754333047613807,80.67226890756302,0.8338093044450521,0.8239687983124347,1.5688356164383561,"(5, 1, 6, 4)","(64, 74, 84, 92)",0.3084077362451727
1.169189404762376,79.83193277310924,0.8592571012567244,0.8322571435274443,1.4986301369863013,"(5, 1, 6, 5)","(70, 78, 86, 94)",0.33930842163883124
1.1904262336163605,79.83193277310924,0.8461027993702054,0.8091648919788912,1.5753424657534247,"(5, 1, 6, 5)","(70, 76, 82, 88)",0.33097892985700744
1.1754333047613807,80.67226890756302,0.8356838861086182,0.8266444564817715,1.5794520547945206,"(5, 1, 6, 5)","(64, 74, 84, 92)",0.30275723989552705
1.1698821493420657,80.67226890756302,0.8633913978985065,0.8322571435274443,1.5116438356164383,"(5, 1, 6, 6)","(70, 78, 86, 94)",0.3320320455681605
1.1923478265665224,80.67226890756302,0.8486216182083968,0.8091648919788912,1.5832191780821918,"(5, 1, 6, 6)","(70, 76, 82, 88)",0.3298036720929215
1.1766551954714666,80.67226890756302,0.838393466651155,0.8296602870583546,1.5917808219178082,"(5, 1, 6, 6)","(64, 74, 84, 92)",0.2985145664216912
1.1991809004188845,78.99159663865547,0.8190975108467279,0.8047730660581799,1.553082191780822,"(5, 2, 1, 1)","(64, 72, 80, 88)",0.36012893450349387
1.1686523257740402,79.83193277310924,0.8675840153602565,0.8467272463162214,1.3722602739726026,"(5, 2, 1, 1)","(70, 78, 86, 94)",0.45304948597994255
1.200572572626211,79.83193277310924,0.848242076311472,0.8189839525249445,1.489041095890411,"(5, 2, 1, 1)","(70, 76, 82, 88)",0.41013439220485737
1.1761278914286255,78.99159663865547,0.8343343389109273,0.8193699987102605,1.4726027397260273,"(5, 2, 1, 1)","(64, 74, 84, 92)",0.37267640795042506
1.2017104919006967,81.5126050420168,0.8239093670272214,0.8109798439243283,1.5784246575342467,"(5, 2, 1, 2)","(64, 72, 80, 88)",0.34872388179398117
1.1769641822671673,79.83193277310924,0.8672365977820096,0.8467272463162214,1.3996575342465754,"(5, 2, 1, 2)","(70, 78, 86, 94)",0.4427895563154485
1.2044729853610048,79.83193277310924,0.8520323049843359,0.8189839525249445,1.5157534246575342,"(5, 2, 1, 2)","(70, 76, 82, 88)",0.3964549251355472
1.178323974672047,79.83193277310924,0.8397794266556128,0.826358719688315,1.5071917808219177,"(5, 2, 1, 2)","(64, 74, 84, 92)",0.35159082109546086
1.1795446044445226,79.83193277310924,0.867535275453303,0.8467272463162214,1.4311643835616439,"(5, 2, 1, 3)","(70, 78, 86, 94)",0.4164179864797505
1.2055044900649297,79.83193277310924,0.853616688195463,0.8189839525249445,1.5407534246575343,"(5, 2, 1, 3)","(70, 76, 82, 88)",0.38003363583888194
1.1859517517556961,81.5126050420168,0.8435795226270467,0.8285988016713115,1.5438356164383562,"(5, 2, 1, 3)","(64, 74, 84, 92)",0.3419263949160155
1.1808352777454179,79.83193277310924,0.87116405898238,0.8467272463162214,1.45,"(5, 2, 1, 4)","(70, 78, 86, 94)",0.4018561727675953
1.2055044900649297,81.5126050420168,0.8567166956267097,0.8189839525249445,1.5568493150684932,"(5, 2, 1, 4)","(70, 76, 82, 88)",0.36904865374513807
1.1883756864136614,81.5126050420168,0.844746827438406,0.8285988016713115,1.5678082191780822,"(5, 2, 1, 4)","(64, 74, 84, 92)",0.3317593512230949
1.1850957771123551,79.83193277310924,0.8735423645623922,0.8467272463162214,1.4753424657534246,"(5, 2, 1, 5)","(70, 78, 86, 94)",0.38939457432858576
1.2055044900649297,82.35294117647058,0.8587583008302242,0.8189839525249445,1.5763698630136986,"(5, 2, 1, 5)","(70, 76, 82, 88)",0.35654967973237944
1.1883756864136614,81.5126050420168,0.8440184442265611,0.8285988016713115,1.5945205479452054,"(5, 2, 1, 5)","(64, 74, 84, 92)",0.3168531130921034
1.1850957771123551,81.5126050420168,0.8733004597574154,0.8467272463162214,1.5023972602739726,"(5, 2, 1, 6)","(70, 78, 86, 94)",0.36842513235724406
1.1979251147786076,79.83193277310924,0.8113855877905345,0.7966955494947915,1.5623287671232877,"(5, 2, 2, 1)","(64, 72, 80, 88)",0.35197401653686616
1.1667888223009153,78.99159663865547,0.8644153368168488,0.8389192942244791,1.3897260273972603,"(5, 2, 2, 1)","(70, 78, 86, 94)",0.42796428920797247
1.1966579232631631,79.83193277310924,0.8443602817555425,0.8143006292766493,1.4993150684931507,"(5, 2, 2, 1)","(70, 76, 82, 88)",0.39385537443651325
1.1739150307192299,78.15126050420169,0.828240872093539,0.8125231669744843,1.4804794520547946,"(5, 2, 2, 1)","(64, 74, 84, 92)",0.3619614324306138
1.200760830090607,80.67226890756302,0.8190543189610948,0.8055456844700604,1.5767123287671232,"(5, 2, 2, 2)","(64, 72, 80, 88)",0.3481126032449955
1.1719950899712248,79.83193277310924,0.8653948658392183,0.8389192942244791,1.4109589041095891,"(5, 2, 2, 2)","(70, 78, 86, 94)",0.418521385596647
1.1966579232631631,79.83193277310924,0.8494204612952324,0.8143006292766493,1.5133561643835616,"(5, 2, 2, 2)","(70, 76, 82, 88)",0.38308281249395354
1.1767912643546454,80.67226890756302,0.8341011613789769,0.8207350111697738,1.5092465753424658,"(5, 2, 2, 2)","(64, 74, 84, 92)",0.3471624020952015
1.200760830090607,80.67226890756302,0.8227018422077573,0.8101934089998599,1.597945205479452,"(5, 2, 2, 3)","(64, 72, 80, 88)",0.33575121641728084
1.176328161045463,79.83193277310924,0.8662455987867715,0.8389192942244791,1.4321917808219178,"(5, 2, 2, 3)","(70, 78, 86, 94)",0.40798591937619016
1.1966579232631631,79.83193277310924,0.8517071420452388,0.8143006292766493,1.539041095890411,"(5, 2, 2, 3)","(70, 76, 82, 88)",0.36482918419849825
1.177639227837023,81.5126050420168,0.8397562577890898,0.8273523356566546,1.5455479452054794,"(5, 2, 2, 3)","(64, 74, 84, 92)",0.32561616150916944
1.1785414682901174,79.83193277310924,0.8664060557894337,0.8389192942244791,1.4517123287671232,"(5, 2, 2, 4)","(70, 78, 86, 94)",0.39525480470594615
1.1966579232631631,80.67226890756302,0.8524405727762249,0.8143006292766493,1.558904109589041,"(5, 2, 2, 4)","(70, 76, 82, 88)",0.3518634411326203
1.179430954440637,81.5126050420168,0.8406970011090447,0.8273523356566546,1.5623287671232877,"(5, 2, 2, 4)","(64, 74, 84, 92)",0.3190854975436418
1.1785414682901174,80.67226890756302,0.8692408267637585,0.8389192942244791,1.4712328767123288,"(5, 2, 2, 5)","(70, 78, 86, 94)",0.37888160422030726
1.1966579232631631,80.67226890756302,0.8551816100805394,0.8143006292766493,1.5705479452054794,"(5, 2, 2, 5)","(70, 76, 82, 88)",0.3446825545788934
1.182263859124497,81.5126050420168,0.841962411473868,0.8273523356566546,1.5808219178082192,"(5, 2, 2, 5)","(64, 74, 84, 92)",0.31380334236057256
1.179674341449979,80.67226890756302,0.8714875682679453,0.8389192942244791,1.4955479452054794,"(5, 2, 2, 6)","(70, 78, 86, 94)",0.36257710921488523
1.1966579232631631,81.5126050420168,0.856342007555012,0.8143006292766493,1.5842465753424657,"(5, 2, 2, 6)","(70, 76, 82, 88)",0.33660090030975165
1.1856347275969363,78.99159663865547,0.8075531377450367,0.7922555805983782,1.5732876712328767,"(5, 2, 3, 1)","(64, 72, 80, 88)",0.3238072906708806
1.1662514050382415,78.15126050420169,0.8607063606668655,0.835316007726992,1.4044520547945205,"(5, 2, 3, 1)","(70, 78, 86, 94)",0.4110534315932814
1.1892773165981145,79.83193277310924,0.8399909573948124,0.8121980768122381,1.5102739726027397,"(5, 2, 3, 1)","(70, 76, 82, 88)",0.3709327278298621
1.1718176860778313,78.15126050420169,0.8239725277140301,0.8078336365530866,1.4904109589041097,"(5, 2, 3, 1)","(64, 74, 84, 92)",0.35035449954418113
1.192639636371143,80.67226890756302,0.8142715658448825,0.8008861794669099,1.584931506849315,"(5, 2, 3, 2)","(64, 72, 80, 88)",0.3293370832574574
1.1712837128184999,78.99159663865547,0.8620886823886029,0.835316007726992,1.4226027397260275,"(5, 2, 3, 2)","(70, 78, 86, 94)",0.4053066786304858
1.1892773165981145,79.83193277310924,0.8438491373926149,0.8121980768122381,1.5229452054794521,"(5, 2, 3, 2)","(70, 76, 82, 88)",0.3619448359309066
1.1750325013646368,78.99159663865547,0.8287649884112173,0.8150318896701136,1.5246575342465754,"(5, 2, 3, 2)","(64, 74, 84, 92)",0.3336128616088377
1.192639636371143,80.67226890756302,0.8185081698592129,0.8063690654396531,1.5993150684931507,"(5, 2, 3, 3)","(64, 72, 80, 88)",0.3214329932592784
1.1734890783786849,79.83193277310924,0.8636076205033381,0.835316007726992,1.4352739726027397,"(5, 2, 3, 3)","(70, 78, 86, 94)",0.39857443655842634
1.1897215100116365,79.83193277310924,0.8476778509231574,0.8121980768122381,1.5393835616438356,"(5, 2, 3, 3)","(70, 76, 82, 88)",0.35173765665649437
1.1762278982168948,80.67226890756302,0.8351938083036444,0.8237379921555906,1.5476027397260275,"(5, 2, 3, 3)","(64, 74, 84, 92)",0.3218170499020217
1.1734890783786849,79.83193277310924,0.8640420617704694,0.835316007726992,1.446917808219178,"(5, 2, 3, 4)","(70, 78, 86, 94)",0.3881901217362145
1.1900749892513112,79.83193277310924,0.8495599540252058,0.8121980768122381,1.5561643835616439,"(5, 2, 3, 4)","(70, 76, 82, 88)",0.3417604486538353
1.1766953809148808,80.67226890756302,0.836938588232189,0.825386557284287,1.5647260273972603,"(5, 2, 3, 4)","(64, 74, 84, 92)",0.3128869085939672
1.1743143735034007,80.67226890756302,0.8656483006228788,0.835316007726992,1.4684931506849315,"(5, 2, 3, 5)","(70, 78, 86, 94)",0.3720745399341595
1.191628120997171,80.67226890756302,0.8507714338872313,0.8121980768122381,1.5702054794520548,"(5, 2, 3, 5)","(70, 76, 82, 88)",0.3360685365235673
1.1767397903384473,80.67226890756302,0.8389793422727069,0.825386557284287,1.5767123287671232,"(5, 2, 3, 5)","(64, 74, 84, 92)",0.3064609191141724
1.1734890783786849,80.67226890756302,0.868450403823042,0.835316007726992,1.496917808219178,"(5, 2, 3, 6)","(70, 78, 86, 94)",0.349130330024645
1.193409871947055,80.67226890756302,0.853618409910061,0.8121980768122381,1.582191780821918,"(5, 2, 3, 6)","(70, 76, 82, 88)",0.3322098976972943
1.1770302917031716,80.67226890756302,0.8413880940223549,0.825386557284287,1.5924657534246576,"(5, 2, 3, 6)","(64, 74, 84, 92)",0.29880257327934173
1.1770897843530757,78.99159663865547,0.8067086540511862,0.7895270975822549,1.5863013698630137,"(5, 2, 4, 1)","(64, 72, 80, 88)",0.3020456602283767
1.167340850645871,78.15126050420169,0.8571541948099143,0.8348229665362024,1.4160958904109588,"(5, 2, 4, 1)","(70, 78, 86, 94)",0.40216895793081736
1.1847502764892972,79.83193277310924,0.8346836986418609,0.8086424759275685,1.5229452054794521,"(5, 2, 4, 1)","(70, 76, 82, 88)",0.3532880205296318
1.1705600029625514,78.15126050420169,0.8213783902037951,0.8052823252006861,1.5047945205479452,"(5, 2, 4, 1)","(64, 74, 84, 92)",0.33788006014291044
1.1873680605893995,78.99159663865547,0.810649331777085,0.7966849597568315,1.5976027397260273,"(5, 2, 4, 2)","(64, 72, 80, 88)",0.3135328005278204
1.1687417106900198,78.99159663865547,0.8602076204624248,0.8348229665362024,1.4263698630136987,"(5, 2, 4, 2)","(70, 78, 86, 94)",0.3957636909356286
1.1879509901076193,79.83193277310924,0.8388625014060488,0.8086424759275685,1.5311643835616437,"(5, 2, 4, 2)","(70, 76, 82, 88)",0.3538471251542543
1.1737343346538966,78.99159663865547,0.8259961228824076,0.8121712015792275,1.529109589041096,"(5, 2, 4, 2)","(64, 74, 84, 92)",0.3283522700254875
1.1687417106900198,78.99159663865547,0.8613632679624119,0.8348229665362024,1.4376712328767123,"(5, 2, 4, 3)","(70, 78, 86, 94)",0.38554444070020166
1.1890596262676882,79.83193277310924,0.8446391819303771,0.8086424759275685,1.5410958904109588,"(5, 2, 4, 3)","(70, 76, 82, 88)",0.3494013346212973
1.174476598366707,79.83193277310924,0.8305284402147408,0.8192236064921906,1.5493150684931507,"(5, 2, 4, 3)","(64, 74, 84, 92)",0.31762572769999015
1.1696588070668201,78.99159663865547,0.8618815679022659,0.8348229665362024,1.4472602739726028,"(5, 2, 4, 4)","(70, 78, 86, 94)",0.3793290326455702
1.1895284344100212,79.83193277310924,0.8469359524825515,0.8086424759275685,1.5575342465753426,"(5, 2, 4, 4)","(70, 76, 82, 88)",0.33994043518259326
1.174476598366707,80.67226890756302,0.835453947523579,0.8253823444262132,1.5599315068493151,"(5, 2, 4, 4)","(64, 74, 84, 92)",0.3116034661961983
1.1719111484844265,79.83193277310924,0.8620525623219724,0.8348229665362024,1.4647260273972602,"(5, 2, 4, 5)","(70, 78, 86, 94)",0.3699193467756266
1.1894940979821336,80.67226890756302,0.8486524140117961,0.8086424759275685,1.5702054794520548,"(5, 2, 4, 5)","(70, 76, 82, 88)",0.3323259856503484
1.174476598366707,80.67226890756302,0.8369954484844683,0.826047064960994,1.5773972602739725,"(5, 2, 4, 5)","(64, 74, 84, 92)",0.3021777385710464
1.16965199597688,80.67226890756302,0.8647271140325861,0.8348229665362024,1.4955479452054794,"(5, 2, 4, 6)","(70, 78, 86, 94)",0.34235233465963366
1.1912945985531398,80.67226890756302,0.8510486887317008,0.8086424759275685,1.582191780821918,"(5, 2, 4, 6)","(70, 76, 82, 88)",0.3285766045736283
1.1745045522539719,80.67226890756302,0.839763941872762,0.826047064960994,1.5873287671232876,"(5, 2, 4, 6)","(64, 74, 84, 92)",0.29711562249655854
1.1747348630319694,78.15126050420169,0.8025854243387833,0.7852407041054935,1.5996575342465753,"(5, 2, 5, 1)","(64, 72, 80, 88)",0.2913910908357228
1.1655229057049168,78.15126050420169,0.8552456124111645,0.8337538215833142,1.4253424657534246,"(5, 2, 5, 1)","(70, 78, 86, 94)",0.3891520810453761
1.1803257731911012,78.99159663865547,0.8318449747608848,0.8096973972205557,1.5342465753424657,"(5, 2, 5, 1)","(70, 76, 82, 88)",0.3375328575115485
1.1695326668551775,78.15126050420169,0.8192283321147559,0.8030748148946953,1.5184931506849315,"(5, 2, 5, 1)","(64, 74, 84, 92)",0.3269718541724692
1.1655229057049168,78.99159663865547,0.8582986534457395,0.8337538215833142,1.4328767123287671,"(5, 2, 5, 2)","(70, 78, 86, 94)",0.3823788644449027
1.1870690622877618,79.83193277310924,0.8354073122063531,0.8096973972205557,1.5393835616438356,"(5, 2, 5, 2)","(70, 76, 82, 88)",0.34682010278112024
1.1706460221952393,78.99159663865547,0.8247646721939258,0.8092259549684001,1.5386986301369863,"(5, 2, 5, 2)","(64, 74, 84, 92)",0.31677456122701764
1.1655229057049168,78.99159663865547,0.8586091710536069,0.8337538215833142,1.4421232876712329,"(5, 2, 5, 3)","(70, 78, 86, 94)",0.37438178517301085
1.1882020204612296,79.83193277310924,0.8414451037788877,0.8096973972205557,1.5452054794520549,"(5, 2, 5, 3)","(70, 76, 82, 88)",0.3451946606449688
1.1706460221952393,78.99159663865547,0.8276698776622274,0.8154125676030961,1.5517123287671233,"(5, 2, 5, 3)","(64, 74, 84, 92)",0.3093025355742388
1.1662579303377056,78.99159663865547,0.8598236332821926,0.8337538215833142,1.4482876712328767,"(5, 2, 5, 4)","(70, 78, 86, 94)",0.37087330526058093
1.1891335648043524,79.83193277310924,0.8449669312807864,0.8096973972205557,1.5544520547945206,"(5, 2, 5, 4)","(70, 76, 82, 88)",0.3411179797583131
1.1706460221952393,79.83193277310924,0.8339178496834848,0.8239894042707363,1.5636986301369864,"(5, 2, 5, 4)","(64, 74, 84, 92)",0.3027256286817124
1.1685031941958315,79.83193277310924,0.8597657809550951,0.8337538215833142,1.466095890410959,"(5, 2, 5, 5)","(70, 78, 86, 94)",0.3615204460336723
1.1891221280750535,80.67226890756302,0.8466559459745668,0.8096973972205557,1.5695205479452055,"(5, 2, 5, 5)","(70, 76, 82, 88)",0.33207252794898146
1.1706460221952393,80.67226890756302,0.8347501140179654,0.8258545475269506,1.575,"(5, 2, 5, 5)","(64, 74, 84, 92)",0.2967756907743292
1.1665449022553078,79.83193277310924,0.8620441951832598,0.8337538215833142,1.4934931506849316,"(5, 2, 5, 6)","(70, 78, 86, 94)",0.3374816895111025
1.190326489739268,80.67226890756302,0.8482875004197332,0.8096973972205557,1.5794520547945206,"(5, 2, 5, 6)","(70, 76, 82, 88)",0.32845942673679823
1.1706460221952393,80.67226890756302,0.8377151094683861,0.8277614894553986,1.585958904109589,"(5, 2, 5, 6)","(64, 74, 84, 92)",0.29122523951496126
1.1619210309197072,78.15126050420169,0.8528693993766345,0.833325314121413,1.4297945205479452,"(5, 2, 6, 1)","(70, 78, 86, 94)",0.3767405659645778
1.1767204484788951,78.15126050420169,0.8285329512992524,0.8097549779126018,1.542123287671233,"(5, 2, 6, 1)","(70, 76, 82, 88)",0.3259783383186189
1.1680640436793788,78.15126050420169,0.8165450514195682,0.800525397800884,1.5284246575342466,"(5, 2, 6, 1)","(64, 74, 84, 92)",0.31804731532325725
1.1619210309197072,78.99159663865547,0.8553147531772642,0.833325314121413,1.4400684931506849,"(5, 2, 6, 2)","(70, 78, 86, 94)",0.36794506637007407
1.18314239139585,78.99159663865547,0.8329308446808494,0.8097549779126018,1.54486301369863,"(5, 2, 6, 2)","(70, 76, 82, 88)",0.33612557063223275
1.1694890296178049,78.15126050420169,0.822337048340589,0.8070067803909887,1.5438356164383562,"(5, 2, 6, 2)","(64, 74, 84, 92)",0.3116548907329913
1.1619210309197072,78.99159663865547,0.8569168428607747,0.833325314121413,1.444178082191781,"(5, 2, 6, 3)","(70, 78, 86, 94)",0.36454079436048187
1.187693614349469,79.83193277310924,0.8382865169861069,0.8097549779126018,1.5496575342465753,"(5, 2, 6, 3)","(70, 76, 82, 88)",0.34147374074794357
1.1694890296178049,78.99159663865547,0.8283543464158293,0.8136473776711998,1.5520547945205478,"(5, 2, 6, 3)","(64, 74, 84, 92)",0.3070148675458997
1.1645572524482057,78.99159663865547,0.8574897542931648,0.833325314121413,1.451027397260274,"(5, 2, 6, 4)","(70, 78, 86, 94)",0.3648497928236603
1.1886316533694865,79.83193277310924,0.8424120365973495,0.8097549779126018,1.5565068493150684,"(5, 2, 6, 4)","(70, 76, 82, 88)",0.33895657097778503
1.1694890296178049,78.99159663865547,0.8302180213986184,0.8196631856768877,1.5667808219178083,"(5, 2, 6, 4)","(64, 74, 84, 92)",0.29903804621389135
1.166886961039768,79.83193277310924,0.8579824901187445,0.833325314121413,1.4657534246575343,"(5, 2, 6, 5)","(70, 78, 86, 94)",0.35831612223244313
1.1889038575600488,79.83193277310924,0.8453855404601839,0.8097549779126018,1.5664383561643835,"(5, 2, 6, 5)","(70, 76, 82, 88)",0.3334941137093969
1.1694890296178049,79.83193277310924,0.8335679847820441,0.8246666320638333,1.5756849315068493,"(5, 2, 6, 5)","(64, 74, 84, 92)",0.29441282955621073
1.16462070624048,79.83193277310924,0.8594865736324426,0.833325314121413,1.489041095890411,"(5, 2, 6, 6)","(70, 78, 86, 94)",0.3366193713040629
1.188863687389398,80.67226890756302,0.8467179441416337,0.8097549779126018,1.5784246575342467,"(5, 2, 6, 6)","(70, 76, 82, 88)",0.326513894124951
1.1694890296178049,79.83193277310924,0.8349746985200251,0.8262678205633417,1.5866438356164383,"(5, 2, 6, 6)","(64, 74, 84, 92)",0.2889129985312261
1.17884601429416,78.99159663865547,0.8114687595532263,0.7959626132914118,1.5517123287671233,"(5, 3, 1, 1)","(64, 72, 80, 88)",0.32416533937861386
1.16133191075717,78.99159663865547,0.8620932509393062,0.8405505907561313,1.3736301369863013,"(5, 3, 1, 1)","(70, 78, 86, 94)",0.4317957648129574
1.1854600258065404,78.15126050420169,0.8428753082547201,0.8149191906742136,1.486986301369863,"(5, 3, 1, 1)","(70, 76, 82, 88)",0.3808321205028819
1.1735007844185448,78.15126050420169,0.8290834785614956,0.8135031797183667,1.4688356164383563,"(5, 3, 1, 1)","(64, 74, 84, 92)",0.37006741453772873
1.1944688947542652,80.67226890756302,0.817974027008589,0.8049308295441508,1.5650684931506849,"(5, 3, 1, 2)","(64, 72, 80, 88)",0.3441510137469421
1.1688449527372462,78.99159663865547,0.8635603108949128,0.8405505907561313,1.395890410958904,"(5, 3, 1, 2)","(70, 78, 86, 94)",0.4264941712740129
1.1892268230468177,78.99159663865547,0.8476632387065609,0.8149191906742136,1.5047945205479452,"(5, 3, 1, 2)","(70, 76, 82, 88)",0.3748591067141844
1.1755392861291982,78.99159663865547,0.8347002371091249,0.8208807946369318,1.4904109589041097,"(5, 3, 1, 2)","(64, 74, 84, 92)",0.35794323707909126
1.1944688947542652,80.67226890756302,0.8229455240218035,0.8110323725592599,1.5921232876712328,"(5, 3, 1, 3)","(64, 72, 80, 88)",0.32842635782675217
1.174225651983062,78.99159663865547,0.8652201295891268,0.8405505907561313,1.4236301369863014,"(5, 3, 1, 3)","(70, 78, 86, 94)",0.41126831349275766
1.1904475797782117,78.99159663865547,0.8517720230302206,0.8149191906742136,1.5263698630136986,"(5, 3, 1, 3)","(70, 76, 82, 88)",0.3618132289865831
1.177266804691565,81.5126050420168,0.8392736699905851,0.8260135605623207,1.5198630136986302,"(5, 3, 1, 3)","(64, 74, 84, 92)",0.3409875294462253
1.1778250638504422,79.83193277310924,0.8658656427436556,0.8405505907561313,1.441095890410959,"(5, 3, 1, 4)","(70, 78, 86, 94)",0.4031437782944806
1.1905165569266773,79.83193277310924,0.8524326506286829,0.8149191906742136,1.5503424657534246,"(5, 3, 1, 4)","(70, 76, 82, 88)",0.34617818682383195
1.177730276580418,81.5126050420168,0.8408359102105888,0.8260135605623207,1.5407534246575343,"(5, 3, 1, 4)","(64, 74, 84, 92)",0.3286715691037497
1.1783933297313882,79.83193277310924,0.869565333307784,0.8405505907561313,1.4585616438356164,"(5, 3, 1, 5)","(70, 78, 86, 94)",0.389028023013931
1.1915274124958055,79.83193277310924,0.8554563608536518,0.8149191906742136,1.5636986301369864,"(5, 3, 1, 5)","(70, 76, 82, 88)",0.33976916433034754
1.1773019627370158,81.5126050420168,0.8417529305197299,0.8260135605623207,1.5708904109589041,"(5, 3, 1, 5)","(64, 74, 84, 92)",0.3105709245303456
1.178024498928418,80.67226890756302,0.8713454853964508,0.8405505907561313,1.4770547945205479,"(5, 3, 1, 6)","(70, 78, 86, 94)",0.3731741111780193
1.1926138924439487,80.67226890756302,0.8566055496995053,0.8149191906742136,1.58013698630137,"(5, 3, 1, 6)","(70, 76, 82, 88)",0.33201450173337077
1.1764192682405359,80.67226890756302,0.8427944750909626,0.8260135605623207,1.5921232876712328,"(5, 3, 1, 6)","(64, 74, 84, 92)",0.2979434721008472
1.1770696363572897,78.99159663865547,0.8070122198445719,0.7900090521441672,1.5616438356164384,"(5, 3, 2, 1)","(64, 72, 80, 88)",0.315270328148345
1.161640957793414,77.31092436974791,0.8588607294034927,0.8351885951359199,1.3897260273972603,"(5, 3, 2, 1)","(70, 78, 86, 94)",0.4147553574312554
1.1822485017445534,78.15126050420169,0.8379229114974455,0.811801203260497,1.501027397260274,"(5, 3, 2, 1)","(70, 76, 82, 88)",0.36374957285994264
1.1713719159609308,78.15126050420169,0.8248247183812908,0.809073095346384,1.4756849315068492,"(5, 3, 2, 1)","(64, 74, 84, 92)",0.3602634950366581
1.1807765550043523,80.67226890756302,0.8142641962434501,0.8006370975944493,1.573972602739726,"(5, 3, 2, 2)","(64, 72, 80, 88)",0.3149567664753632
1.166713571713057,78.15126050420169,0.8620519980844369,0.8351885951359199,1.413013698630137,"(5, 3, 2, 2)","(70, 78, 86, 94)",0.40365143399844655
1.1822485017445534,78.15126050420169,0.8427970764863395,0.811801203260497,1.513013698630137,"(5, 3, 2, 2)","(70, 76, 82, 88)",0.3552507510641495
1.1739961211282623,78.99159663865547,0.8295300847949313,0.8157614898383264,1.5034246575342465,"(5, 3, 2, 2)","(64, 74, 84, 92)",0.3456249480915144
1.1853049323880618,80.67226890756302,0.8178195188129233,0.8062199423307571,1.593150684931507,"(5, 3, 2, 3)","(64, 72, 80, 88)",0.31240785367964224
1.1690091345939766,78.15126050420169,0.8625281461511554,0.8351885951359199,1.4246575342465753,"(5, 3, 2, 3)","(70, 78, 86, 94)",0.3979892524309772
1.1891960760395124,79.83193277310924,0.8467339760166808,0.811801203260497,1.5263698630136986,"(5, 3, 2, 3)","(70, 76, 82, 88)",0.35943561615834496
1.1740087519514695,79.83193277310924,0.8348419025164514,0.822026616988902,1.521917808219178,"(5, 3, 2, 3)","(64, 74, 84, 92)",0.33340259560255314
1.173481279536086,78.15126050420169,0.8634462526605533,0.8351885951359199,1.4428082191780822,"(5, 3, 2, 4)","(70, 78, 86, 94)",0.3917752020459174
1.1897826765087158,79.83193277310924,0.849375853359781,0.811801203260497,1.5493150684931507,"(5, 3, 2, 4)","(70, 76, 82, 88)",0.34548966047721336
1.1740087519514695,80.67226890756302,0.8375939226648726,0.8245986966761603,1.5452054794520549,"(5, 3, 2, 4)","(64, 74, 84, 92)",0.3191617812175193
1.175562925427883,78.99159663865547,0.8650972340221773,0.8351885951359199,1.4575342465753425,"(5, 3, 2, 5)","(70, 78, 86, 94)",0.38371537593519334
1.1904022936473961,79.83193277310924,0.8510189964518035,0.811801203260497,1.5647260273972603,"(5, 3, 2, 5)","(70, 76, 82, 88)",0.33715870069763293
1.1740087519514695,80.67226890756302,0.8385838170580057,0.8245986966761603,1.5681506849315068,"(5, 3, 2, 5)","(64, 74, 84, 92)",0.3062721854721464
1.1748745861043732,78.99159663865547,0.868391707296577,0.8351885951359199,1.4732876712328766,"(5, 3, 2, 6)","(70, 78, 86, 94)",0.36948899524223583
1.1918846510002743,80.67226890756302,0.8532833835134719,0.811801203260497,1.5756849315068493,"(5, 3, 2, 6)","(70, 76, 82, 88)",0.33331539614562816
1.1740087519514695,80.67226890756302,0.8409666983270959,0.8245986966761603,1.582876712328767,"(5, 3, 2, 6)","(64, 74, 84, 92)",0.29853440405304993
1.1756391042727892,78.15126050420169,0.8032072862367197,0.7858068753238746,1.575,"(5, 3, 3, 1)","(64, 72, 80, 88)",0.3054593117787638
1.1628834459165316,78.15126050420169,0.8560915310470805,0.8343299072667,1.4054794520547946,"(5, 3, 3, 1)","(70, 78, 86, 94)",0.4017057956725271
1.1772442958889924,78.15126050420169,0.8344534623640554,0.8096879490006703,1.5147260273972603,"(5, 3, 3, 1)","(70, 76, 82, 88)",0.34434686892605304
1.169793536457748,78.15126050420169,0.8215052607566051,0.8053512758769952,1.485958904109589,"(5, 3, 3, 1)","(64, 74, 84, 92)",0.34939896156210315
1.1790925634020064,78.99159663865547,0.8083006826369344,0.7943130236975849,1.586986301369863,"(5, 3, 3, 2)","(64, 72, 80, 88)",0.30510518385872737
1.1628834459165316,78.99159663865547,0.8587686791951212,0.8343299072667,1.4191780821917808,"(5, 3, 3, 2)","(70, 78, 86, 94)",0.38857815529107215
1.1772442958889924,78.15126050420169,0.8383993066897315,0.8096879490006703,1.523972602739726,"(5, 3, 3, 2)","(70, 76, 82, 88)",0.33827015947441685
1.1697985952749441,78.99159663865547,0.8257897788222645,0.81118787344236,1.5089041095890412,"(5, 3, 3, 2)","(64, 74, 84, 92)",0.3336553823706842
1.18235031611405,80.67226890756302,0.8141284673370449,0.8023801901033152,1.5972602739726027,"(5, 3, 3, 3)","(64, 72, 80, 88)",0.30531130909003795
1.1665692511056958,78.99159663865547,0.8600652646098835,0.8343299072667,1.4267123287671233,"(5, 3, 3, 3)","(70, 78, 86, 94)",0.39035490628301095
1.1853702560872827,78.99159663865547,0.843079561259499,0.8096879490006703,1.5332191780821918,"(5, 3, 3, 3)","(70, 76, 82, 88)",0.3476436401893806
1.1697985952749441,79.83193277310924,0.8305804207907229,0.8183937845322506,1.5267123287671234,"(5, 3, 3, 3)","(64, 74, 84, 92)",0.3223744461656936
1.1685017400999678,78.99159663865547,0.8628781904041459,0.8343299072667,1.4400684931506849,"(5, 3, 3, 4)","(70, 78, 86, 94)",0.3828988957913665
1.18929669111373,79.83193277310924,0.8484090127774907,0.8096879490006703,1.5465753424657533,"(5, 3, 3, 4)","(70, 76, 82, 88)",0.34633229201258864
1.1697985952749441,79.83193277310924,0.8358040016771848,0.8250081267163343,1.547945205479452,"(5, 3, 3, 4)","(64, 74, 84, 92)",0.30988243637677304
1.1735726174923442,79.83193277310924,0.8621729412037906,0.8343299072667,1.4534246575342467,"(5, 3, 3, 5)","(70, 78, 86, 94)",0.38280365791362914
1.1897461663039768,79.83193277310924,0.847963579283766,0.8096879490006703,1.564041095890411,"(5, 3, 3, 5)","(70, 76, 82, 88)",0.336404860721076
1.1697985952749441,80.67226890756302,0.8363007427949198,0.8258135335518155,1.5667808219178083,"(5, 3, 3, 5)","(64, 74, 84, 92)",0.2995842285213515
1.1714131784459678,79.83193277310924,0.8649521025289422,0.8343299072667,1.4756849315068492,"(5, 3, 3, 6)","(70, 78, 86, 94)",0.36035023834573515
1.1898200520750173,79.83193277310924,0.8502616341858403,0.8096879490006703,1.5756849315068493,"(5, 3, 3, 6)","(70, 76, 82, 88)",0.32972906130817997
1.1697985952749441,80.67226890756302,0.8390425148683596,0.8258135335518155,1.5811643835616438,"(5, 3, 3, 6)","(64, 74, 84, 92)",0.29216965126861333
1.1743576462982686,78.15126050420169,0.7992088881825805,0.7816731927881673,1.5993150684931507,"(5, 3, 4, 1)","(64, 72, 80, 88)",0.2909281869662538
1.1600067143552217,78.15126050420169,0.8529047729452949,0.8342434126175787,1.4136986301369863,"(5, 3, 4, 1)","(70, 78, 86, 94)",0.3867711969513638
1.1745829260835803,77.31092436974791,0.8298830751669339,0.8076786089249048,1.5243150684931508,"(5, 3, 4, 1)","(70, 76, 82, 88)",0.33297331428089766
1.1671359914435064,78.15126050420169,0.8186445167292604,0.8024339624713567,1.4993150684931507,"(5, 3, 4, 1)","(64, 74, 84, 92)",0.33473051784296215
1.1759029309086615,78.15126050420169,0.8064249129477141,0.7920171993268671,1.6,"(5, 3, 4, 2)","(64, 72, 80, 88)",0.2931715515144358
1.1600067143552217,78.99159663865547,0.8564244426408718,0.8349446313486779,1.426027397260274,"(5, 3, 4, 2)","(70, 78, 86, 94)",0.3755784613482697
1.1745829260835803,78.15126050420169,0.8362124241735124,0.8076786089249048,1.5345890410958904,"(5, 3, 4, 2)","(70, 76, 82, 88)",0.32657408338504446
1.1671359914435064,78.15126050420169,0.8252003341956994,0.8096061444406154,1.5126712328767122,"(5, 3, 4, 2)","(64, 74, 84, 92)",0.32601008351038
1.1635433955375176,78.99159663865547,0.857707860507474,0.8349446313486779,1.4321917808219178,"(5, 3, 4, 3)","(70, 78, 86, 94)",0.3784046869806272
1.1793079512990852,78.15126050420169,0.8401755033544382,0.8076786089249048,1.5407534246575343,"(5, 3, 4, 3)","(70, 76, 82, 88)",0.3315891182984982
1.1671359914435064,78.99159663865547,0.8272494577573412,0.8150901011120429,1.5297945205479453,"(5, 3, 4, 3)","(64, 74, 84, 92)",0.31547323530383886
1.1654914276214445,78.99159663865547,0.859547183688958,0.8349446313486779,1.4407534246575342,"(5, 3, 4, 4)","(70, 78, 86, 94)",0.37547394611858437
1.1879538248827206,78.99159663865547,0.8436098107812812,0.8076786089249048,1.5486301369863014,"(5, 3, 4, 4)","(70, 76, 82, 88)",0.342587496040914
1.1671359914435064,79.83193277310924,0.8316212766066884,0.8213065037485643,1.5496575342465753,"(5, 3, 4, 4)","(64, 74, 84, 92)",0.30407295639566284
1.1691666422035831,79.83193277310924,0.8609374579012868,0.8349446313486779,1.4544520547945206,"(5, 3, 4, 5)","(70, 78, 86, 94)",0.3722431011563397
1.1891593266974045,78.99159663865547,0.8461936622619054,0.8076786089249048,1.564041095890411,"(5, 3, 4, 5)","(70, 76, 82, 88)",0.3353644407749977
1.1671359914435064,79.83193277310924,0.8346872484893846,0.8254327378028299,1.5695205479452055,"(5, 3, 4, 5)","(64, 74, 84, 92)",0.2934678863590131
1.1680974640833965,79.83193277310924,0.8620536535124618,0.8349446313486779,1.4732876712328766,"(5, 3, 4, 6)","(70, 78, 86, 94)",0.3551697504511708
1.189223593232224,79.83193277310924,0.8475012295650978,0.8076786089249048,1.5732876712328767,"(5, 3, 4, 6)","(70, 76, 82, 88)",0.3300674386129593
1.1684295626350047,79.83193277310924,0.8365019881636176,0.8254327378028299,1.5794520547945206,"(5, 3, 4, 6)","(64, 74, 84, 92)",0.29067040360178126
1.156809071903252,77.31092436974791,0.8501895610460407,0.8325045146708251,1.4205479452054794,"(5, 3, 5, 1)","(70, 78, 86, 94)",0.37286847716408456
1.17110320849383,78.15126050420169,0.8266973157130264,0.8087790831653249,1.5342465753424657,"(5, 3, 5, 1)","(70, 76, 82, 88)",0.3202701082063998
1.1676848582174606,77.31092436974791,0.8161178783749239,0.8000389608077445,1.507876712328767,"(5, 3, 5, 1)","(64, 74, 84, 92)",0.3301684329028894
1.156809071903252,78.99159663865547,0.8540554472616703,0.8345303702409358,1.4287671232876713,"(5, 3, 5, 2)","(70, 78, 86, 94)",0.3657208386241979
1.17110320849383,78.99159663865547,0.833647403340265,0.8087790831653249,1.5393835616438356,"(5, 3, 5, 2)","(70, 76, 82, 88)",0.3172199166996721
1.1676848582174606,78.15126050420169,0.8224802515044928,0.8069862518656561,1.5222602739726028,"(5, 3, 5, 2)","(64, 74, 84, 92)",0.3210752695049081
1.1611912600488477,78.99159663865547,0.8559411540695726,0.8345303702409358,1.4366438356164384,"(5, 3, 5, 3)","(70, 78, 86, 94)",0.3691595916412824
1.1720397508194236,78.99159663865547,0.8363663185922111,0.8087790831653249,1.5452054794520549,"(5, 3, 5, 3)","(70, 76, 82, 88)",0.31555029672909346
1.1676848582174606,78.99159663865547,0.8273970161734157,0.812700345593055,1.5332191780821918,"(5, 3, 5, 3)","(64, 74, 84, 92)",0.3144764200353147
1.1635792530226678,78.99159663865547,0.8577070948883954,0.8345303702409358,1.4452054794520548,"(5, 3, 5, 4)","(70, 78, 86, 94)",0.36742416832783853
1.1842729695663343,78.99159663865547,0.8419600354895813,0.8087790831653249,1.5503424657534246,"(5, 3, 5, 4)","(70, 76, 82, 88)",0.3348332738853119
1.1676848582174606,79.83193277310924,0.8287009666594759,0.8183023512789646,1.5541095890410959,"(5, 3, 5, 4)","(64, 74, 84, 92)",0.3026203868943047
1.1658718433675648,79.83193277310924,0.859436542887536,0.8345303702409358,1.4544520547945206,"(5, 3, 5, 5)","(70, 78, 86, 94)",0.3649930539813784
1.1891876720786498,79.83193277310924,0.8451008024109322,0.8087790831653249,1.5585616438356165,"(5, 3, 5, 5)","(70, 76, 82, 88)",0.33870509041671215
1.1676848582174606,79.83193277310924,0.8339420759722778,0.8248466442306056,1.5688356164383561,"(5, 3, 5, 5)","(64, 74, 84, 92)",0.294786144488251
1.165784645938868,79.83193277310924,0.8601617799552204,0.8345303702409358,1.472945205479452,"(5, 3, 5, 6)","(70, 78, 86, 94)",0.3505366880097718
1.1892376470124526,79.83193277310924,0.8459031638774475,0.8087790831653249,1.575,"(5, 3, 5, 6)","(70, 76, 82, 88)",0.32910895132600454
1.1681668607822921,79.83193277310924,0.8347787621267794,0.8260814739203051,1.5804794520547945,"(5, 3, 5, 6)","(64, 74, 84, 92)",0.2897033825866036
1.1547849132672208,77.31092436974791,0.8483562325415949,0.8309408920983676,1.4263698630136987,"(5, 3, 6, 1)","(70, 78, 86, 94)",0.3630296760966141
1.1678632699329574,78.15126050420169,0.8242248172830418,0.8077105817714869,1.5438356164383562,"(5, 3, 6, 1)","(70, 76, 82, 88)",0.308665458566899
1.1668353880396332,77.31092436974791,0.8124193832557828,0.79615744524725,1.518835616438356,"(5, 3, 6, 1)","(64, 74, 84, 92)",0.3215573155615372
1.1547849132672208,78.99159663865547,0.8520671712744423,0.8345390117677964,1.4335616438356165,"(5, 3, 6, 2)","(70, 78, 86, 94)",0.35700785682486935
1.1683604150631304,78.99159663865547,0.8306731000459946,0.8100748771712072,1.5465753424657533,"(5, 3, 6, 2)","(70, 76, 82, 88)",0.30802782705785764
1.1670564572917201,78.15126050420169,0.8201277906395582,0.8047648665580581,1.525,"(5, 3, 6, 2)","(64, 74, 84, 92)",0.3182027757937527
1.1572487249188683,78.99159663865547,0.8538850609142979,0.8345390117677964,1.4417808219178083,"(5, 3, 6, 3)","(70, 78, 86, 94)",0.3559428502039499
1.1697959572880237,78.99159663865547,0.8333544131659096,0.8100748771712072,1.5493150684931507,"(5, 3, 6, 3)","(70, 76, 82, 88)",0.3091048599008909
1.1670564572917201,78.15126050420169,0.8251911298605662,0.8103418296386665,1.5431506849315069,"(5, 3, 6, 3)","(64, 74, 84, 92)",0.3075692656316663
1.1610340701496633,78.99159663865547,0.8558554752351035,0.8345390117677964,1.4486301369863013,"(5, 3, 6, 4)","(70, 78, 86, 94)",0.35894617163131065
1.1800407134809077,78.99159663865547,0.8403489020988515,0.8100748771712072,1.5527397260273972,"(5, 3, 6, 4)","(70, 76, 82, 88)",0.325724215219486
1.1670564572917201,78.99159663865547,0.8297815729059883,0.816148259583957,1.5606164383561645,"(5, 3, 6, 4)","(64, 74, 84, 92)",0.29798708325706946
1.163033733060666,79.83193277310924,0.8578386158154783,0.8345390117677964,1.457876712328767,"(5, 3, 6, 5)","(70, 78, 86, 94)",0.3560646974847753
1.1862409818165889,79.83193277310924,0.8426709928924565,0.8100748771712072,1.5585616438356165,"(5, 3, 6, 5)","(70, 76, 82, 88)",0.33342959344232953
1.1670564572917201,78.99159663865547,0.8309875856080939,0.8217024786412218,1.5715753424657535,"(5, 3, 6, 5)","(64, 74, 84, 92)",0.29227372995315926
1.1657830779632936,79.83193277310924,0.8584908499925095,0.8345390117677964,1.4657534246575343,"(5, 3, 6, 6)","(70, 78, 86, 94)",0.35594602033295386
1.1890094623628542,79.83193277310924,0.8445985752611516,0.8100748771712072,1.5678082191780822,"(5, 3, 6, 6)","(70, 76, 82, 88)",0.3328755308199845
1.167243014170861,79.83193277310924,0.8333306240823497,0.8245780969496448,1.5818493150684931,"(5, 3, 6, 6)","(64, 74, 84, 92)",0.2874335499581601
1.1759760765874379,78.15126050420169,0.804941520110108,0.7880421222826925,1.5482876712328768,"(5, 4, 1, 1)","(64, 72, 80, 88)",0.32095574243305336
1.1588150587723745,77.31092436974791,0.8570718580900173,0.836639747082027,1.3722602739726026,"(5, 4, 1, 1)","(70, 78, 86, 94)",0.4266237089377493
1.1767069571555029,78.15126050420169,0.8368595727305023,0.8118722373692031,1.484931506849315,"(5, 4, 1, 1)","(70, 76, 82, 88)",0.36439570260880544
1.1684521354328135,77.31092436974791,0.8249362232545484,0.8090662134372392,1.4695205479452054,"(5, 4, 1, 1)","(64, 74, 84, 92)",0.3587747888138697
1.1794681020031705,78.99159663865547,0.8133277968283449,0.799655473933305,1.5633561643835616,"(5, 4, 1, 2)","(64, 72, 80, 88)",0.31856951844939696
1.1629466880594266,77.31092436974791,0.8590229392053504,0.836639747082027,1.3972602739726028,"(5, 4, 1, 2)","(70, 78, 86, 94)",0.4101761458047634
1.1767069571555029,78.15126050420169,0.8426714224536834,0.8118722373692031,1.5037671232876713,"(5, 4, 1, 2)","(70, 76, 82, 88)",0.35077111821486634
1.1694419336313433,78.15126050420169,0.8291598369066282,0.8150028830687951,1.4842465753424658,"(5, 4, 1, 2)","(64, 74, 84, 92)",0.34990837779598466
1.18015283101789,78.99159663865547,0.8178377276333778,0.8060333955861952,1.586986301369863,"(5, 4, 1, 3)","(64, 72, 80, 88)",0.3069114740794857
1.1679488624002505,78.15126050420169,0.8623528205095551,0.836639747082027,1.4160958904109588,"(5, 4, 1, 3)","(70, 78, 86, 94)",0.40363018782611654
1.1767069571555029,78.15126050420169,0.8466685622841039,0.8118722373692031,1.5195205479452054,"(5, 4, 1, 3)","(70, 76, 82, 88)",0.34013468351619547
1.1704255117879085,78.15126050420169,0.8338142460534352,0.8215150326516493,1.5126712328767122,"(5, 4, 1, 3)","(64, 74, 84, 92)",0.33242651597908685
1.1729173983476056,78.99159663865547,0.8643086229592458,0.836639747082027,1.4335616438356165,"(5, 4, 1, 4)","(70, 78, 86, 94)",0.3988300183056937
1.1843253877453264,78.99159663865547,0.8498934731421173,0.8118722373692031,1.540068493150685,"(5, 4, 1, 4)","(70, 76, 82, 88)",0.34130002042888585
1.1710100210092032,78.99159663865547,0.8384391248823996,0.8241143402139837,1.5342465753424657,"(5, 4, 1, 4)","(64, 74, 84, 92)",0.3200956803505598
1.1747517904089453,78.99159663865547,0.8646406427960218,0.836639747082027,1.4486301369863013,"(5, 4, 1, 5)","(70, 78, 86, 94)",0.389523074804672
1.1878528225186566,78.99159663865547,0.8503019441570596,0.8118722373692031,1.5575342465753426,"(5, 4, 1, 5)","(70, 76, 82, 88)",0.3369350379327256
1.1736934372742223,78.99159663865547,0.8385903662648456,0.8241143402139837,1.55,"(5, 4, 1, 5)","(64, 74, 84, 92)",0.315806249589495
1.1777319972541498,78.99159663865547,0.8667769483212906,0.836639747082027,1.4643835616438357,"(5, 4, 1, 6)","(70, 78, 86, 94)",0.382726719750824
1.1901202801175481,80.67226890756302,0.8536261821619826,0.8118722373692031,1.5674657534246574,"(5, 4, 1, 6)","(70, 76, 82, 88)",0.3350339275457095
1.1751648021928327,78.99159663865547,0.8391081630323765,0.8241143402139837,1.564041095890411,"(5, 4, 1, 6)","(64, 74, 84, 92)",0.31055326193264815
1.1740856407698455,78.99159663865547,0.8015910956158755,0.7844327088151068,1.5708904109589041,"(5, 4, 2, 1)","(64, 72, 80, 88)",0.3049370552177257
1.157464102727918,76.47058823529412,0.853699340224056,0.8342166307055254,1.3955479452054795,"(5, 4, 2, 1)","(70, 78, 86, 94)",0.3980910649052125
1.172909801726534,78.15126050420169,0.8325678454135194,0.8089752578683487,1.5044520547945206,"(5, 4, 2, 1)","(70, 76, 82, 88)",0.3427675635040593
1.1650232079350495,78.15126050420169,0.8204665693655492,0.8042582380833806,1.4804794520547946,"(5, 4, 2, 1)","(64, 74, 84, 92)",0.34345528665028124
1.1754050191198469,78.99159663865547,0.8087958022358023,0.7949203550995229,1.5787671232876712,"(5, 4, 2, 2)","(64, 72, 80, 88)",0.3030666602544099
1.157464102727918,77.31092436974791,0.8567636718396844,0.8348070240980452,1.4075342465753424,"(5, 4, 2, 2)","(70, 78, 86, 94)",0.38638250417270636
1.172909801726534,78.15126050420169,0.83940587172674,0.8089752578683487,1.5171232876712328,"(5, 4, 2, 2)","(70, 76, 82, 88)",0.33436862320627775
1.1658350818097358,78.99159663865547,0.8257801232291555,0.8113683469208929,1.4917808219178081,"(5, 4, 2, 2)","(64, 74, 84, 92)",0.33721339755183055
1.1760496396859128,79.83193277310924,0.8128200410336239,0.8008684050275201,1.5907534246575343,"(5, 4, 2, 3)","(64, 72, 80, 88)",0.29800866543934224
1.1652947363528023,77.31092436974791,0.8591803373516359,0.8348070240980452,1.4191780821917808,"(5, 4, 2, 3)","(70, 78, 86, 94)",0.39433058018805794
1.1744820226930792,78.99159663865547,0.8420748460357598,0.8089752578683487,1.5256849315068493,"(5, 4, 2, 3)","(70, 76, 82, 88)",0.3319136848624048
1.1670029980310808,78.99159663865547,0.8306080129779349,0.8177428843485949,1.5126712328767122,"(5, 4, 2, 3)","(64, 74, 84, 92)",0.32575067084218834
1.1701118921044018,78.15126050420169,0.8624588780058634,0.8348070240980452,1.430821917808219,"(5, 4, 2, 4)","(70, 78, 86, 94)",0.3948543123567992
1.1790936477177572,78.99159663865547,0.846260273548725,0.8089752578683487,1.5373287671232876,"(5, 4, 2, 4)","(70, 76, 82, 88)",0.33330366560602354
1.169147875802962,79.83193277310924,0.8342195997297416,0.8229895575282464,1.533904109589041,"(5, 4, 2, 4)","(64, 74, 84, 92)",0.3168132118952208
1.172845219284152,78.99159663865547,0.8627696156846809,0.8348070240980452,1.4465753424657535,"(5, 4, 2, 5)","(70, 78, 86, 94)",0.3870460431823037
1.1848479896779731,78.99159663865547,0.8484390591628156,0.8089752578683487,1.5547945205479452,"(5, 4, 2, 5)","(70, 76, 82, 88)",0.33318279620967994
1.1711175679009669,79.83193277310924,0.8363044968859052,0.8257949384990999,1.5482876712328768,"(5, 4, 2, 5)","(64, 74, 84, 92)",0.31209450235529246
1.1733924416523018,78.99159663865547,0.8633772236768016,0.8348070240980452,1.4643835616438357,"(5, 4, 2, 6)","(70, 78, 86, 94)",0.3733819540005319
1.1891427397029477,78.99159663865547,0.8492842464102555,0.8089752578683487,1.5681506849315068,"(5, 4, 2, 6)","(70, 76, 82, 88)",0.3329094634916259
1.171132509645119,79.83193277310924,0.8370413964663501,0.8257949384990999,1.5647260273972603,"(5, 4, 2, 6)","(64, 74, 84, 92)",0.30303634212477115
1.1732636599597954,78.15126050420169,0.7997841024268653,0.7825306195178793,1.5890410958904109,"(5, 4, 3, 1)","(64, 72, 80, 88)",0.2941452831875597
1.1541364723077978,76.47058823529412,0.851057107960812,0.832642366768176,1.4030821917808218,"(5, 4, 3, 1)","(70, 78, 86, 94)",0.3823946466769496
1.1701203425536228,77.31092436974791,0.8278867776067454,0.806765469452346,1.5167808219178083,"(5, 4, 3, 1)","(70, 76, 82, 88)",0.32919244549806403
1.1656203327855825,77.31092436974791,0.8180214827529075,0.8017469569725642,1.4955479452054794,"(5, 4, 3, 1)","(64, 74, 84, 92)",0.33421656650580583
1.1744807576527418,78.99159663865547,0.8053410797623349,0.7911692446346326,1.5839041095890412,"(5, 4, 3, 2)","(64, 72, 80, 88)",0.2988174852469244
1.1541364723077978,77.31092436974791,0.8546396092523741,0.8338758170917825,1.4136986301369863,"(5, 4, 3, 2)","(70, 78, 86, 94)",0.3725815390221603
1.1701203425536228,78.15126050420169,0.8358182583205713,0.806765469452346,1.523972602739726,"(5, 4, 3, 2)","(70, 76, 82, 88)",0.32467411781475736
1.1656203327855825,78.15126050420169,0.8252473027048871,0.8095002947562876,1.497945205479452,"(5, 4, 3, 2)","(64, 74, 84, 92)",0.3326075458967683
1.1744807576527418,79.83193277310924,0.8100040360373878,0.7979945853278565,1.5976027397260273,"(5, 4, 3, 3)","(64, 72, 80, 88)",0.2919678007713503
1.159596351737977,77.31092436974791,0.8573376829172067,0.8338758170917825,1.4273972602739726,"(5, 4, 3, 3)","(70, 78, 86, 94)",0.373414540925395
1.1706933577215044,78.15126050420169,0.8381669158305167,0.806765469452346,1.533904109589041,"(5, 4, 3, 3)","(70, 76, 82, 88)",0.31970789258934756
1.1656203327855825,78.99159663865547,0.827356236570791,0.8143281789934013,1.5171232876712328,"(5, 4, 3, 3)","(64, 74, 84, 92)",0.320272431611855
1.166103273721652,77.31092436974791,0.8596522764467852,0.8338758170917825,1.4345890410958904,"(5, 4, 3, 4)","(70, 78, 86, 94)",0.3822076905179067
1.1737316906472999,78.99159663865547,0.8428353935300295,0.806765469452346,1.542808219178082,"(5, 4, 3, 4)","(70, 76, 82, 88)",0.3200609064290951
1.1677782154602683,79.83193277310924,0.830693364331119,0.8195696325540326,1.5301369863013699,"(5, 4, 3, 4)","(64, 74, 84, 92)",0.31648087154004095
1.1692415159832337,78.15126050420169,0.8614857086580069,0.8338758170917825,1.4445205479452055,"(5, 4, 3, 5)","(70, 78, 86, 94)",0.3807282177743007
1.1821828116343491,78.99159663865547,0.8468847506915066,0.806765469452346,1.5554794520547945,"(5, 4, 3, 5)","(70, 76, 82, 88)",0.3279739888855114
1.1681920833343855,79.83193277310924,0.8346580860030499,0.8251254844205516,1.5486301369863014,"(5, 4, 3, 5)","(64, 74, 84, 92)",0.3065673429066203
1.1696343644986356,78.99159663865547,0.8621953356670138,0.8338758170917825,1.463013698630137,"(5, 4, 3, 6)","(70, 78, 86, 94)",0.36637007717160935
1.1862069343209172,78.99159663865547,0.847110438121628,0.806765469452346,1.5674657534246574,"(5, 4, 3, 6)","(70, 76, 82, 88)",0.32813774786788064
1.1685658297403325,79.83193277310924,0.835267578620005,0.8267781125437452,1.5684931506849316,"(5, 4, 3, 6)","(64, 74, 84, 92)",0.2965133872540789
1.1725214525378298,78.15126050420169,0.7966323600982713,0.7790594346124524,1.5948630136986301,"(5, 4, 4, 1)","(64, 72, 80, 88)",0.2900187918310092
1.151600385142752,78.15126050420169,0.8487058162990464,0.8311982723343504,1.4106164383561643,"(5, 4, 4, 1)","(70, 78, 86, 94)",0.36920193879636043
1.1677832490428912,77.31092436974791,0.8247955325551739,0.8065555910898123,1.5297945205479453,"(5, 4, 4, 1)","(70, 76, 82, 88)",0.31669494971250306
1.1642397145207797,77.31092436974791,0.8148540524115248,0.798495078877389,1.507876712328767,"(5, 4, 4, 1)","(64, 74, 84, 92)",0.323385007687577
1.1733803317265774,78.15126050420169,0.8040888162293671,0.7874081231034538,1.598972602739726,"(5, 4, 4, 2)","(64, 72, 80, 88)",0.28946287515243346
1.151600385142752,78.15126050420169,0.8526781882561294,0.8364391593658387,1.420890410958904,"(5, 4, 4, 2)","(70, 78, 86, 94)",0.360189686425416
1.1683463773814058,78.15126050420169,0.8325112246110337,0.8065555910898123,1.5335616438356163,"(5, 4, 4, 2)","(70, 76, 82, 88)",0.3155143914978851
1.1661711770945302,78.15126050420169,0.8229209613534748,0.8071000632926454,1.5102739726027397,"(5, 4, 4, 2)","(64, 74, 84, 92)",0.3256508973933076
1.1575018188731199,78.15126050420169,0.8552764200052922,0.8364391593658387,1.4291095890410959,"(5, 4, 4, 3)","(70, 78, 86, 94)",0.36704334485994417
1.1702148719850054,78.15126050420169,0.8349264161466114,0.8065555910898123,1.5383561643835617,"(5, 4, 4, 3)","(70, 76, 82, 88)",0.316175207503954
1.1661711770945302,78.99159663865547,0.8261662789166907,0.8121697887954585,1.5202054794520548,"(5, 4, 4, 3)","(64, 74, 84, 92)",0.31943373082029514
1.1647719581689326,78.15126050420169,0.8568755781629451,0.8364391593658387,1.4386986301369864,"(5, 4, 4, 4)","(70, 78, 86, 94)",0.3755925978558027
1.1715246836802917,78.99159663865547,0.8407394959811287,0.8065555910898123,1.54486301369863,"(5, 4, 4, 4)","(70, 76, 82, 88)",0.31480331637111997
1.1661711770945302,79.83193277310924,0.828406953347685,0.8177446280531322,1.5325342465753424,"(5, 4, 4, 4)","(64, 74, 84, 92)",0.31203848046046834
1.1654262791721004,78.99159663865547,0.860023704795412,0.8364391593658387,1.446917808219178,"(5, 4, 4, 5)","(70, 78, 86, 94)",0.3701492223620944
1.178079965944878,78.99159663865547,0.8440939429796557,0.8065555910898123,1.553082191780822,"(5, 4, 4, 5)","(70, 76, 82, 88)",0.321977399726962
1.1661711770945302,79.83193277310924,0.8318214652638712,0.822611396870436,1.5506849315068494,"(5, 4, 4, 5)","(64, 74, 84, 92)",0.30175363004728123
1.1664921273285878,78.99159663865547,0.8609564409118869,0.8364391593658387,1.4633561643835618,"(5, 4, 4, 6)","(70, 78, 86, 94)",0.35931782099000453
1.1833101310260636,78.99159663865547,0.8458917670402982,0.8065555910898123,1.5688356164383561,"(5, 4, 4, 6)","(70, 76, 82, 88)",0.3222550166141516
1.1661711770945302,79.83193277310924,0.8339660696363079,0.8257050843052615,1.569178082191781,"(5, 4, 4, 6)","(64, 74, 84, 92)",0.291949360478958
1.1705423126236758,77.31092436974791,0.7944872810468065,0.7769340604245888,1.6,"(5, 4, 5, 1)","(64, 72, 80, 88)",0.2842371877061263
1.1487555543526657,77.31092436974791,0.8457159637690936,0.82870397428025,1.417123287671233,"(5, 4, 5, 1)","(70, 78, 86, 94)",0.3566225112559802
1.1655587975423085,78.15126050420169,0.8210467156712791,0.804206020224788,1.5359589041095891,"(5, 4, 5, 1)","(70, 76, 82, 88)",0.308902037586927
1.159339081700243,77.31092436974791,0.8125957522055409,0.7963439371441824,1.5174657534246576,"(5, 4, 5, 1)","(64, 74, 84, 92)",0.3079219844902113
1.1487555543526657,78.15126050420169,0.8516647939222535,0.8351720368045163,1.4287671232876713,"(5, 4, 5, 2)","(70, 78, 86, 94)",0.346937874368837
1.1673087372494693,78.15126050420169,0.8300317503732212,0.810183312759461,1.5414383561643836,"(5, 4, 5, 2)","(70, 76, 82, 88)",0.3090079144645479
1.164997374206208,77.31092436974791,0.820121558837589,0.8045246396029484,1.5167808219178083,"(5, 4, 5, 2)","(64, 74, 84, 92)",0.3192792131756975
1.154659204701172,78.15126050420169,0.8533633812146583,0.8351720368045163,1.4352739726027397,"(5, 4, 5, 3)","(70, 78, 86, 94)",0.3553146166226766
1.1688464497104443,78.99159663865547,0.8343846322203825,0.810183312759461,1.5407534246575343,"(5, 4, 5, 3)","(70, 76, 82, 88)",0.31224295956586273
1.164997374206208,78.15126050420169,0.8247317902879747,0.809718655313113,1.5280821917808218,"(5, 4, 5, 3)","(64, 74, 84, 92)",0.31244638954742393
1.1616310010890138,78.15126050420169,0.8554909748700196,0.8351720368045163,1.441095890410959,"(5, 4, 5, 4)","(70, 78, 86, 94)",0.3664305304191928
1.1707303668011788,78.99159663865547,0.8389228151632229,0.810183312759461,1.5462328767123288,"(5, 4, 5, 4)","(70, 76, 82, 88)",0.31255966837582577
1.164997374206208,78.99159663865547,0.8284355857847298,0.8152890857725568,1.5376712328767124,"(5, 4, 5, 4)","(64, 74, 84, 92)",0.3068740972497628
1.1645186520625768,78.99159663865547,0.8574358371619593,0.8351720368045163,1.4493150684931506,"(5, 4, 5, 5)","(70, 78, 86, 94)",0.366154317090491
1.1732279913794674,79.83193277310924,0.8414281899227636,0.810183312759461,1.553082191780822,"(5, 4, 5, 5)","(70, 76, 82, 88)",0.3132047893672104
1.164997374206208,79.83193277310924,0.8295446956938173,0.8198952180823135,1.5537671232876713,"(5, 4, 5, 5)","(64, 74, 84, 92)",0.29795444198028914
1.1651569141929696,78.99159663865547,0.8589255483410412,0.8351720368045163,1.459931506849315,"(5, 4, 5, 6)","(70, 78, 86, 94)",0.35909023785813204
1.1796887104616296,79.83193277310924,0.8447545988839924,0.810183312759461,1.5626712328767123,"(5, 4, 5, 6)","(70, 76, 82, 88)",0.31934938195250057
1.164997374206208,79.83193277310924,0.8331398381271014,0.8244984129659404,1.5746575342465754,"(5, 4, 5, 6)","(64, 74, 84, 92)",0.2871229634577637
1.147955408229655,76.47058823529412,0.8442610930478166,0.8267960066425525,1.4256849315068494,"(5, 4, 6, 1)","(70, 78, 86, 94)",0.3475702268950866
1.1642490835262187,77.31092436974791,0.817651690353946,0.8006332876654747,1.545890410958904,"(5, 4, 6, 1)","(70, 76, 82, 88)",0.30088288826634796
1.1554501624746154,77.31092436974791,0.8103545801023899,0.794033778018245,1.5277397260273973,"(5, 4, 6, 1)","(64, 74, 84, 92)",0.29455838703820697
1.147955408229655,78.15126050420169,0.849537703772987,0.8348934434146662,1.4321917808219178,"(5, 4, 6, 2)","(70, 78, 86, 94)",0.34233739463596885
1.166684461269704,78.15126050420169,0.8275489511084797,0.8103431872198539,1.5455479452054794,"(5, 4, 6, 2)","(70, 76, 82, 88)",0.30553586121000365
1.1648805207951287,77.31092436974791,0.8182969677122133,0.803013620219087,1.5243150684931508,"(5, 4, 6, 2)","(64, 74, 84, 92)",0.3144684002101736
1.150637832761751,78.15126050420169,0.8516516755956782,0.8356053706631766,1.4400684931506849,"(5, 4, 6, 3)","(70, 78, 86, 94)",0.3423054254196989
1.1679927763449598,78.99159663865547,0.8333545220543788,0.8103431872198539,1.5469178082191781,"(5, 4, 6, 3)","(70, 76, 82, 88)",0.30716274698013935
1.1648805207951287,78.15126050420169,0.8229493667332526,0.8080480863953962,1.533904109589041,"(5, 4, 6, 3)","(64, 74, 84, 92)",0.30882047512621924
1.1585985497331555,78.15126050420169,0.8538016847812442,0.8356053706631766,1.4458904109589041,"(5, 4, 6, 4)","(70, 78, 86, 94)",0.3556895278193655
1.169633932359728,78.99159663865547,0.8353831570667525,0.8103431872198539,1.5506849315068494,"(5, 4, 6, 4)","(70, 76, 82, 88)",0.30804171796667024
1.1648805207951287,78.99159663865547,0.8263624607642528,0.8125457120929707,1.5438356164383562,"(5, 4, 6, 4)","(64, 74, 84, 92)",0.30318080649985885
1.1623206401521364,78.99159663865547,0.8552549545856976,0.8356053706631766,1.4537671232876712,"(5, 4, 6, 5)","(70, 78, 86, 94)",0.3577179390522554
1.171114556042217,79.83193277310924,0.8398886718727265,0.8103431872198539,1.555821917808219,"(5, 4, 6, 5)","(70, 76, 82, 88)",0.3078585974388623
1.1648805207951287,78.99159663865547,0.8293221388811941,0.8171630610265347,1.5602739726027397,"(5, 4, 6, 5)","(64, 74, 84, 92)",0.2942855261135549
1.1649171475292173,78.99159663865547,0.8577720479725135,0.8356053706631766,1.4565068493150686,"(5, 4, 6, 6)","(70, 78, 86, 94)",0.36125886780593724
1.1739143398066798,79.83193277310924,0.8425515261140861,0.8103431872198539,1.5599315068493151,"(5, 4, 6, 6)","(70, 76, 82, 88)",0.31059931023578286
1.1648805207951287,79.83193277310924,0.8312552257692946,0.8222337365260309,1.5756849315068493,"(5, 4, 6, 6)","(64, 74, 84, 92)",0.28640756735382267
1.1726613535306687,76.47058823529412,0.802007319027633,0.7850173177067805,1.5472602739726027,"(5, 5, 1, 1)","(64, 72, 80, 88)",0.3155013468770667
1.1505118345554755,77.31092436974791,0.8508469988243774,0.831678070226043,1.3777397260273974,"(5, 5, 1, 1)","(70, 78, 86, 94)",0.3984538140543864
1.168004908509349,76.47058823529412,0.8294536889237902,0.809195417587054,1.483904109589041,"(5, 5, 1, 1)","(70, 76, 82, 88)",0.34718636436468425
1.159466503784016,77.31092436974791,0.8203722904709809,0.8040763302280212,1.4773972602739727,"(5, 5, 1, 1)","(64, 74, 84, 92)",0.33403313561644654
1.1726613535306687,78.15126050420169,0.8078019821759957,0.7933486069172192,1.5616438356164384,"(5, 5, 1, 2)","(64, 72, 80, 88)",0.307421434335093
1.158051907119601,77.31092436974791,0.8559591098114487,0.8358620775842952,1.3897260273972603,"(5, 5, 1, 2)","(70, 78, 86, 94)",0.40554619401514475
1.168004908509349,78.15126050420169,0.8395384552532522,0.809195417587054,1.5017123287671232,"(5, 5, 1, 2)","(70, 76, 82, 88)",0.3348630258343337
1.1661191691042037,78.15126050420169,0.8266587586498038,0.8119911617827121,1.4828767123287672,"(5, 5, 1, 2)","(64, 74, 84, 92)",0.34401983956331533
1.1726613535306687,78.99159663865547,0.8120694585273152,0.7999218287770032,1.5845890410958905,"(5, 5, 1, 3)","(64, 72, 80, 88)",0.2953550980137976
1.164073752485394,77.31092436974791,0.8586291230720319,0.8358620775842952,1.409931506849315,"(5, 5, 1, 3)","(70, 78, 86, 94)",0.40024674791758585
1.1698604585745376,78.15126050420169,0.8414673828137585,0.809195417587054,1.518835616438356,"(5, 5, 1, 3)","(70, 76, 82, 88)",0.3273878145463035
1.1689257437763307,78.99159663865547,0.829423880489564,0.8170562885911486,1.502054794520548,"(5, 5, 1, 3)","(64, 74, 84, 92)",0.3364687393089261
1.1692673503717403,78.15126050420169,0.8616618772950172,0.8358620775842952,1.4222602739726027,"(5, 5, 1, 4)","(70, 78, 86, 94)",0.4008602295908207
1.176477419021405,78.99159663865547,0.8459625166147259,0.809195417587054,1.5294520547945205,"(5, 5, 1, 4)","(70, 76, 82, 88)",0.3333208690443094
1.1697024682745474,79.83193277310924,0.8331930653876908,0.822056093410533,1.5243150684931508,"(5, 5, 1, 4)","(64, 74, 84, 92)",0.3236650603276801
1.1731593219349168,78.15126050420169,0.8628922497487849,0.8358620775842952,1.4373287671232877,"(5, 5, 1, 5)","(70, 78, 86, 94)",0.3959477055990266
1.179450410970278,78.99159663865547,0.8478958573681014,0.809195417587054,1.5472602739726027,"(5, 5, 1, 5)","(70, 76, 82, 88)",0.32790688362528886
1.17020298523223,79.83193277310924,0.8369652529628712,0.8249662049375128,1.5414383561643836,"(5, 5, 1, 5)","(64, 74, 84, 92)",0.3143533946098112
1.1741831146506159,78.15126050420169,0.8623240890753294,0.8358620775842952,1.4558219178082192,"(5, 5, 1, 6)","(70, 78, 86, 94)",0.3821297481441009
1.1810802577120625,78.99159663865547,0.8478829098728996,0.809195417587054,1.5595890410958904,"(5, 5, 1, 6)","(70, 76, 82, 88)",0.3235950749811643
1.1720130372427966,79.83193277310924,0.8367267181390659,0.8249662049375128,1.5551369863013698,"(5, 5, 1, 6)","(64, 74, 84, 92)",0.3098569208815337
1.1707547150634374,77.31092436974791,0.7992664308118888,0.78221009391219,1.5626712328767123,"(5, 5, 2, 1)","(64, 72, 80, 88)",0.30347155689910976
1.1484561284075747,77.31092436974791,0.8489960097040016,0.8298205170655424,1.3914383561643835,"(5, 5, 2, 1)","(70, 78, 86, 94)",0.37925800083124955
1.1655552809415575,76.47058823529412,0.8255840932262323,0.8064840501476155,1.4986301369863013,"(5, 5, 2, 1)","(70, 76, 82, 88)",0.3320202062838928
1.1559326610040808,77.31092436974791,0.8175847212797428,0.8013287848096547,1.4945205479452055,"(5, 5, 2, 1)","(64, 74, 84, 92)",0.315320893443155
1.1707547150634374,78.99159663865547,0.8053784142445645,0.7887730831543606,1.5787671232876712,"(5, 5, 2, 2)","(64, 72, 80, 88)",0.2950318153758801
1.1570040331394187,77.31092436974791,0.8542826350644077,0.834661330421209,1.4027397260273973,"(5, 5, 2, 2)","(70, 78, 86, 94)",0.38983994623052937
1.166890972619857,78.15126050420169,0.8351295814468518,0.8065169633304491,1.5154109589041096,"(5, 5, 2, 2)","(70, 76, 82, 88)",0.323801754186035
1.1615524237342028,78.15126050420169,0.8246278086599792,0.8088533249135073,1.4928082191780823,"(5, 5, 2, 2)","(64, 74, 84, 92)",0.327820067619091
1.1707547150634374,79.83193277310924,0.8090335833914514,0.7968814855314961,1.5856164383561644,"(5, 5, 2, 3)","(64, 72, 80, 88)",0.2915811508685598
1.159892203567559,77.31092436974791,0.8559320465527456,0.834661330421209,1.4164383561643836,"(5, 5, 2, 3)","(70, 78, 86, 94)",0.3839516730405198
1.1689739101368561,78.99159663865547,0.837490965281246,0.8065169633304491,1.5256849315068493,"(5, 5, 2, 3)","(70, 76, 82, 88)",0.3214357117912834
1.163732809954483,78.15126050420169,0.8276710509300433,0.814383838019781,1.5037671232876713,"(5, 5, 2, 3)","(64, 74, 84, 92)",0.3250168627240587
1.165249505761859,77.31092436974791,0.8595338160032231,0.834661330421209,1.4256849315068494,"(5, 5, 2, 4)","(70, 78, 86, 94)",0.38819674724427056
1.1734860239468985,78.99159663865547,0.842115349783981,0.8065169633304491,1.5335616438356163,"(5, 5, 2, 4)","(70, 76, 82, 88)",0.32514710521498313
1.1671676543681355,79.83193277310924,0.8304235710332973,0.819050729708801,1.525,"(5, 5, 2, 4)","(64, 74, 84, 92)",0.31841457974882964
1.1696105062586613,78.15126050420169,0.8608266170742221,0.834661330421209,1.4407534246575342,"(5, 5, 2, 5)","(70, 78, 86, 94)",0.38481948583938685
1.1761008086604041,78.99159663865547,0.8457109177980194,0.8065169633304491,1.5452054794520549,"(5, 5, 2, 5)","(70, 76, 82, 88)",0.3229989706585301
1.1686576258628594,79.83193277310924,0.8342325654496144,0.8244970252114127,1.5417808219178082,"(5, 5, 2, 5)","(64, 74, 84, 92)",0.3113023182803726
1.171599763679124,78.15126050420169,0.8616305271244088,0.834661330421209,1.4537671232876712,"(5, 5, 2, 6)","(70, 78, 86, 94)",0.37816702637210725
1.1771790032204121,78.99159663865547,0.8469545248671303,0.8065169633304491,1.561986301369863,"(5, 5, 2, 6)","(70, 76, 82, 88)",0.31527281499305515
1.170425866741328,79.83193277310924,0.8348839505710712,0.8255767066105811,1.5523972602739726,"(5, 5, 2, 6)","(64, 74, 84, 92)",0.3085204779198252
1.168839888583235,77.31092436974791,0.7944186965657796,0.7771705359760714,1.5863013698630137,"(5, 5, 3, 1)","(64, 72, 80, 88)",0.2879745763218727
1.146016940854806,77.31092436974791,0.8467941769508383,0.8286255723596835,1.4023972602739727,"(5, 5, 3, 1)","(70, 78, 86, 94)",0.362867631741305
1.1632856714196094,76.47058823529412,0.8214756546189216,0.8035842027477869,1.5147260273972603,"(5, 5, 3, 1)","(70, 76, 82, 88)",0.31722831706271415
1.150675554375657,77.31092436974791,0.8142898676284402,0.7979159114449023,1.507876712328767,"(5, 5, 3, 1)","(64, 74, 84, 92)",0.29667742331552166
1.168839888583235,78.15126050420169,0.8018840966633025,0.7851450040209249,1.5886986301369863,"(5, 5, 3, 2)","(64, 72, 80, 88)",0.28680190498141134
1.1512445765492367,77.31092436974791,0.852310475267249,0.835644926580708,1.4106164383561643,"(5, 5, 3, 2)","(70, 78, 86, 94)",0.36833541578296186
1.166099216110262,77.31092436974791,0.83043140817354,0.8071013876186853,1.5267123287671234,"(5, 5, 3, 2)","(70, 76, 82, 88)",0.3153509174525128
1.1624412691593642,77.31092436974791,0.8228374245096466,0.8070149318507225,1.5,"(5, 5, 3, 2)","(64, 74, 84, 92)",0.3248825383187284
1.168839888583235,78.99159663865547,0.8059044831902,0.7934062783373977,1.5982876712328766,"(5, 5, 3, 3)","(64, 72, 80, 88)",0.28220519442647174
1.1579268562315945,77.31092436974791,0.8544680133710969,0.835644926580708,1.4202054794520549,"(5, 5, 3, 3)","(70, 78, 86, 94)",0.37583245329768206
1.1689432304324505,78.99159663865547,0.8352063552749098,0.8071013876186853,1.5311643835616437,"(5, 5, 3, 3)","(70, 76, 82, 88)",0.31806204568843044
1.1624412691593642,78.15126050420169,0.8268120762541327,0.8119495650734677,1.509931506849315,"(5, 5, 3, 3)","(64, 74, 84, 92)",0.3185550745099687
1.1609394584741641,77.31092436974791,0.8575343320499498,0.835644926580708,1.4318493150684932,"(5, 5, 3, 4)","(70, 78, 86, 94)",0.37267503469037205
1.1706370592691386,78.99159663865547,0.8394514528394456,0.8071013876186853,1.5383561643835617,"(5, 5, 3, 4)","(70, 76, 82, 88)",0.31695942306990127
1.1633815599770228,78.99159663865547,0.8292158283431971,0.8179581805585113,1.5253424657534247,"(5, 5, 3, 4)","(64, 74, 84, 92)",0.3110001011296652
1.166572554751511,78.15126050420169,0.859443422254603,0.835644926580708,1.441095890410959,"(5, 5, 3, 5)","(70, 78, 86, 94)",0.37763343157951224
1.1735801965572614,78.99159663865547,0.8433449323555353,0.8071013876186853,1.545890410958904,"(5, 5, 3, 5)","(70, 76, 82, 88)",0.317976269728484
1.166309973174477,79.83193277310924,0.8316621417658124,0.8216757562503229,1.540068493150685,"(5, 5, 3, 5)","(64, 74, 84, 92)",0.3079423726502682
1.1670953157799329,78.15126050420169,0.8609218567781005,0.835644926580708,1.4561643835616438,"(5, 5, 3, 6)","(70, 78, 86, 94)",0.3663050466046577
1.175151776453087,78.99159663865547,0.8458546993664434,0.8071013876186853,1.5599315068493151,"(5, 5, 3, 6)","(70, 76, 82, 88)",0.31280928883364767
1.1692907837477202,79.83193277310924,0.8338413911606717,0.8252463955475797,1.5517123287671233,"(5, 5, 3, 6)","(64, 74, 84, 92)",0.30684611331057915
1.1654702312140728,77.31092436974791,0.7930053500422974,0.7754570753982277,1.5928082191780821,"(5, 5, 4, 1)","(64, 72, 80, 88)",0.27912944837960285
1.1438093943355587,76.47058823529412,0.8440631678674494,0.8267169065832312,1.4092465753424657,"(5, 5, 4, 1)","(70, 78, 86, 94)",0.3514003610542524
1.1632324594932675,77.31092436974791,0.8169777070410196,0.7997157123338328,1.5301369863013699,"(5, 5, 4, 1)","(70, 76, 82, 88)",0.3079061897418224
1.1476430180859856,77.31092436974791,0.8123529976008388,0.7960605338526366,1.5154109589041096,"(5, 5, 4, 1)","(64, 74, 84, 92)",0.28645688558875604
1.1654702312140728,77.31092436974791,0.7992234010640991,0.7823130409288027,1.5965753424657534,"(5, 5, 4, 2)","(64, 72, 80, 88)",0.2773668628846685
1.1496484680511783,78.15126050420169,0.8504210563014966,0.8354470538820721,1.4160958904109588,"(5, 5, 4, 2)","(70, 78, 86, 94)",0.3596489931764943
1.1665046070741467,77.31092436974791,0.8282534764202965,0.809462472840427,1.5345890410958904,"(5, 5, 4, 2)","(70, 76, 82, 88)",0.3114628140016069
1.161814679841328,77.31092436974791,0.8203080528717557,0.8044187855014254,1.5058219178082193,"(5, 5, 4, 2)","(64, 74, 84, 92)",0.31990444491311965
1.154401645235996,78.15126050420169,0.8526448247643827,0.8366158978200314,1.4253424657534246,"(5, 5, 4, 3)","(70, 78, 86, 94)",0.36300547833261537
1.1680850587754896,79.83193277310924,0.8343232781942013,0.809462472840427,1.5356164383561643,"(5, 5, 4, 3)","(70, 76, 82, 88)",0.3138160943890216
1.161814679841328,77.31092436974791,0.8244839964918451,0.8097231832157554,1.5184931506849315,"(5, 5, 4, 3)","(64, 74, 84, 92)",0.31208643668208574
1.1598946685837044,78.99159663865547,0.854730994472772,0.8366158978200314,1.4363013698630136,"(5, 5, 4, 4)","(70, 78, 86, 94)",0.36647757634569617
1.1700804693970328,79.83193277310924,0.8366364871937361,0.809462472840427,1.5404109589041095,"(5, 5, 4, 4)","(70, 76, 82, 88)",0.31472431599450945
1.161814679841328,78.15126050420169,0.826459690735137,0.8144622404056706,1.5301369863013699,"(5, 5, 4, 4)","(64, 74, 84, 92)",0.30523182502369367
1.1650540320195943,78.99159663865547,0.8566993257198382,0.8366158978200314,1.4448630136986302,"(5, 5, 4, 5)","(70, 78, 86, 94)",0.3710221504982412
1.171942525475985,79.83193277310924,0.8410036620045704,0.809462472840427,1.5486301369863014,"(5, 5, 4, 5)","(70, 76, 82, 88)",0.3134033548001724
1.1629925509634924,79.83193277310924,0.8282485671875301,0.8185516010290889,1.5438356164383562,"(5, 5, 4, 5)","(64, 74, 84, 92)",0.2997092246935754
1.1653654023648445,78.99159663865547,0.8599184894980881,0.8366158978200314,1.4527397260273973,"(5, 5, 4, 6)","(70, 78, 86, 94)",0.3652548978103979
1.1735224495810526,79.83193277310924,0.8445200669010432,0.809462472840427,1.5561643835616439,"(5, 5, 4, 6)","(70, 76, 82, 88)",0.3119984930890846
1.1666735795584715,79.83193277310924,0.8316251754591821,0.8229934908868284,1.5554794520547945,"(5, 5, 4, 6)","(64, 74, 84, 92)",0.3000535464307872
1.162136867935832,77.31092436974791,0.7900927286129708,0.7724195584895495,1.6,"(5, 5, 5, 1)","(64, 72, 80, 88)",0.2702281132263865
1.1431255222041246,76.47058823529412,0.8428776402888898,0.8259463991537972,1.417123287671233,"(5, 5, 5, 1)","(70, 78, 86, 94)",0.343125225645356
1.1629529356611419,77.31092436974791,0.8153632819831046,0.7981475247921441,1.538013698630137,"(5, 5, 5, 1)","(70, 76, 82, 88)",0.30287878557004094
1.1466290592679347,77.31092436974791,0.8100650816492012,0.793695762587467,1.5232876712328767,"(5, 5, 5, 1)","(64, 74, 84, 92)",0.2802073645696134
1.1464194635256573,78.15126050420169,0.8488328381412925,0.8337176275269035,1.423972602739726,"(5, 5, 5, 2)","(70, 78, 86, 94)",0.34535123868733386
1.1661360611182,77.31092436974791,0.8262402682468453,0.8102622225684525,1.5386986301369863,"(5, 5, 5, 2)","(70, 76, 82, 88)",0.3084026055086737
1.1613851894585951,77.31092436974791,0.8178251718979729,0.8021953347165179,1.5133561643835616,"(5, 5, 5, 2)","(64, 74, 84, 92)",0.3143727506464963
1.1517682717099023,78.15126050420169,0.8502277581888233,0.8351169851613784,1.4335616438356165,"(5, 5, 5, 3)","(70, 78, 86, 94)",0.3500500421744981
1.167258242554391,78.99159663865547,0.8328927007059411,0.8102622225684525,1.5407534246575343,"(5, 5, 5, 3)","(70, 76, 82, 88)",0.30930593303281917
1.1623172811269433,77.31092436974791,0.822703660097287,0.8078978311636861,1.5253424657534247,"(5, 5, 5, 3)","(64, 74, 84, 92)",0.30897422483094816
1.155772357956658,78.15126050420169,0.8537407820352062,0.8351169851613784,1.4397260273972603,"(5, 5, 5, 4)","(70, 78, 86, 94)",0.3542486645120257
1.1690406384653889,79.83193277310924,0.833740177138311,0.8102622225684525,1.54486301369863,"(5, 5, 5, 4)","(70, 76, 82, 88)",0.31024428932679793
1.1623172811269433,78.15126050420169,0.8264788606361552,0.8126804660317343,1.538013698630137,"(5, 5, 5, 4)","(64, 74, 84, 92)",0.30169730164906083
1.1646012630300213,78.99159663865547,0.8572201844041375,0.8351169851613784,1.4527397260273973,"(5, 5, 5, 6)","(70, 78, 86, 94)",0.36356708626903345
1.172480019897436,79.83193277310924,0.8413123357089995,0.8102622225684525,1.5551369863013698,"(5, 5, 5, 6)","(70, 76, 82, 88)",0.31069812344263636
1.1635547187491466,79.83193277310924,0.829279057433222,0.8202933362956267,1.5585616438356165,"(5, 5, 5, 6)","(64, 74, 84, 92)",0.29281408874770576
1.1397149483212479,75.63025210084034,0.8417083723547997,0.8242815692857736,1.423972602739726,"(5, 5, 6, 1)","(70, 78, 86, 94)",0.3295376810161905
1.162569905620832,77.31092436974791,0.8143526945971471,0.7969809647781114,1.547945205479452,"(5, 5, 6, 1)","(70, 76, 82, 88)",0.29669007775801853
1.1451625753321963,77.31092436974791,0.8089510300556056,0.7925808625242876,1.5297945205479453,"(5, 5, 6, 1)","(64, 74, 84, 92)",0.27399787974790774
1.1446871577936264,78.15126050420169,0.8469515581110386,0.8322696036101919,1.428082191780822,"(5, 5, 6, 2)","(70, 78, 86, 94)",0.33798920060591126
1.164959002695245,77.31092436974791,0.8241366879511728,0.809750679299952,1.5438356164383562,"(5, 5, 6, 2)","(70, 76, 82, 88)",0.30332511830611797
1.1559732534712615,77.31092436974791,0.8143433239367794,0.7988852208913604,1.5198630136986302,"(5, 5, 6, 2)","(64, 74, 84, 92)",0.3000276021976834
1.1458956216210554,78.15126050420169,0.8499702558775301,0.8353371161618512,1.4414383561643835,"(5, 5, 6, 3)","(70, 78, 86, 94)",0.33050055479711543
1.1670889630680221,78.99159663865547,0.8319118967800606,0.8110320253531519,1.5476027397260275,"(5, 5, 6, 3)","(70, 76, 82, 88)",0.3051280626382893
1.1605493917920828,77.31092436974791,0.8204765607753551,0.8054535805165333,1.5304794520547946,"(5, 5, 6, 3)","(64, 74, 84, 92)",0.3026495958895299
1.154226447294237,78.15126050420169,0.852458458004041,0.8353371161618512,1.4431506849315068,"(5, 5, 6, 4)","(70, 78, 86, 94)",0.3480225858571654
1.1683327729650335,79.83193277310924,0.8327389022020125,0.8110320253531519,1.5486301369863014,"(5, 5, 6, 4)","(70, 76, 82, 88)",0.3068237809350173
1.1605493917920828,78.15126050420169,0.8237216454505055,0.8097909911763006,1.540068493150685,"(5, 5, 6, 4)","(64, 74, 84, 92)",0.2972759822656194
1.1597348747688645,78.99159663865547,0.8530847041584396,0.8353371161618512,1.4496575342465754,"(5, 5, 6, 5)","(70, 78, 86, 94)",0.35523673596731475
1.1696890615492175,79.83193277310924,0.8365246573531344,0.8110320253531519,1.55,"(5, 5, 6, 5)","(70, 76, 82, 88)",0.3085255664531227
1.1605493917920828,78.15126050420169,0.8276062594296661,0.8141696784774992,1.5476027397260275,"(5, 5, 6, 5)","(64, 74, 84, 92)",0.2931858811962988
1.1637720224475196,78.99159663865547,0.8552270539747633,0.8353371161618512,1.4544520547945206,"(5, 5, 6, 6)","(70, 78, 86, 94)",0.3603724985280764
1.1709963417623785,79.83193277310924,0.8397886795635964,0.8110320253531519,1.5568493150684932,"(5, 5, 6, 6)","(70, 76, 82, 88)",0.30707830131989255
1.1605493917920828,78.99159663865547,0.8304383017223602,0.8175841967012023,1.5613013698630136,"(5, 5, 6, 6)","(64, 74, 84, 92)",0.28603064309510795
1.1642303914215002,76.47058823529412,0.7966477540793354,0.7794647961268464,1.5654109589041096,"(5, 6, 1, 1)","(64, 72, 80, 88)",0.2904619884620112
1.1423077236960648,76.47058823529412,0.8475415311764852,0.8285985481620971,1.382876712328767,"(5, 6, 1, 1)","(70, 78, 86, 94)",0.37168028013641263
1.158218031320782,76.47058823529412,0.822865057447208,0.8035566279537837,1.4880136986301369,"(5, 6, 1, 1)","(70, 76, 82, 88)",0.32420817646083044
1.1545215516249485,77.31092436974791,0.8160013458601437,0.7997452899306149,1.4880136986301369,"(5, 6, 1, 1)","(64, 74, 84, 92)",0.3166336356104209
1.1681525536485815,77.31092436974791,0.8032040513401998,0.7867534283340167,1.5606164383561645,"(5, 6, 1, 2)","(64, 72, 80, 88)",0.29994224597059127
1.14622373905146,76.47058823529412,0.8527076770683827,0.8340733998460154,1.3897260273972603,"(5, 6, 1, 2)","(70, 78, 86, 94)",0.3751962372849414
1.1613497190058908,77.31092436974791,0.833529329125672,0.8067768850262548,1.5006849315068493,"(5, 6, 1, 2)","(70, 76, 82, 88)",0.32225798871217587
1.1610629526249219,78.15126050420169,0.8238336181708904,0.8087661471733336,1.483904109589041,"(5, 6, 1, 2)","(64, 74, 84, 92)",0.3328406381208577
1.1694610328895394,78.99159663865547,0.8063264769609356,0.7930961398979288,1.5763698630136986,"(5, 6, 1, 3)","(64, 72, 80, 88)",0.29401438861405527
1.1526598074765158,77.31092436974791,0.8549755923090743,0.8340733998460154,1.4047945205479453,"(5, 6, 1, 3)","(70, 78, 86, 94)",0.37712913522117253
1.165698387512699,77.31092436974791,0.8385670341106302,0.8067768850262548,1.5167808219178083,"(5, 6, 1, 3)","(70, 76, 82, 88)",0.32063571341092173
1.1660898076265753,78.15126050420169,0.8261578844193969,0.8134060414169176,1.496917808219178,"(5, 6, 1, 3)","(64, 74, 84, 92)",0.3342399988074431
1.1742278413845915,78.99159663865547,0.8116147217427164,0.8003749476433081,1.5948630136986301,"(5, 6, 1, 4)","(64, 72, 80, 88)",0.2928873326672464
1.1612576547498326,78.15126050420169,0.8573205917815645,0.8340733998460154,1.4174657534246575,"(5, 6, 1, 4)","(70, 78, 86, 94)",0.38627756511034544
1.1704218169670484,78.99159663865547,0.841450062877506,0.8067768850262548,1.525,"(5, 6, 1, 4)","(70, 76, 82, 88)",0.32461298469913985
1.1674126441566826,78.99159663865547,0.8307307877200311,0.8193680490334457,1.5167808219178083,"(5, 6, 1, 4)","(64, 74, 84, 92)",0.3239528965788688
1.1678133928685077,78.15126050420169,0.8609850283936361,0.8340733998460154,1.4311643835616439,"(5, 6, 1, 5)","(70, 78, 86, 94)",0.3892097753582546
1.1763832132946193,78.99159663865547,0.8450028062191293,0.8067768850262548,1.538013698630137,"(5, 6, 1, 5)","(70, 76, 82, 88)",0.32784149129235407
1.1679976841751314,78.99159663865547,0.8341212354418212,0.823910877212649,1.5345890410958904,"(5, 6, 1, 5)","(64, 74, 84, 92)",0.31425575771389086
1.1739114912981734,78.15126050420169,0.8608253784319452,0.8340733998460154,1.444178082191781,"(5, 6, 1, 6)","(70, 78, 86, 94)",0.3915355085510148
1.1790908484263358,78.99159663865547,0.8461304360098166,0.8067768850262548,1.5534246575342465,"(5, 6, 1, 6)","(70, 76, 82, 88)",0.32360475086936924
1.170658845138864,79.83193277310924,0.8348571425745385,0.8244517749753645,1.5465753424657533,"(5, 6, 1, 6)","(64, 74, 84, 92)",0.31223297481546547
1.1561230420059694,77.31092436974791,0.7922910295637733,0.7749687491429729,1.5835616438356164,"(5, 6, 2, 1)","(64, 72, 80, 88)",0.2675347902919194
1.1426048932678838,75.63025210084034,0.8438246588055753,0.8267019403951981,1.393835616438356,"(5, 6, 2, 1)","(70, 78, 86, 94)",0.36209242464540947
1.1574596681891838,76.47058823529412,0.8193030339464649,0.8008211788293481,1.4986301369863013,"(5, 6, 2, 1)","(70, 76, 82, 88)",0.31578449939039605
1.1472448097867367,77.31092436974791,0.813418654526,0.7970268060591144,1.5006849315068493,"(5, 6, 2, 1)","(64, 74, 84, 92)",0.2940867609967655
1.164290057603973,78.15126050420169,0.7999905111490699,0.7834510069828122,1.5753424657534247,"(5, 6, 2, 2)","(64, 72, 80, 88)",0.28555176678785776
1.1446705266469281,77.31092436974791,0.8507564641495231,0.8347119788173306,1.3996575342465754,"(5, 6, 2, 2)","(70, 78, 86, 94)",0.3619862363402144
1.1616158425900938,76.47058823529412,0.830186114158416,0.8073305214205907,1.5089041095890412,"(5, 6, 2, 2)","(70, 76, 82, 88)",0.3175762182793228
1.156584197504076,77.31092436974791,0.821600092375096,0.8060374233668669,1.4945205479452055,"(5, 6, 2, 2)","(64, 74, 84, 92)",0.3166384049251399
1.164290057603973,79.83193277310924,0.8048981413151789,0.7908801367532015,1.5873287671232876,"(5, 6, 2, 3)","(64, 72, 80, 88)",0.2797241797105546
1.15185999338966,77.31092436974791,0.8529040479391922,0.8347119788173306,1.4113013698630137,"(5, 6, 2, 3)","(70, 78, 86, 94)",0.36921830199650907
1.1666085280156555,78.15126050420169,0.8361843533770904,0.8073305214205907,1.5232876712328767,"(5, 6, 2, 3)","(70, 76, 82, 88)",0.3183880247419595
1.1598342699353557,78.15126050420169,0.826297533213067,0.8113220698599648,1.5013698630136987,"(5, 6, 2, 3)","(64, 74, 84, 92)",0.31879512855958914
1.1697015573890375,79.83193277310924,0.8079540296754326,0.7964635319860828,1.597945205479452,"(5, 6, 2, 4)","(64, 72, 80, 88)",0.2838078737548622
1.1591188640101862,78.15126050420169,0.8553749788944442,0.8347119788173306,1.422945205479452,"(5, 6, 2, 4)","(70, 78, 86, 94)",0.37621626146537945
1.168437167418219,78.15126050420169,0.8380633008686642,0.8073305214205907,1.5315068493150685,"(5, 6, 2, 4)","(70, 76, 82, 88)",0.31690497993633987
1.1652054065307929,78.15126050420169,0.8283007663031995,0.8162539082740616,1.5143835616438357,"(5, 6, 2, 4)","(64, 74, 84, 92)",0.3211716292076665
1.1646739208973,78.15126050420169,0.8592127374475114,0.8347119788173306,1.4342465753424658,"(5, 6, 2, 5)","(70, 78, 86, 94)",0.37921754654583284
1.1735178187684756,78.99159663865547,0.8429515433736121,0.8073305214205907,1.5414383561643836,"(5, 6, 2, 5)","(70, 76, 82, 88)",0.3204756678076842
1.1673038438143422,78.99159663865547,0.8294926754790451,0.8191744873821388,1.5321917808219179,"(5, 6, 2, 5)","(64, 74, 84, 92)",0.31436758297160816
1.1685648727416102,78.15126050420169,0.8603068661413472,0.8347119788173306,1.4479452054794522,"(5, 6, 2, 6)","(70, 78, 86, 94)",0.3763069024506895
1.1762388864913917,78.99159663865547,0.8453048001442108,0.8073305214205907,1.5523972602739726,"(5, 6, 2, 6)","(70, 76, 82, 88)",0.31904373747976683
1.1682548186157493,78.99159663865547,0.8332410741544531,0.8245798035425408,1.5476027397260275,"(5, 6, 2, 6)","(64, 74, 84, 92)",0.3072570796485228
1.151857069203372,77.31092436974791,0.7902559187310928,0.7728452554129275,1.5914383561643837,"(5, 6, 3, 1)","(64, 72, 80, 88)",0.25675891260790173
1.1406530470948937,75.63025210084034,0.8418996518755909,0.8248682878485003,1.4027397260273973,"(5, 6, 3, 1)","(70, 78, 86, 94)",0.34924055911317137
1.1569515740224665,76.47058823529412,0.8167416969987424,0.798284525056371,1.5095890410958903,"(5, 6, 3, 1)","(70, 76, 82, 88)",0.3079963683774209
1.1445567777309333,77.31092436974791,0.8109540571487224,0.7944789455352012,1.5116438356164383,"(5, 6, 3, 1)","(64, 74, 84, 92)",0.28253399663609463
1.163924199721949,77.31092436974791,0.7977689057497295,0.7810331156640824,1.5876712328767124,"(5, 6, 3, 2)","(64, 72, 80, 88)",0.27893861491147487
1.1413636920422867,76.47058823529412,0.848306139054725,0.8334861935343281,1.4082191780821918,"(5, 6, 3, 2)","(70, 78, 86, 94)",0.34629360802305137
1.1632336083967176,76.47058823529412,0.826382936611543,0.8100497155856036,1.523972602739726,"(5, 6, 3, 2)","(70, 76, 82, 88)",0.31153080818197093
1.1520128059318797,77.31092436974791,0.8187667089132107,0.8029202264407589,1.5013698630136987,"(5, 6, 3, 2)","(64, 74, 84, 92)",0.3031949407930934
1.163924199721949,78.15126050420169,0.803997148728519,0.788269363661471,1.5952054794520547,"(5, 6, 3, 3)","(64, 72, 80, 88)",0.2754077463682917
1.1498075335398725,77.31092436974791,0.8517789092306518,0.8341038979943891,1.4160958904109588,"(5, 6, 3, 3)","(70, 78, 86, 94)",0.36003127402175134
1.1663463766685065,78.15126050420169,0.8338218322550927,0.8100497155856036,1.5284246575342466,"(5, 6, 3, 3)","(70, 76, 82, 88)",0.3147967724381328
1.1598934873451434,77.31092436974791,0.8243506078464248,0.8093690396261797,1.5058219178082193,"(5, 6, 3, 3)","(64, 74, 84, 92)",0.3161062850696132
1.1577960331659893,78.15126050420169,0.8543961114080442,0.8341038979943891,1.4267123287671233,"(5, 6, 3, 4)","(70, 78, 86, 94)",0.3697948770824148
1.1688562904771334,78.15126050420169,0.8359626410066011,0.8100497155856036,1.5345890410958904,"(5, 6, 3, 4)","(70, 76, 82, 88)",0.31586186303217767
1.1601548073019285,78.15126050420169,0.826569849905024,0.814389688451425,1.5191780821917809,"(5, 6, 3, 4)","(64, 74, 84, 92)",0.30847759717785705
1.1632675093178735,78.15126050420169,0.856774323644679,0.8341038979943891,1.4356164383561645,"(5, 6, 3, 5)","(70, 78, 86, 94)",0.3747964836542378
1.1719684447299674,78.99159663865547,0.8398630619683977,0.8100497155856036,1.542808219178082,"(5, 6, 3, 5)","(70, 76, 82, 88)",0.3168125290924321
1.1627755973773113,78.15126050420169,0.8287378988646188,0.818369304042928,1.5363013698630137,"(5, 6, 3, 5)","(64, 74, 84, 92)",0.30351516241490994
1.1645435407418556,78.15126050420169,0.8593609533871757,0.8341038979943891,1.4513698630136986,"(5, 6, 3, 6)","(70, 78, 86, 94)",0.3645425940563114
1.1739811250268253,78.99159663865547,0.8431275897245761,0.8100497155856036,1.5513698630136987,"(5, 6, 3, 6)","(70, 76, 82, 88)",0.3155434068809501
1.1653181307864868,78.99159663865547,0.8313302333865572,0.8223632915698217,1.5503424657534246,"(5, 6, 3, 6)","(64, 74, 84, 92)",0.3003913764135293
1.1521655744821409,77.31092436974791,0.7886688007820364,0.7714037877763804,1.598972602739726,"(5, 6, 4, 1)","(64, 72, 80, 88)",0.254044298163437
1.1408756419876,76.47058823529412,0.8397275609380634,0.8227912482307492,1.4102739726027398,"(5, 6, 4, 1)","(70, 78, 86, 94)",0.3433696783003273
1.1586431681838743,77.31092436974791,0.8151892093655436,0.7982320688271848,1.526027397260274,"(5, 6, 4, 1)","(70, 76, 82, 88)",0.30158727284955256
1.1429761004369687,76.47058823529412,0.8087590987406722,0.7923547245275148,1.518835616438356,"(5, 6, 4, 1)","(64, 74, 84, 92)",0.27557109787191336
1.1624509361632287,77.31092436974791,0.7956834544264708,0.7788370730224262,1.5948630136986301,"(5, 6, 4, 2)","(64, 72, 80, 88)",0.2730896566474541
1.1408756419876,77.31092436974791,0.8466974129009933,0.8319187648994377,1.4167808219178082,"(5, 6, 4, 2)","(70, 78, 86, 94)",0.33800893558240935
1.1636518140293846,77.31092436974791,0.8238771475936244,0.80952287075563,1.5325342465753424,"(5, 6, 4, 2)","(70, 76, 82, 88)",0.3073075864731852
1.1491408556771558,77.31092436974791,0.8165631524074393,0.8006386968996221,1.507876712328767,"(5, 6, 4, 2)","(64, 74, 84, 92)",0.2936556295194168
1.1482032515565386,78.15126050420169,0.8506120836331816,0.8349675701309056,1.4222602739726027,"(5, 6, 4, 3)","(70, 78, 86, 94)",0.35097607019066723
1.1660434207504273,78.15126050420169,0.8320987216999948,0.80952287075563,1.5356164383561643,"(5, 6, 4, 3)","(70, 76, 82, 88)",0.3100043405314884
1.1584623074631166,77.31092436974791,0.8226450642274115,0.8080070684519494,1.5116438356164383,"(5, 6, 4, 3)","(64, 74, 84, 92)",0.3097121404232266
1.1551397312792413,78.99159663865547,0.8526242674303535,0.8349675701309056,1.4301369863013698,"(5, 6, 4, 4)","(70, 78, 86, 94)",0.36067517144537
1.1682943724876373,78.99159663865547,0.834353784109514,0.80952287075563,1.5397260273972602,"(5, 6, 4, 4)","(70, 76, 82, 88)",0.31181444648724693
1.1584623074631166,77.31092436974791,0.8262619701666558,0.8122101101114111,1.5277397260273973,"(5, 6, 4, 4)","(64, 74, 84, 92)",0.30026602063095426
1.1590787911282563,78.99159663865547,0.8546510352679334,0.8349675701309056,1.4414383561643835,"(5, 6, 4, 5)","(70, 78, 86, 94)",0.3603646781183153
1.1700300684707239,79.83193277310924,0.8376296754118263,0.80952287075563,1.5434931506849314,"(5, 6, 4, 5)","(70, 76, 82, 88)",0.31284675484216373
1.1584623074631166,78.15126050420169,0.8267487241913517,0.816503704574622,1.5431506849315069,"(5, 6, 4, 5)","(64, 74, 84, 92)",0.2917464929333547
1.1638260791078952,78.99159663865547,0.8576013029337815,0.8349675701309056,1.448972602739726,"(5, 6, 4, 6)","(70, 78, 86, 94)",0.36489103813505247
1.1731440782262996,79.83193277310924,0.8408245111714597,0.80952287075563,1.5503424657534246,"(5, 6, 4, 6)","(70, 76, 82, 88)",0.3146115173744835
1.162587949124304,78.99159663865547,0.8280270329137276,0.8189285582013165,1.5520547945205478,"(5, 6, 4, 6)","(64, 74, 84, 92)",0.2945141510192109
1.1412412901342024,76.47058823529412,0.8394213604253077,0.8224158232634862,1.4188356164383562,"(5, 6, 5, 1)","(70, 78, 86, 94)",0.33722368535721253
1.1591818176195352,77.31092436974791,0.8138441041537684,0.7971722789185389,1.5386986301369863,"(5, 6, 5, 1)","(70, 76, 82, 88)",0.2954932660197348
1.1430574248660443,76.47058823529412,0.8072269726472276,0.7907457925055844,1.5256849315068493,"(5, 6, 5, 1)","(64, 74, 84, 92)",0.2721352968135827
1.161440814919661,77.31092436974791,0.7934270291252385,0.776712019654825,1.6,"(5, 6, 5, 2)","(64, 72, 80, 88)",0.26906802486610143
1.1412412901342024,76.47058823529412,0.8449828240977509,0.8303800742846269,1.4202054794520549,"(5, 6, 5, 2)","(70, 78, 86, 94)",0.3361243416396666
1.163363448415054,77.31092436974791,0.8215645838588275,0.8071082150187863,1.5376712328767124,"(5, 6, 5, 2)","(70, 76, 82, 88)",0.3038352034216289
1.1479963444416024,77.31092436974791,0.813782919365024,0.7981052640432511,1.516095890410959,"(5, 6, 5, 2)","(64, 74, 84, 92)",0.2867613309684664
1.144605137663322,77.31092436974791,0.8486476680607492,0.8353841779409794,1.4304794520547945,"(5, 6, 5, 3)","(70, 78, 86, 94)",0.33591646935314246
1.1659636085177534,77.31092436974791,0.8291171713375471,0.8095778446563708,1.5424657534246575,"(5, 6, 5, 3)","(70, 76, 82, 88)",0.3059430157019191
1.157915482902955,77.31092436974791,0.8204876793406176,0.8057580865645665,1.5212328767123289,"(5, 6, 5, 3)","(64, 74, 84, 92)",0.30296531542485444
1.1525462159291227,78.15126050420169,0.8516599718921912,0.8353841779409794,1.4376712328767123,"(5, 6, 5, 4)","(70, 78, 86, 94)",0.34854064985370753
1.1677183397559348,78.15126050420169,0.833709996024521,0.8095778446563708,1.5445205479452055,"(5, 6, 5, 4)","(70, 76, 82, 88)",0.30801103904863486
1.157915482902955,78.15126050420169,0.8236035336455538,0.8095165030859588,1.5325342465753424,"(5, 6, 5, 4)","(64, 74, 84, 92)",0.2965358264158383
1.1569773557274525,78.99159663865547,0.8531887762923913,0.8353841779409794,1.4445205479452055,"(5, 6, 5, 5)","(70, 78, 86, 94)",0.35313858145158816
1.1689829713495106,78.99159663865547,0.8342342790900741,0.8095778446563708,1.5472602739726027,"(5, 6, 5, 5)","(70, 76, 82, 88)",0.30877989758483787
1.157915482902955,78.15126050420169,0.8278239375880871,0.8145171803878603,1.5469178082191781,"(5, 6, 5, 5)","(64, 74, 84, 92)",0.2887371384324537
1.1626764626340977,78.99159663865547,0.8554683097956185,0.8353841779409794,1.4503424657534247,"(5, 6, 5, 6)","(70, 78, 86, 94)",0.3612283428833196
1.1714138120616797,79.83193277310924,0.8390536769212044,0.8095778446563708,1.5517123287671233,"(5, 6, 5, 6)","(70, 76, 82, 88)",0.3106941844941681
1.159227171053449,78.15126050420169,0.830022102834464,0.817677978616806,1.5534246575342465,"(5, 6, 5, 6)","(64, 74, 84, 92)",0.28771246254707367
1.1398892223393602,75.63025210084034,0.8384852943860487,0.821390968707121,1.426027397260274,"(5, 6, 6, 1)","(70, 78, 86, 94)",0.32835733861007377
1.159447565876297,76.47058823529412,0.8129638698545414,0.7956952782533352,1.5486301369863014,"(5, 6, 6, 1)","(70, 76, 82, 88)",0.2906285220716526
1.1428562801459403,76.47058823529412,0.8054399265507324,0.7890706258872,1.5332191780821918,"(5, 6, 6, 1)","(64, 74, 84, 92)",0.26791286963785854
1.1424794650470813,76.47058823529412,0.8432520709670732,0.8288902963435255,1.4273972602739726,"(5, 6, 6, 2)","(70, 78, 86, 94)",0.33336541501400435
1.1627854694261999,77.31092436974791,0.8204042528108203,0.8055805270610775,1.5455479452054794,"(5, 6, 6, 2)","(70, 76, 82, 88)",0.29838893328594074
1.1453408916725343,77.31092436974791,0.8123554339888649,0.7967747100049312,1.520890410958904,"(5, 6, 6, 2)","(64, 74, 84, 92)",0.27902393404589093
1.1436032020104834,77.31092436974791,0.8479378683532965,0.8356343352855027,1.4352739726027397,"(5, 6, 6, 3)","(70, 78, 86, 94)",0.3299145160272317
1.1653122557308289,77.31092436974791,0.8270789161275565,0.8124116726080027,1.5462328767123288,"(5, 6, 6, 3)","(70, 76, 82, 88)",0.30264061864201897
1.1555143995337933,77.31092436974791,0.8173259553111132,0.8026248368558282,1.5253424657534247,"(5, 6, 6, 3)","(64, 74, 84, 92)",0.29602480224164046
1.1489697138969701,78.15126050420169,0.8498436025087633,0.8356343352855027,1.4434931506849316,"(5, 6, 6, 4)","(70, 78, 86, 94)",0.33590082206884375
1.166922327956585,78.15126050420169,0.8322865035400537,0.8124116726080027,1.5476027397260275,"(5, 6, 6, 4)","(70, 76, 82, 88)",0.30482376337287564
1.1567163062058148,77.31092436974791,0.8219134518665228,0.8078955657879092,1.5397260273972602,"(5, 6, 6, 4)","(64, 74, 84, 92)",0.29036269931534214
1.1547080055580545,78.15126050420169,0.8527188555389734,0.8356343352855027,1.446917808219178,"(5, 6, 6, 5)","(70, 78, 86, 94)",0.3461665718233864
1.1683640611916706,78.99159663865547,0.8327650770326684,0.8124116726080027,1.5482876712328768,"(5, 6, 6, 5)","(70, 76, 82, 88)",0.30707249136769393
1.1567163062058148,78.15126050420169,0.8257451393849967,0.8119359653496041,1.5472602739726027,"(5, 6, 6, 5)","(64, 74, 84, 92)",0.286365215344793
1.1608169617807478,78.99159663865547,0.8533381582904043,0.8356343352855027,1.4517123287671232,"(5, 6, 6, 6)","(70, 78, 86, 94)",0.3560163217587442
1.1699443518242643,79.83193277310924,0.8375612758694485,0.8124116726080027,1.553082191780822,"(5, 6, 6, 6)","(70, 76, 82, 88)",0.3072678063943354
1.1575717868776427,78.15126050420169,0.8286477640229507,0.8161211628965874,1.5527397260273972,"(5, 6, 6, 6)","(64, 74, 84, 92)",0.28507411256673904
1.2150834670110022,81.5126050420168,0.8273008773261277,0.8127833534041483,1.5551369863013698,"(6, 1, 1, 1)","(64, 72, 80, 88)",0.3874421490882953
1.184260186297364,80.67226890756302,0.8700114025002915,0.8503049434320711,1.3691780821917807,"(6, 1, 1, 1)","(70, 78, 86, 94)",0.4991092244789455
1.2178296062462453,81.5126050420168,0.8554788590067609,0.8236891344806497,1.496917808219178,"(6, 1, 1, 1)","(70, 76, 82, 88)",0.43836144055067966
1.1897567901991215,80.67226890756302,0.8446439449257063,0.8290551494114207,1.4777397260273972,"(6, 1, 1, 1)","(64, 74, 84, 92)",0.3971970088755805
1.2162296063407187,83.19327731092437,0.8328130281919921,0.8137458539614751,1.5818493150684931,"(6, 1, 1, 2)","(64, 72, 80, 88)",0.3716247501559145
1.1861688105571677,79.83193277310924,0.8726451034020066,0.8503049434320711,1.3952054794520548,"(6, 1, 1, 2)","(70, 78, 86, 94)",0.4710683941307884
1.2195343688173201,81.5126050420168,0.8578071832408899,0.8236891344806497,1.5256849315068493,"(6, 1, 1, 2)","(70, 76, 82, 88)",0.41761586771763837
1.1970865842627154,82.35294117647058,0.8485940815555426,0.8339768139675934,1.513013698630137,"(6, 1, 1, 2)","(64, 74, 84, 92)",0.3841741161863344
1.1910610319763162,81.5126050420168,0.8721246071763117,0.8503049434320711,1.423972602739726,"(6, 1, 1, 3)","(70, 78, 86, 94)",0.45064476039648094
1.2208234920245091,82.35294117647058,0.8582484068377162,0.8236891344806497,1.5503424657534246,"(6, 1, 1, 3)","(70, 76, 82, 88)",0.40124741550190834
1.202472125336506,82.35294117647058,0.8498847134032812,0.8339768139675934,1.5534246575342465,"(6, 1, 1, 3)","(64, 74, 84, 92)",0.3658530977615085
1.189735299686117,81.5126050420168,0.8764554285610952,0.8503049434320711,1.4654109589041096,"(6, 1, 1, 4)","(70, 78, 86, 94)",0.4076726085971021
1.2228471790140891,82.35294117647058,0.8603583227929603,0.8236891344806497,1.5767123287671232,"(6, 1, 1, 4)","(70, 76, 82, 88)",0.386409597815404
1.2049412271247137,83.19327731092437,0.8499051004702672,0.8339768139675934,1.5832191780821918,"(6, 1, 1, 4)","(64, 74, 84, 92)",0.35139658438295013
1.1966216010778221,82.35294117647058,0.8767990455455574,0.8503049434320711,1.4972602739726026,"(6, 1, 1, 5)","(70, 78, 86, 94)",0.39540983136862307
1.2232275560993457,82.35294117647058,0.8601697301372193,0.8236891344806497,1.591095890410959,"(6, 1, 1, 5)","(70, 76, 82, 88)",0.37765032665706233
1.1995682899250446,82.35294117647058,0.8757780448224524,0.8503049434320711,1.525,"(6, 1, 1, 6)","(70, 78, 86, 94)",0.3801300760477041
1.2027922852615183,80.67226890756302,0.8206172734042096,0.8068048191256401,1.564041095890411,"(6, 1, 2, 1)","(64, 72, 80, 88)",0.3595345919633475
1.1795452112478255,78.99159663865547,0.8681396309821091,0.8469450593232244,1.3726027397260274,"(6, 1, 2, 1)","(70, 78, 86, 94)",0.4818676625401199
1.2157296734807141,80.67226890756302,0.8508255763420374,0.8190935717104979,1.4982876712328768,"(6, 1, 2, 1)","(70, 76, 82, 88)",0.4329420251296806
1.1891228463541232,79.83193277310924,0.8372310401808578,0.8222507218612735,1.4952054794520548,"(6, 1, 2, 1)","(64, 74, 84, 92)",0.38190782251316724
1.2142832293813792,81.5126050420168,0.825803827227622,0.8118542886004465,1.5825342465753425,"(6, 1, 2, 2)","(64, 72, 80, 88)",0.3678465783619208
1.180075101746944,79.83193277310924,0.8693912410616218,0.8469450593232244,1.4013698630136986,"(6, 1, 2, 2)","(70, 78, 86, 94)",0.44865127738999694
1.2183384530116608,82.35294117647058,0.8543391284163298,0.8190935717104979,1.521917808219178,"(6, 1, 2, 2)","(70, 76, 82, 88)",0.41833876823756533
1.1948465992544555,80.67226890756302,0.8432292774712591,0.8296563351972333,1.523972602739726,"(6, 1, 2, 2)","(64, 74, 84, 92)",0.3718640979235359
1.1817603591315136,79.83193277310924,0.8693276630733835,0.8469450593232244,1.4311643835616439,"(6, 1, 2, 3)","(70, 78, 86, 94)",0.42155698861320057
1.218808772166547,82.35294117647058,0.8548216492156612,0.8190935717104979,1.5417808219178082,"(6, 1, 2, 3)","(70, 76, 82, 88)",0.40386954154634475
1.197831988529804,81.5126050420168,0.8461618392650543,0.8306623552561209,1.5503424657534246,"(6, 1, 2, 3)","(64, 74, 84, 92)",0.3594706947772421
1.1901961573007351,79.83193277310924,0.8720833613939021,0.8469450593232244,1.466095890410959,"(6, 1, 2, 4)","(70, 78, 86, 94)",0.4080622919310409
1.2212351334867546,82.35294117647058,0.8560095314437036,0.8190935717104979,1.560958904109589,"(6, 1, 2, 4)","(70, 76, 82, 88)",0.3943874174489154
1.2000301656537855,82.35294117647058,0.8461803594049555,0.8306623552561209,1.5722602739726028,"(6, 1, 2, 4)","(64, 74, 84, 92)",0.34954403573252757
1.1957741068550722,80.67226890756302,0.8743239764543534,0.8469450593232244,1.4934931506849316,"(6, 1, 2, 5)","(70, 78, 86, 94)",0.39671088967162443
1.2223491872094536,82.35294117647058,0.858103001846897,0.8190935717104979,1.5763698630136986,"(6, 1, 2, 5)","(70, 76, 82, 88)",0.38577517923446497
1.2005431660795702,83.19327731092437,0.846138171468147,0.8306623552561209,1.5914383561643837,"(6, 1, 2, 5)","(64, 74, 84, 92)",0.3390770381889664
1.1958186089551857,80.67226890756302,0.8738145929760802,0.8469450593232244,1.510958904109589,"(6, 1, 2, 6)","(70, 78, 86, 94)",0.3832374920570658
1.2223491872094536,84.03361344537815,0.8588508911509373,0.8190935717104979,1.5924657534246576,"(6, 1, 2, 6)","(70, 76, 82, 88)",0.3752945818795402
1.2006003793276505,79.83193277310924,0.8156695383010737,0.8014905416527436,1.5688356164383561,"(6, 1, 3, 1)","(64, 72, 80, 88)",0.35265087756576735
1.1726074595624298,78.99159663865547,0.8665709644047129,0.8435521067141761,1.3866438356164383,"(6, 1, 3, 1)","(70, 78, 86, 94)",0.44642496184437125
1.2019589592072044,79.83193277310924,0.8468299289845842,0.8146691992315004,1.5023972602739726,"(6, 1, 3, 1)","(70, 76, 82, 88)",0.4019905663838016
1.1799606746606344,78.99159663865547,0.8323355774227047,0.8167326824288579,1.5006849315068493,"(6, 1, 3, 1)","(64, 74, 84, 92)",0.35942898085434494
1.2028503551729037,81.5126050420168,0.8220002409155941,0.808585669796025,1.5797945205479451,"(6, 1, 3, 2)","(64, 72, 80, 88)",0.3498659404045357
1.175524077885725,79.83193277310924,0.8670432018426392,0.8435521067141761,1.411986301369863,"(6, 1, 3, 2)","(70, 78, 86, 94)",0.4260434808198811
1.2111055477209987,80.67226890756302,0.8508942287677097,0.8146691992315004,1.5236301369863015,"(6, 1, 3, 2)","(70, 76, 82, 88)",0.40315774973532764
1.19405459811827,80.67226890756302,0.8374758913118848,0.8241756534333864,1.526027397260274,"(6, 1, 3, 2)","(64, 74, 84, 92)",0.3689058766310861
1.2107768650663997,82.35294117647058,0.8264061579643571,0.809781993083089,1.5965753424657534,"(6, 1, 3, 3)","(64, 72, 80, 88)",0.3533113926486149
1.1806933925720382,79.83193277310924,0.8675331860702871,0.8435521067141761,1.4417808219178083,"(6, 1, 3, 3)","(70, 78, 86, 94)",0.4090114002405825
1.213498736396445,81.5126050420168,0.8524069267276781,0.8146691992315004,1.538013698630137,"(6, 1, 3, 3)","(70, 76, 82, 88)",0.39682769591191547
1.19405459811827,81.5126050420168,0.8403348657577909,0.8283882000273353,1.54486301369863,"(6, 1, 3, 3)","(64, 74, 84, 92)",0.3561530022032359
1.1880433489890145,79.83193277310924,0.8695502728416914,0.8435521067141761,1.4636986301369863,"(6, 1, 3, 4)","(70, 78, 86, 94)",0.4055292312023061
1.213498736396445,82.35294117647058,0.853316191265887,0.8146691992315004,1.553082191780822,"(6, 1, 3, 4)","(70, 76, 82, 88)",0.38601629119357217
1.19405459811827,81.5126050420168,0.8425352283231848,0.8283882000273353,1.5654109589041096,"(6, 1, 3, 4)","(64, 74, 84, 92)",0.3432098282891268
1.1884396317495662,79.83193277310924,0.871167473431851,0.8435521067141761,1.4904109589041097,"(6, 1, 3, 5)","(70, 78, 86, 94)",0.3842484111094506
1.213498736396445,83.19327731092437,0.8555741042333131,0.8146691992315004,1.5684931506849316,"(6, 1, 3, 5)","(70, 76, 82, 88)",0.375551994143144
1.19405459811827,82.35294117647058,0.8433140847488242,0.8283882000273353,1.5811643835616438,"(6, 1, 3, 5)","(64, 74, 84, 92)",0.33390655657357005
1.1884396317495662,79.83193277310924,0.872375580043735,0.8435521067141761,1.507876712328767,"(6, 1, 3, 6)","(70, 78, 86, 94)",0.37103420411917293
1.213498736396445,83.19327731092437,0.8567137830569793,0.8146691992315004,1.5832191780821918,"(6, 1, 3, 6)","(70, 76, 82, 88)",0.3660694716838632
1.19405459811827,82.35294117647058,0.8422908748354102,0.8283882000273353,1.5969178082191782,"(6, 1, 3, 6)","(64, 74, 84, 92)",0.3250943353444339
1.1987755592017013,78.99159663865547,0.8105650934932,0.7955546401345949,1.5746575342465754,"(6, 1, 4, 1)","(64, 72, 80, 88)",0.34590264175743013
1.1686805145932784,78.99159663865547,0.864043344745843,0.8384084526394734,1.4044520547945205,"(6, 1, 4, 1)","(70, 78, 86, 94)",0.4170593586895622
1.2006228595917903,79.83193277310924,0.842647826357177,0.8135120431647656,1.5095890410958903,"(6, 1, 4, 1)","(70, 76, 82, 88)",0.3936953965107713
1.1735467414532688,78.99159663865547,0.8270066936402656,0.8113878569075842,1.514041095890411,"(6, 1, 4, 1)","(64, 74, 84, 92)",0.33761258164126906
1.2013394215054582,81.5126050420168,0.8178438874535181,0.8042346378902968,1.5928082191780821,"(6, 1, 4, 2)","(64, 72, 80, 88)",0.33963669023451076
1.1751003019607362,78.99159663865547,0.8657095683576818,0.8384084526394734,1.4253424657534246,"(6, 1, 4, 2)","(70, 78, 86, 94)",0.41166898689641696
1.2026352189322334,79.83193277310924,0.8485327040113478,0.8135120431647656,1.521917808219178,"(6, 1, 4, 2)","(70, 76, 82, 88)",0.3882512068780325
1.1797834873186661,80.67226890756302,0.8308064904430051,0.8178704607929369,1.5315068493150685,"(6, 1, 4, 2)","(64, 74, 84, 92)",0.3382524374809955
1.2026584464256496,81.5126050420168,0.8196913212404368,0.8072656658503932,1.597945205479452,"(6, 1, 4, 3)","(64, 72, 80, 88)",0.3389247786729076
1.177695069314914,79.83193277310924,0.866316611728064,0.8384084526394734,1.448972602739726,"(6, 1, 4, 3)","(70, 78, 86, 94)",0.3957815426388625
1.2049440491739785,79.83193277310924,0.850008980387907,0.8135120431647656,1.539041095890411,"(6, 1, 4, 3)","(70, 76, 82, 88)",0.3802011585692611
1.1882130468873995,80.67226890756302,0.8366487229814404,0.8251775950758401,1.5503424657534246,"(6, 1, 4, 3)","(64, 74, 84, 92)",0.34199259297523743
1.1795606350637928,79.83193277310924,0.865396394157696,0.8384084526394734,1.4623287671232876,"(6, 1, 4, 4)","(70, 78, 86, 94)",0.3883830032490927
1.2049440491739785,79.83193277310924,0.8504487634727728,0.8135120431647656,1.5527397260273972,"(6, 1, 4, 4)","(70, 76, 82, 88)",0.37077857719208
1.1882130468873995,81.5126050420168,0.8388134417150628,0.8257509561112324,1.5606164383561645,"(6, 1, 4, 4)","(64, 74, 84, 92)",0.3357251661033637
1.1805857268359654,79.83193277310924,0.868121172926133,0.8384084526394734,1.4856164383561643,"(6, 1, 4, 5)","(70, 78, 86, 94)",0.3718690566720868
1.2072615673345513,80.67226890756302,0.852823382742984,0.8135120431647656,1.5667808219178083,"(6, 1, 4, 5)","(70, 76, 82, 88)",0.365682040251897
1.1882130468873995,81.5126050420168,0.8405392272110583,0.8257509561112324,1.5732876712328767,"(6, 1, 4, 5)","(64, 74, 84, 92)",0.328304717390207
1.1807778873479189,79.83193277310924,0.8689267452480958,0.8384084526394734,1.5061643835616438,"(6, 1, 4, 6)","(70, 78, 86, 94)",0.35715252439507655
1.2074943786584713,81.5126050420168,0.8536725682502855,0.8135120431647656,1.5787671232876712,"(6, 1, 4, 6)","(70, 76, 82, 88)",0.35851099744540604
1.1882130468873995,81.5126050420168,0.8416712080961207,0.8257509561112324,1.5863013698630137,"(6, 1, 4, 6)","(64, 74, 84, 92)",0.3210175799714991
1.1963771428324521,78.99159663865547,0.8083670271253975,0.7926413100809184,1.5839041095890412,"(6, 1, 5, 1)","(64, 72, 80, 88)",0.3363174528274253
1.1704162772200133,78.99159663865547,0.8589748262241688,0.8368811081141551,1.4195205479452055,"(6, 1, 5, 1)","(70, 78, 86, 94)",0.40621675876117447
1.1995310855077315,79.83193277310924,0.838250700501291,0.812198981633607,1.5174657534246576,"(6, 1, 5, 1)","(70, 76, 82, 88)",0.38559283235114217
1.1721582292176287,78.99159663865547,0.8231065010205943,0.8068801270182135,1.523972602739726,"(6, 1, 5, 1)","(64, 74, 84, 92)",0.32856341785325216
1.1994411434960066,79.83193277310924,0.8135293321390081,0.7998321850734708,1.5996575342465753,"(6, 1, 5, 2)","(64, 72, 80, 88)",0.33259174129545366
1.1742118642421548,78.99159663865547,0.8642498940976382,0.8368811081141551,1.4311643835616439,"(6, 1, 5, 2)","(70, 78, 86, 94)",0.4040497566219953
1.199540703003026,79.83193277310924,0.8441935579486021,0.812198981633607,1.5287671232876712,"(6, 1, 5, 2)","(70, 76, 82, 88)",0.37736972329587837
1.1744235904458817,79.83193277310924,0.8277298626584484,0.815122512227616,1.5373287671232876,"(6, 1, 5, 2)","(64, 74, 84, 92)",0.3246124181656945
1.17736936101535,79.83193277310924,0.8641620602517925,0.8368811081141551,1.45,"(6, 1, 5, 3)","(70, 78, 86, 94)",0.3941541355896666
1.199540703003026,79.83193277310924,0.8468965344591451,0.812198981633607,1.5404109589041095,"(6, 1, 5, 3)","(70, 76, 82, 88)",0.3692388167102891
1.184730829377614,80.67226890756302,0.8325145447664227,0.8217513567071532,1.5520547945205478,"(6, 1, 5, 3)","(64, 74, 84, 92)",0.33462408299170776
1.17736936101535,79.83193277310924,0.8636997925336926,0.8368811081141551,1.4633561643835618,"(6, 1, 5, 4)","(70, 78, 86, 94)",0.38279270817799094
1.199540703003026,79.83193277310924,0.8487835349536726,0.812198981633607,1.555821917808219,"(6, 1, 5, 4)","(70, 76, 82, 88)",0.35900114157044744
1.184730829377614,80.67226890756302,0.8360909728449241,0.8239971166354704,1.5585616438356165,"(6, 1, 5, 4)","(64, 74, 84, 92)",0.33072594836458175
1.17736936101535,79.83193277310924,0.8643133913251635,0.8368811081141551,1.4821917808219178,"(6, 1, 5, 5)","(70, 78, 86, 94)",0.36783986801478824
1.199540703003026,79.83193277310924,0.8499464900515045,0.812198981633607,1.5671232876712329,"(6, 1, 5, 5)","(70, 76, 82, 88)",0.35184713331451456
1.184730829377614,81.5126050420168,0.8389967854228374,0.8239971166354704,1.5712328767123287,"(6, 1, 5, 5)","(64, 74, 84, 92)",0.3233897013085329
1.17736936101535,80.67226890756302,0.8651279776778197,0.8368811081141551,1.503082191780822,"(6, 1, 5, 6)","(70, 78, 86, 94)",0.35256537383582154
1.199540703003026,80.67226890756302,0.8510211026992364,0.812198981633607,1.5794520547945206,"(6, 1, 5, 6)","(70, 76, 82, 88)",0.3443610240950568
1.184730829377614,81.5126050420168,0.8400298550539672,0.8239971166354704,1.5839041095890412,"(6, 1, 5, 6)","(64, 74, 84, 92)",0.3163718602830691
1.1936705191737418,78.99159663865547,0.8080174730608507,0.7908421879848683,1.597945205479452,"(6, 1, 6, 1)","(64, 72, 80, 88)",0.3238934226731535
1.170022517260444,78.15126050420169,0.8560734688147592,0.834718887783474,1.4297945205479452,"(6, 1, 6, 1)","(70, 78, 86, 94)",0.39559023936294524
1.1926392529345649,78.99159663865547,0.8358803308392333,0.8112645359347533,1.5253424657534247,"(6, 1, 6, 1)","(70, 76, 82, 88)",0.3666927109315054
1.1709029521964975,78.15126050420169,0.8218470994378113,0.8054331319796646,1.5356164383561643,"(6, 1, 6, 1)","(64, 74, 84, 92)",0.319077123026709
1.1728812019985975,78.99159663865547,0.8619972691149255,0.834718887783474,1.4386986301369864,"(6, 1, 6, 2)","(70, 78, 86, 94)",0.39407736911467955
1.1926392529345649,79.83193277310924,0.840528594657704,0.8112645359347533,1.5366438356164382,"(6, 1, 6, 2)","(70, 76, 82, 88)",0.35897040112886375
1.1731321103923384,79.83193277310924,0.8270193459976881,0.8114037866964802,1.5363013698630137,"(6, 1, 6, 2)","(64, 74, 84, 92)",0.3228261573088303
1.1743986882852646,79.83193277310924,0.8624314845244125,0.834718887783474,1.4513698630136986,"(6, 1, 6, 3)","(70, 78, 86, 94)",0.3863764565955787
1.1926392529345649,79.83193277310924,0.8444660645635901,0.8112645359347533,1.5452054794520549,"(6, 1, 6, 3)","(70, 76, 82, 88)",0.3533333031211867
1.1746234359242538,79.83193277310924,0.8294502081549047,0.8180632501734354,1.5547945205479452,"(6, 1, 6, 3)","(64, 74, 84, 92)",0.31475335364124757
1.1743986882852646,79.83193277310924,0.8618234802066627,0.834718887783474,1.4640410958904109,"(6, 1, 6, 4)","(70, 78, 86, 94)",0.37582595556676957
1.1926392529345649,79.83193277310924,0.8468287698644933,0.8112645359347533,1.5565068493150684,"(6, 1, 6, 4)","(70, 76, 82, 88)",0.3461579191193412
1.1813852569458247,80.67226890756302,0.8346772096367718,0.8244622910144405,1.5578767123287671,"(6, 1, 6, 4)","(64, 74, 84, 92)",0.3251350216585686
1.1743986882852646,79.83193277310924,0.8612978086008972,0.834718887783474,1.4842465753424658,"(6, 1, 6, 5)","(70, 78, 86, 94)",0.36014439164990986
1.1926392529345649,79.83193277310924,0.8476475147872518,0.8112645359347533,1.5681506849315068,"(6, 1, 6, 5)","(70, 76, 82, 88)",0.33906366399573806
1.1813852569458247,80.67226890756302,0.8366088264427479,0.8268011392998219,1.5708904109589041,"(6, 1, 6, 5)","(64, 74, 84, 92)",0.31772342548398813
1.1743986882852646,80.67226890756302,0.8631890944088539,0.834718887783474,1.502054794520548,"(6, 1, 6, 6)","(70, 78, 86, 94)",0.3473698293267207
1.1926392529345649,80.67226890756302,0.8483347997338923,0.8112645359347533,1.5767123287671232,"(6, 1, 6, 6)","(70, 76, 82, 88)",0.33403005853261847
1.1813852569458247,80.67226890756302,0.8383426155663167,0.8284492822326032,1.5815068493150686,"(6, 1, 6, 6)","(64, 74, 84, 92)",0.3119228211318069
1.1998227196558213,79.83193277310924,0.8209823643859003,0.8063605794544935,1.5513698630136987,"(6, 2, 1, 1)","(64, 72, 80, 88)",0.3624113921708063
1.1712601274224907,79.83193277310924,0.86889757769077,0.8476455695375735,1.3623287671232878,"(6, 2, 1, 1)","(70, 78, 86, 94)",0.4726650019599932
1.2010478616938318,79.83193277310924,0.8497926407170528,0.8200650556442441,1.486986301369863,"(6, 2, 1, 1)","(70, 76, 82, 88)",0.412840897430372
1.1773627452522386,78.99159663865547,0.8365678190369243,0.8212981797805314,1.4678082191780821,"(6, 2, 1, 1)","(64, 74, 84, 92)",0.3791355901438776
1.2026219315838087,81.5126050420168,0.8253955543472871,0.8118210642589448,1.573972602739726,"(6, 2, 1, 2)","(64, 72, 80, 88)",0.3530167304443445
1.175733063208046,79.83193277310924,0.8694669728167502,0.8476455695375735,1.391095890410959,"(6, 2, 1, 2)","(70, 78, 86, 94)",0.44933497772985503
1.2047452968804282,80.67226890756302,0.85298657674776,0.8200650556442441,1.513013698630137,"(6, 2, 1, 2)","(70, 76, 82, 88)",0.39910298190310434
1.1849508953886223,79.83193277310924,0.8411672870273521,0.8272755044001189,1.496917808219178,"(6, 2, 1, 2)","(64, 74, 84, 92)",0.37219615060977057
1.1795451424065413,79.83193277310924,0.8687365318268977,0.8476455695375735,1.414041095890411,"(6, 2, 1, 3)","(70, 78, 86, 94)",0.43364087330612117
1.209898827562396,80.67226890756302,0.855506335640999,0.8200650556442441,1.5332191780821918,"(6, 2, 1, 3)","(70, 76, 82, 88)",0.3936445577920338
1.1939716963670273,81.5126050420168,0.8449764989199995,0.8316519562945803,1.5363013698630137,"(6, 2, 1, 3)","(64, 74, 84, 92)",0.3616841337111875
1.1833025594562099,79.83193277310924,0.8709615098031223,0.8476455695375735,1.438013698630137,"(6, 2, 1, 4)","(70, 78, 86, 94)",0.41848590587344237
1.2157522539994345,81.5126050420168,0.8566625244377182,0.8200650556442441,1.5517123287671233,"(6, 2, 1, 4)","(70, 76, 82, 88)",0.39105933065074416
1.1941520176031284,81.5126050420168,0.8461188371564221,0.8316519562945803,1.5599315068493151,"(6, 2, 1, 4)","(64, 74, 84, 92)",0.34674244122393566
1.184597283571817,79.83193277310924,0.8730490599571357,0.8476455695375735,1.4640410958904109,"(6, 2, 1, 5)","(70, 78, 86, 94)",0.3978037402433254
1.2157522539994345,82.35294117647058,0.8585797671005763,0.8200650556442441,1.5708904109589041,"(6, 2, 1, 5)","(70, 76, 82, 88)",0.3779223645341025
1.1941520176031284,81.5126050420168,0.8470980573789636,0.8316519562945803,1.582191780821918,"(6, 2, 1, 5)","(64, 74, 84, 92)",0.3334846420006675
1.189442528317173,79.83193277310924,0.8746705034773815,0.8476455695375735,1.4883561643835617,"(6, 2, 1, 6)","(70, 78, 86, 94)",0.38791878168733884
1.2157522539994345,84.03361344537815,0.8593031474430561,0.8200650556442441,1.5907534246575343,"(6, 2, 1, 6)","(70, 76, 82, 88)",0.365215409668608
1.199480862843989,79.83193277310924,0.8143037448981796,0.7998326095232468,1.558904109589041,"(6, 2, 2, 1)","(64, 72, 80, 88)",0.35691428891203925
1.166121003420938,79.83193277310924,0.8665425134163305,0.8444033756073099,1.3756849315068493,"(6, 2, 2, 1)","(70, 78, 86, 94)",0.44218170463914197
1.200661216682547,79.83193277310924,0.8459361470543337,0.8162851335177806,1.4910958904109588,"(6, 2, 2, 1)","(70, 76, 82, 88)",0.4085988512643217
1.1757070875284457,78.99159663865547,0.8309168165468365,0.8151995276039573,1.4777397260273972,"(6, 2, 2, 1)","(64, 74, 84, 92)",0.3677883122459221
1.2032101268822386,81.5126050420168,0.8243789636134676,0.8105275592254287,1.590068493150685,"(6, 2, 2, 3)","(64, 72, 80, 88)",0.34438396430420004
1.17648698651667,79.83193277310924,0.8674237876314432,0.8444033756073099,1.4219178082191781,"(6, 2, 2, 3)","(70, 78, 86, 94)",0.4182970784323673
1.205820670061873,79.83193277310924,0.8529973845630265,0.8162851335177806,1.5294520547945205,"(6, 2, 2, 3)","(70, 76, 82, 88)",0.38874279209616375
1.1843981176900023,81.5126050420168,0.8407536835584296,0.827893119245427,1.536986301369863,"(6, 2, 2, 3)","(64, 74, 84, 92)",0.34339445386148376
1.1807827369939738,79.83193277310924,0.8703411874816398,0.8444033756073099,1.4616438356164383,"(6, 2, 2, 5)","(70, 78, 86, 94)",0.39160652227181286
1.2069594829407875,81.5126050420168,0.8550899317255908,0.8162851335177806,1.5623287671232877,"(6, 2, 2, 5)","(70, 76, 82, 88)",0.36804000620408
1.1881862761548345,81.5126050420168,0.8436992035499119,0.827893119245427,1.5732876712328767,"(6, 2, 2, 5)","(64, 74, 84, 92)",0.3282580205329252
1.1977796947808244,78.99159663865547,0.8102070298768312,0.7950242912601286,1.5643835616438355,"(6, 2, 3, 1)","(64, 72, 80, 88)",0.3504348960922374
1.1659737988438597,78.99159663865547,0.8626954899317191,0.8375770107232893,1.393150684931507,"(6, 2, 3, 1)","(70, 78, 86, 94)",0.4221633211011063
1.19898272080653,79.83193277310924,0.8423908580930732,0.8134483046750601,1.5023972602739726,"(6, 2, 3, 1)","(70, 76, 82, 88)",0.3960664926755744
1.173145848806636,78.15126050420169,0.8271562789385873,0.8109647317668369,1.4835616438356165,"(6, 2, 3, 1)","(64, 74, 84, 92)",0.3580636533395021
1.2002991059143704,80.67226890756302,0.817095235111588,0.8034238114452239,1.5767123287671232,"(6, 2, 3, 2)","(64, 72, 80, 88)",0.3473119888776494
1.170446715172141,79.83193277310924,0.8641340459259904,0.8375770107232893,1.408904109589041,"(6, 2, 3, 2)","(70, 78, 86, 94)",0.41683786290004315
1.19898272080653,79.83193277310924,0.8470737889896796,0.8134483046750601,1.5126712328767122,"(6, 2, 3, 2)","(70, 76, 82, 88)",0.3881292884135389
1.1757654787503775,79.83193277310924,0.8308859484876587,0.8169876994039356,1.513013698630137,"(6, 2, 3, 2)","(64, 74, 84, 92)",0.3426136167897879
1.2017978407796164,80.67226890756302,0.8203426968332003,0.8076070000505052,1.5873287671232876,"(6, 2, 3, 3)","(64, 72, 80, 88)",0.34358582803293286
1.175360997029644,79.83193277310924,0.8658056353616393,0.8375770107232893,1.428082191780822,"(6, 2, 3, 3)","(70, 78, 86, 94)",0.40964328906124814
1.19898272080653,79.83193277310924,0.8492453857499341,0.8134483046750601,1.5304794520547946,"(6, 2, 3, 3)","(70, 76, 82, 88)",0.3750997706617608
1.1771848363472999,80.67226890756302,0.8367267135961391,0.8243132975057756,1.5366438356164382,"(6, 2, 3, 3)","(64, 74, 84, 92)",0.33017212644168203
1.1782375361267265,79.83193277310924,0.8655516787323049,0.8375770107232893,1.4431506849315068,"(6, 2, 3, 4)","(70, 78, 86, 94)",0.4022052592658745
1.19898272080653,79.83193277310924,0.8509029055284464,0.8134483046750601,1.5465753424657533,"(6, 2, 3, 4)","(70, 76, 82, 88)",0.3640535994705938
1.1803489428456981,81.5126050420168,0.8384484175982484,0.8271696031811593,1.5568493150684932,"(6, 2, 3, 4)","(64, 74, 84, 92)",0.32387387030100767
1.1782375361267265,79.83193277310924,0.8668777590250373,0.8375770107232893,1.457876712328767,"(6, 2, 3, 5)","(70, 78, 86, 94)",0.3892697124084081
1.19898272080653,80.67226890756302,0.8529857179508801,0.8134483046750601,1.563013698630137,"(6, 2, 3, 5)","(70, 76, 82, 88)",0.3534242972962698
1.1832946052197038,81.5126050420168,0.840432008643945,0.8271696031811593,1.5671232876712329,"(6, 2, 3, 5)","(64, 74, 84, 92)",0.32320063239223124
1.1782375361267265,80.67226890756302,0.8679074357920324,0.8375770107232893,1.4821917808219178,"(6, 2, 3, 6)","(70, 78, 86, 94)",0.36964034480826813
1.19898272080653,80.67226890756302,0.8534326171924325,0.8134483046750601,1.573972602739726,"(6, 2, 3, 6)","(70, 76, 82, 88)",0.3466763393526656
1.1832946052197038,81.5126050420168,0.8415562182656086,0.8271696031811593,1.582191780821918,"(6, 2, 3, 6)","(64, 74, 84, 92)",0.314835439553844
1.1958383008871045,78.99159663865547,0.807789453082615,0.7924836397736638,1.5736301369863013,"(6, 2, 4, 1)","(64, 72, 80, 88)",0.34140169468080317
1.16702683964852,78.15126050420169,0.8593534928463159,0.8363454059635134,1.4065068493150685,"(6, 2, 4, 1)","(70, 78, 86, 94)",0.41088321126678873
1.1938489855357928,79.83193277310924,0.8385661040433448,0.8117640440668203,1.5116438356164383,"(6, 2, 4, 1)","(70, 76, 82, 88)",0.3788748579414424
1.171975027902534,78.15126050420169,0.823246711738678,0.8070533236521881,1.4934931506849316,"(6, 2, 4, 1)","(64, 74, 84, 92)",0.3484851363465644
1.196363932991977,80.67226890756302,0.8173261464056685,0.8048821374836954,1.5986301369863014,"(6, 2, 4, 3)","(64, 72, 80, 88)",0.3280221306273301
1.1746070707226162,79.83193277310924,0.8632092982068444,0.8363454059635134,1.4325342465753426,"(6, 2, 4, 3)","(70, 78, 86, 94)",0.40368380562948464
1.1938489855357928,79.83193277310924,0.8462490487884338,0.8117640440668203,1.5328767123287672,"(6, 2, 4, 3)","(70, 76, 82, 88)",0.36377830190521515
1.175688595685898,80.67226890756302,0.8320177222161212,0.8200399062244318,1.545890410958904,"(6, 2, 4, 3)","(64, 74, 84, 92)",0.32183858180854596
1.1751546101954575,80.67226890756302,0.8633648988542638,0.8363454059635134,1.4537671232876712,"(6, 2, 4, 5)","(70, 78, 86, 94)",0.386001103223197
1.1938489855357928,80.67226890756302,0.849292289006382,0.8117640440668203,1.5606164383561645,"(6, 2, 4, 5)","(70, 76, 82, 88)",0.34577827597099253
1.1779324110663238,80.67226890756302,0.8377339413070729,0.8250297100636823,1.5674657534246574,"(6, 2, 4, 5)","(64, 74, 84, 92)",0.3135562102074024
1.1809353852576876,78.99159663865547,0.8057680967149919,0.7885242400868745,1.5852739726027398,"(6, 2, 5, 1)","(64, 72, 80, 88)",0.3091464745186938
1.167362330461992,78.15126050420169,0.8574119632926879,0.834860898278612,1.4164383561643836,"(6, 2, 5, 1)","(70, 78, 86, 94)",0.4018898067014939
1.188012165241211,79.83193277310924,0.8344466405587632,0.8097908582633577,1.5229452054794521,"(6, 2, 5, 1)","(70, 76, 82, 88)",0.3595255550126628
1.170728309402693,78.15126050420169,0.8210845318299086,0.8049330052058422,1.5106164383561644,"(6, 2, 5, 1)","(64, 74, 84, 92)",0.33435725248548864
1.1897021080828556,78.99159663865547,0.8094224210019814,0.7949052266289165,1.5955479452054795,"(6, 2, 5, 2)","(64, 72, 80, 88)",0.3185337295008271
1.170340589961348,78.15126050420169,0.8614788640701049,0.834860898278612,1.426027397260274,"(6, 2, 5, 2)","(70, 78, 86, 94)",0.39983482531120257
1.188012165241211,79.83193277310924,0.8395185427497877,0.8097908582633577,1.529109589041096,"(6, 2, 5, 2)","(70, 76, 82, 88)",0.3553369077697968
1.1730059069631367,78.99159663865547,0.8261305361538692,0.811029807667774,1.5284246575342466,"(6, 2, 5, 2)","(64, 74, 84, 92)",0.3273993832354887
1.1712468806750258,78.99159663865547,0.861220115972584,0.834860898278612,1.4366438356164384,"(6, 2, 5, 3)","(70, 78, 86, 94)",0.39218893456554926
1.1888703605965916,79.83193277310924,0.8436492706910427,0.8097908582633577,1.5376712328767124,"(6, 2, 5, 3)","(70, 76, 82, 88)",0.35127481079111295
1.1747421717378652,78.99159663865547,0.8286075196648102,0.8164853321625137,1.5469178082191781,"(6, 2, 5, 3)","(64, 74, 84, 92)",0.3195035325451261
1.1712468806750258,79.83193277310924,0.8620822137117293,0.834860898278612,1.4414383561643835,"(6, 2, 5, 4)","(70, 78, 86, 94)",0.3879293185190655
1.1895845976936752,79.83193277310924,0.8459939394674194,0.8097908582633577,1.5503424657534246,"(6, 2, 5, 4)","(70, 76, 82, 88)",0.3444847699225461
1.1756318631022185,80.67226890756302,0.8341769317412819,0.8237819666243438,1.5561643835616439,"(6, 2, 5, 4)","(64, 74, 84, 92)",0.31579128094733855
1.1712468806750258,79.83193277310924,0.8622889053581005,0.834860898278612,1.4523972602739725,"(6, 2, 5, 5)","(70, 78, 86, 94)",0.3785320905155756
1.1895702494677862,79.83193277310924,0.8478821430021504,0.8097908582633577,1.5613013698630136,"(6, 2, 5, 5)","(70, 76, 82, 88)",0.33773345237702007
1.1756318631022185,80.67226890756302,0.8359221716153723,0.8260353418832983,1.564041095890411,"(6, 2, 5, 5)","(64, 74, 84, 92)",0.31138132377563926
1.1712468806750258,80.67226890756302,0.8623074882313176,0.834860898278612,1.478082191780822,"(6, 2, 5, 6)","(70, 78, 86, 94)",0.3581954810681055
1.1907332114244453,80.67226890756302,0.8482367080045826,0.8097908582633577,1.5712328767123287,"(6, 2, 5, 6)","(70, 76, 82, 88)",0.33389746844087553
1.1756318631022185,80.67226890756302,0.8379234968505347,0.8263145485620547,1.5784246575342467,"(6, 2, 5, 6)","(64, 74, 84, 92)",0.3036382713194066
1.1750417164868585,78.99159663865547,0.8026451962762465,0.7852912507543962,1.5955479452054795,"(6, 2, 6, 1)","(64, 72, 80, 88)",0.2939170857628676
1.1669761643777667,78.15126050420169,0.8558539277660914,0.8341515238335612,1.4243150684931507,"(6, 2, 6, 1)","(70, 78, 86, 94)",0.39351928973614114
1.1845828286978548,78.99159663865547,0.8326143079166177,0.810484621859905,1.5308219178082192,"(6, 2, 6, 1)","(70, 76, 82, 88)",0.34773023212757165
1.1694810064655747,78.15126050420169,0.8188374839886065,0.802662096415366,1.5243150684931508,"(6, 2, 6, 1)","(64, 74, 84, 92)",0.3232426772563541
1.1678877789611046,78.99159663865547,0.8592091050857175,0.8341515238335612,1.4400684931506849,"(6, 2, 6, 3)","(70, 78, 86, 94)",0.3815037467443001
1.188269631478835,79.83193277310924,0.8405701186906229,0.810484621859905,1.5438356164383562,"(6, 2, 6, 3)","(70, 76, 82, 88)",0.34618849113236666
1.1731863969381857,78.99159663865547,0.8273701391764188,0.8145550284315233,1.545890410958904,"(6, 2, 6, 3)","(64, 74, 84, 92)",0.3172548802129877
1.1687536802989447,79.83193277310924,0.8598186305303797,0.8341515238335612,1.4561643835616438,"(6, 2, 6, 5)","(70, 78, 86, 94)",0.3699405003550439
1.1891288263680737,79.83193277310924,0.8461705352359221,0.810484621859905,1.5599315068493151,"(6, 2, 6, 5)","(70, 76, 82, 88)",0.3377713596298319
1.1731863969381857,80.67226890756302,0.8349745124454767,0.8251376492013824,1.5643835616438355,"(6, 2, 6, 5)","(64, 74, 84, 92)",0.3068593926331932
1.1965478453118412,78.99159663865547,0.813834171501435,0.7987444805948843,1.5486301369863014,"(6, 3, 1, 1)","(64, 72, 80, 88)",0.3582520026907468
1.1655374634297495,78.99159663865547,0.8639814034041364,0.8442639252676011,1.3595890410958904,"(6, 3, 1, 1)","(70, 78, 86, 94)",0.4603518030617796
1.1977646585775774,78.99159663865547,0.8447160371903767,0.8164798825721169,1.4821917808219178,"(6, 3, 1, 1)","(70, 76, 82, 88)",0.4101369339819077
1.1738890584642916,78.15126050420169,0.8309909157581379,0.8154781545026285,1.4664383561643837,"(6, 3, 1, 1)","(64, 74, 84, 92)",0.3728017993507572
1.1997626366274754,80.67226890756302,0.8198192428882771,0.8065221586609854,1.5643835616438355,"(6, 3, 1, 2)","(64, 72, 80, 88)",0.3539483610147016
1.1706676516143257,78.99159663865547,0.86634948912681,0.8442639252676011,1.3886986301369864,"(6, 3, 1, 2)","(70, 78, 86, 94)",0.43907448697253837
1.1977646585775774,78.99159663865547,0.849769053730932,0.8164798825721169,1.5006849315068493,"(6, 3, 1, 2)","(70, 76, 82, 88)",0.39498823737792477
1.1764532742546432,79.83193277310924,0.8362816201921828,0.8220595010651917,1.4835616438356165,"(6, 3, 1, 2)","(64, 74, 84, 92)",0.36490337168807224
1.2013256889335777,80.67226890756302,0.8250456450996191,0.8100624199076011,1.5839041095890412,"(6, 3, 1, 3)","(64, 72, 80, 88)",0.34479238222055536
1.1779375807096124,79.83193277310924,0.8670042621625176,0.8442639252676011,1.409931506849315,"(6, 3, 1, 3)","(70, 78, 86, 94)",0.43406661292570453
1.1977646585775774,78.99159663865547,0.85280355110347,0.8164798825721169,1.518835616438356,"(6, 3, 1, 3)","(70, 76, 82, 88)",0.38117016702741
1.1780407578665804,81.5126050420168,0.8406804482629052,0.8273596236218844,1.5136986301369864,"(6, 3, 1, 3)","(64, 74, 84, 92)",0.34658600864694306
1.1795298988205314,79.83193277310924,0.8665246414133978,0.8442639252676011,1.4321917808219178,"(6, 3, 1, 4)","(70, 78, 86, 94)",0.4153940606624023
1.1977646585775774,78.99159663865547,0.8534546958435607,0.8164798825721169,1.5410958904109588,"(6, 3, 1, 4)","(70, 76, 82, 88)",0.3654891158522317
1.1788208823267483,81.5126050420168,0.84229551069739,0.8273596236218844,1.5356164383561643,"(6, 3, 1, 4)","(64, 74, 84, 92)",0.3338599593312692
1.1804240815995277,80.67226890756302,0.8693433855501068,0.8442639252676011,1.448972602739726,"(6, 3, 1, 5)","(70, 78, 86, 94)",0.40185989189215937
1.1977646585775774,79.83193277310924,0.8554537337542597,0.8164798825721169,1.5568493150684932,"(6, 3, 1, 5)","(70, 76, 82, 88)",0.35514932536686716
1.1790633018109664,81.5126050420168,0.8433600644474479,0.8273596236218844,1.5657534246575342,"(6, 3, 1, 5)","(64, 74, 84, 92)",0.3165041412155097
1.1799130957222768,80.67226890756302,0.8719509358731085,0.8442639252676011,1.4647260273972602,"(6, 3, 1, 6)","(70, 78, 86, 94)",0.3871379804782964
1.1977646585775774,80.67226890756302,0.8573909188602052,0.8164798825721169,1.5695205479452055,"(6, 3, 1, 6)","(70, 76, 82, 88)",0.3472476266064498
1.1830477802631665,81.5126050420168,0.8442324531210271,0.8273596236218844,1.5845890410958905,"(6, 3, 1, 6)","(64, 74, 84, 92)",0.3131221548731377
1.1836491404447553,78.99159663865547,0.8102225039842735,0.7934994673174336,1.5575342465753426,"(6, 3, 2, 1)","(64, 72, 80, 88)",0.3293952641883817
1.1624227290661946,78.15126050420169,0.8610410500612058,0.8394915110584567,1.382876712328767,"(6, 3, 2, 1)","(70, 78, 86, 94)",0.4242167879009734
1.1914967936093461,78.99159663865547,0.8410445375462048,0.8141866972011127,1.49486301369863,"(6, 3, 2, 1)","(70, 76, 82, 88)",0.386969299196741
1.1725570561983112,78.15126050420169,0.8275354764493933,0.8116392703744567,1.4732876712328766,"(6, 3, 2, 1)","(64, 74, 84, 92)",0.3645923329226257
1.1965604402869274,80.67226890756302,0.8166616298171682,0.8032627826978598,1.566095890410959,"(6, 3, 2, 2)","(64, 72, 80, 88)",0.3472211044390974
1.1685208115556165,78.99159663865547,0.8638056379001904,0.8394915110584567,1.3972602739726028,"(6, 3, 2, 2)","(70, 78, 86, 94)",0.42420756012275873
1.192334129158203,78.99159663865547,0.8448185334832553,0.8141866972011127,1.5034246575342465,"(6, 3, 2, 2)","(70, 76, 82, 88)",0.38205146744350543
1.1751407524535102,78.99159663865547,0.8315031058096048,0.817265709893838,1.4958904109589042,"(6, 3, 2, 2)","(64, 74, 84, 92)",0.3531843903068024
1.1965604402869274,80.67226890756302,0.8211863582317931,0.8083003328705793,1.5808219178082192,"(6, 3, 2, 3)","(64, 72, 80, 88)",0.3384177391732477
1.1733521991842852,78.99159663865547,0.8641132919394486,0.8394915110584567,1.41986301369863,"(6, 3, 2, 3)","(70, 78, 86, 94)",0.4128779947945456
1.192334129158203,78.99159663865547,0.8494829123583628,0.8141866972011127,1.5222602739726028,"(6, 3, 2, 3)","(70, 76, 82, 88)",0.3682725620602969
1.176862961029036,80.67226890756302,0.836573561058329,0.8239142809027826,1.5147260273972603,"(6, 3, 2, 3)","(64, 74, 84, 92)",0.3436060187656587
1.1747870972952101,78.99159663865547,0.8655552018758598,0.8394915110584567,1.4321917808219178,"(6, 3, 2, 4)","(70, 78, 86, 94)",0.40442022512045456
1.192334129158203,78.99159663865547,0.851397714210192,0.8141866972011127,1.5404109589041095,"(6, 3, 2, 4)","(70, 76, 82, 88)",0.3559034582648624
1.1776750399991953,81.5126050420168,0.8402961605888114,0.8260223204789039,1.5404109589041095,"(6, 3, 2, 4)","(64, 74, 84, 92)",0.328777640556179
1.1765433637682432,78.99159663865547,0.8653708267792779,0.8394915110584567,1.451027397260274,"(6, 3, 2, 5)","(70, 78, 86, 94)",0.39142492194629463
1.192334129158203,79.83193277310924,0.8515277853820237,0.8141866972011127,1.5578767123287671,"(6, 3, 2, 5)","(70, 76, 82, 88)",0.3447609927206586
1.1776751871922218,81.5126050420168,0.8403694840572167,0.8260223204789039,1.5606164383561645,"(6, 3, 2, 5)","(64, 74, 84, 92)",0.3169282508254657
1.1783504700541343,80.67226890756302,0.8686826240430113,0.8394915110584567,1.459931506849315,"(6, 3, 2, 6)","(70, 78, 86, 94)",0.3877761523142756
1.192334129158203,79.83193277310924,0.8543848073079724,0.8141866972011127,1.5671232876712329,"(6, 3, 2, 6)","(70, 76, 82, 88)",0.3391398895784739
1.1771305277666335,81.5126050420168,0.8413013734486389,0.8260223204789039,1.5767123287671232,"(6, 3, 2, 6)","(64, 74, 84, 92)",0.30713844482100355
1.1772611640861783,79.83193277310924,0.8069877738722016,0.7902981989105472,1.5606164383561645,"(6, 3, 3, 1)","(64, 72, 80, 88)",0.31618973679391604
1.164278901157854,78.15126050420169,0.8589014432880707,0.8348941713405764,1.3976027397260273,"(6, 3, 3, 1)","(70, 78, 86, 94)",0.4131734637217346
1.1853584681948772,78.15126050420169,0.8369621704817779,0.8116019211891724,1.5027397260273974,"(6, 3, 3, 1)","(70, 76, 82, 88)",0.368696680605614
1.1712168587647278,78.15126050420169,0.8240684861203322,0.8079482993424484,1.4767123287671233,"(6, 3, 3, 1)","(64, 74, 84, 92)",0.3591618014317566
1.1871972691014003,79.83193277310924,0.8112095262480226,0.7968508552170641,1.577054794520548,"(6, 3, 3, 2)","(64, 72, 80, 88)",0.32440120224100233
1.1685647189660704,78.15126050420169,0.861993745862488,0.8348941713405764,1.4113013698630137,"(6, 3, 3, 2)","(70, 78, 86, 94)",0.4098326222988556
1.1874660589075638,78.99159663865547,0.8420791343691858,0.8116019211891724,1.5143835616438357,"(6, 3, 3, 2)","(70, 76, 82, 88)",0.36444799734359945
1.1735427778407261,78.99159663865547,0.8268832553596458,0.8123309779953372,1.5041095890410958,"(6, 3, 3, 2)","(64, 74, 84, 92)",0.3442560538688318
1.1710126180753166,78.99159663865547,0.8637696993312667,0.8348941713405764,1.435958904109589,"(6, 3, 3, 4)","(70, 78, 86, 94)",0.3922677492379612
1.1894928442048984,79.83193277310924,0.8485764847445803,0.8116019211891724,1.5414383561643836,"(6, 3, 3, 4)","(70, 76, 82, 88)",0.3499804586200527
1.175538004627461,80.67226890756302,0.8366886365961316,0.8248963669890181,1.5445205479452055,"(6, 3, 3, 4)","(64, 74, 84, 92)",0.32237168145420514
1.1743177393989084,78.99159663865547,0.8636861881094785,0.8348941713405764,1.4458904109589041,"(6, 3, 3, 5)","(70, 78, 86, 94)",0.3909430100190572
1.190062501932552,79.83193277310924,0.8493035422942029,0.8116019211891724,1.555821917808219,"(6, 3, 3, 5)","(70, 76, 82, 88)",0.34194855554100534
1.175538004627461,80.67226890756302,0.8376831279628878,0.825549867258722,1.5602739726027397,"(6, 3, 3, 5)","(64, 74, 84, 92)",0.31330744102211877
1.1757231484532968,78.15126050420169,0.8026338293881502,0.7851939682429362,1.5746575342465754,"(6, 3, 4, 1)","(64, 72, 80, 88)",0.30578760040740566
1.1651214043088223,78.15126050420169,0.8568358851276969,0.8348673229673498,1.4085616438356163,"(6, 3, 4, 1)","(70, 78, 86, 94)",0.4041529761791795
1.1825124311941668,77.31092436974791,0.8344181855231803,0.8095181907243831,1.5136986301369864,"(6, 3, 4, 1)","(70, 76, 82, 88)",0.35529086605797805
1.169929193378972,78.15126050420169,0.8205080313340136,0.8043081329538115,1.4873287671232878,"(6, 3, 4, 1)","(64, 74, 84, 92)",0.3486951824782839
1.1792438597579231,78.99159663865547,0.80833703552712,0.7935750819839262,1.5873287671232876,"(6, 3, 4, 2)","(64, 72, 80, 88)",0.3051848807540149
1.1671340426492702,78.99159663865547,0.8595589665784693,0.8348673229673498,1.4181506849315069,"(6, 3, 4, 2)","(70, 78, 86, 94)",0.39969812001299676
1.1854537808356578,78.99159663865547,0.8382563594626048,0.8095181907243831,1.521917808219178,"(6, 3, 4, 2)","(70, 76, 82, 88)",0.3553313911024415
1.1724078006113894,78.15126050420169,0.8258513363998184,0.8098846669530381,1.5095890410958903,"(6, 3, 4, 2)","(64, 74, 84, 92)",0.3383271356083717
1.1855617723352632,80.67226890756302,0.8133128584339275,0.8005469934363619,1.595890410958904,"(6, 3, 4, 3)","(64, 72, 80, 88)",0.3114025144936601
1.1671340426492702,78.99159663865547,0.8597624362023489,0.8348673229673498,1.425,"(6, 3, 4, 3)","(70, 78, 86, 94)",0.3932565709394593
1.1883960128696147,78.99159663865547,0.842247447125192,0.8095181907243831,1.5325342465753424,"(6, 3, 4, 3)","(70, 76, 82, 88)",0.3537725772213987
1.1732116310281377,78.99159663865547,0.8283191601181972,0.8152741416230915,1.5273972602739727,"(6, 3, 4, 3)","(64, 74, 84, 92)",0.3284272484429624
1.1671340426492702,78.99159663865547,0.8617812634671465,0.8348673229673498,1.4349315068493151,"(6, 3, 4, 4)","(70, 78, 86, 94)",0.38427669648493623
1.1889823190077227,79.83193277310924,0.8454115901774353,0.8095181907243831,1.539041095890411,"(6, 3, 4, 4)","(70, 76, 82, 88)",0.3505898167106417
1.1732116310281377,79.83193277310924,0.8335633294621814,0.8220746516376003,1.5462328767123288,"(6, 3, 4, 4)","(64, 74, 84, 92)",0.3171021709104465
1.1715092282267379,78.99159663865547,0.8622016853840935,0.8348673229673498,1.4445205479452055,"(6, 3, 4, 5)","(70, 78, 86, 94)",0.38582969678125933
1.1895029026498332,79.83193277310924,0.8482335650717198,0.8095181907243831,1.5547945205479452,"(6, 3, 4, 5)","(70, 76, 82, 88)",0.3415731331713042
1.1732116310281377,80.67226890756302,0.8358171169389181,0.8258207938470974,1.5592465753424658,"(6, 3, 4, 5)","(64, 74, 84, 92)",0.309723185916817
1.1725915855961413,79.83193277310924,0.8624712760221459,0.8348673229673498,1.4592465753424657,"(6, 3, 4, 6)","(70, 78, 86, 94)",0.3758146382854084
1.1897982877626125,79.83193277310924,0.8479486120004535,0.8095181907243831,1.5688356164383561,"(6, 3, 4, 6)","(70, 76, 82, 88)",0.3336610477223532
1.1732116310281377,80.67226890756302,0.836675753738658,0.8260372598479582,1.5722602739726028,"(6, 3, 4, 6)","(64, 74, 84, 92)",0.3026798100551539
1.1744687420974056,78.15126050420169,0.7995779032667698,0.7820611011117365,1.5948630136986301,"(6, 3, 5, 1)","(64, 72, 80, 88)",0.29329230105033066
1.1636201460835194,78.15126050420169,0.8549185567172422,0.8344882048127423,1.4126712328767124,"(6, 3, 5, 1)","(70, 78, 86, 94)",0.39649031250114236
1.1790811014449611,78.15126050420169,0.8313361719855288,0.8084429933035996,1.5229452054794521,"(6, 3, 5, 1)","(70, 76, 82, 88)",0.3424471618986814
1.1690026991323212,78.15126050420169,0.8191126782112871,0.8029119509498996,1.496917808219178,"(6, 3, 5, 1)","(64, 74, 84, 92)",0.3401019169306534
1.1778628908924424,78.15126050420169,0.8065328635962026,0.7906064725194213,1.595890410958904,"(6, 3, 5, 2)","(64, 72, 80, 88)",0.29848255253214484
1.1636201460835194,78.99159663865547,0.8562576514154597,0.8344882048127423,1.4246575342465753,"(6, 3, 5, 2)","(70, 78, 86, 94)",0.38529905368054573
1.1793890516847723,78.15126050420169,0.8362913699554928,0.8084429933035996,1.531849315068493,"(6, 3, 5, 2)","(70, 76, 82, 88)",0.3372930012360174
1.1690026991323212,78.99159663865547,0.8240966643067766,0.8083315881700819,1.5116438356164383,"(6, 3, 5, 2)","(64, 74, 84, 92)",0.3303131736722745
1.1636201460835194,78.99159663865547,0.8581179592796505,0.8344882048127423,1.4304794520547945,"(6, 3, 5, 3)","(70, 78, 86, 94)",0.3800881675130283
1.1869178866600965,78.15126050420169,0.8382068648643719,0.8084429933035996,1.5386986301369863,"(6, 3, 5, 3)","(70, 76, 82, 88)",0.34698043804671436
1.1690026991323212,78.99159663865547,0.8257304478911975,0.8127390854894894,1.5297945205479453,"(6, 3, 5, 3)","(64, 74, 84, 92)",0.31899669131634
1.1647223748884745,78.99159663865547,0.8593501428516952,0.8344882048127423,1.436986301369863,"(6, 3, 5, 4)","(70, 78, 86, 94)",0.3769508892432176
1.188480025777579,78.99159663865547,0.8433378625045095,0.8084429933035996,1.5431506849315069,"(6, 3, 5, 4)","(70, 76, 82, 88)",0.3470124055930205
1.1690026991323212,79.83193277310924,0.8298880199787727,0.8187638254378067,1.5493150684931507,"(6, 3, 5, 4)","(64, 74, 84, 92)",0.3076607739815324
1.1688613925149174,79.83193277310924,0.8602435330411278,0.8344882048127423,1.4452054794520548,"(6, 3, 5, 5)","(70, 78, 86, 94)",0.379288666264276
1.1891251703394976,79.83193277310924,0.8455473835840754,0.8084429933035996,1.5527397260273972,"(6, 3, 5, 5)","(70, 76, 82, 88)",0.3421595398954976
1.1690026991323212,79.83193277310924,0.8343346276333881,0.8247164467295908,1.5582191780821917,"(6, 3, 5, 5)","(64, 74, 84, 92)",0.3027533015131154
1.1692793272170656,79.83193277310924,0.8611543720649301,0.8344882048127423,1.4602739726027398,"(6, 3, 5, 6)","(70, 78, 86, 94)",0.36777949067993415
1.189090699687452,79.83193277310924,0.8469355436856929,0.8084429933035996,1.5671232876712329,"(6, 3, 5, 6)","(70, 76, 82, 88)",0.3334207989657969
1.1690026991323212,79.83193277310924,0.8347654325110738,0.8255351127840955,1.5746575342465754,"(6, 3, 5, 6)","(64, 74, 84, 92)",0.29409289717900955
1.1617383510807902,78.15126050420169,0.8519721922287681,0.8326031183427944,1.4205479452054794,"(6, 3, 6, 1)","(70, 78, 86, 94)",0.3845895644592079
1.1772713521849818,78.15126050420169,0.8286372994738042,0.8091922102404073,1.5325342465753424,"(6, 3, 6, 1)","(70, 76, 82, 88)",0.33288253915121985
1.167676519255994,78.15126050420169,0.8166157014381394,0.80040131214761,1.5065068493150684,"(6, 3, 6, 1)","(64, 74, 84, 92)",0.3310449196940516
1.1617383510807902,78.99159663865547,0.8543434408190353,0.8341459310068232,1.4294520547945206,"(6, 3, 6, 2)","(70, 78, 86, 94)",0.3766156181466564
1.1772713521849818,78.99159663865547,0.8329808023537868,0.8091922102404073,1.5386986301369863,"(6, 3, 6, 2)","(70, 76, 82, 88)",0.32907333018445445
1.1686352656279904,78.15126050420169,0.8218049278522322,0.8059410015447838,1.5198630136986302,"(6, 3, 6, 2)","(64, 74, 84, 92)",0.3243840419194544
1.162672311385864,78.99159663865547,0.8579171769784807,0.8341459310068232,1.4404109589041096,"(6, 3, 6, 4)","(70, 78, 86, 94)",0.3693648127890533
1.1881119245483545,79.83193277310924,0.8416849108439626,0.8091922102404073,1.5465753424657533,"(6, 3, 6, 4)","(70, 76, 82, 88)",0.3441646739857112
1.1686352656279904,78.99159663865547,0.8275878949986916,0.8158341309932261,1.5493150684931507,"(6, 3, 6, 4)","(64, 74, 84, 92)",0.3069918800709051
1.16508766179507,79.83193277310924,0.8588393081387615,0.8341459310068232,1.4493150684931506,"(6, 3, 6, 5)","(70, 78, 86, 94)",0.3674207107024426
1.1888974897570501,79.83193277310924,0.8435266398132363,0.8091922102404073,1.5541095890410959,"(6, 3, 6, 5)","(70, 76, 82, 88)",0.34090276272594955
1.1686352656279904,79.83193277310924,0.8320372074494792,0.8221759237714851,1.5616438356164384,"(6, 3, 6, 5)","(64, 74, 84, 92)",0.30025303392300723
1.1774626509359163,78.15126050420169,0.8086553935030656,0.7915449721073826,1.5434931506849314,"(6, 4, 1, 1)","(64, 72, 80, 88)",0.32652233190477353
1.1613909764525716,77.31092436974791,0.8600440849198553,0.8389651482557581,1.3678082191780823,"(6, 4, 1, 1)","(70, 78, 86, 94)",0.43879110916341624
1.1842926353454108,78.15126050420169,0.8390509943977471,0.8144477672191549,1.4808219178082191,"(6, 4, 1, 1)","(70, 76, 82, 88)",0.38328667749900264
1.1720008637929187,78.15126050420169,0.8275001479298506,0.8116491133149754,1.4712328767123288,"(6, 4, 1, 1)","(64, 74, 84, 92)",0.3650018330489262
1.1807230517430523,79.83193277310924,0.8157660681034069,0.8023038405788299,1.558904109589041,"(6, 4, 1, 2)","(64, 72, 80, 88)",0.323352519050069
1.1653979548334346,78.15126050420169,0.8622365741060731,0.8396270386317664,1.385958904109589,"(6, 4, 1, 2)","(70, 78, 86, 94)",0.42853773568201325
1.184580644374021,78.15126050420169,0.8448348776851743,0.8144477672191549,1.497945205479452,"(6, 4, 1, 2)","(70, 76, 82, 88)",0.370684650324719
1.1742089406287612,78.15126050420169,0.8315599001411436,0.816905595760507,1.4801369863013698,"(6, 4, 1, 2)","(64, 74, 84, 92)",0.36283174510412475
1.1897570477251684,79.83193277310924,0.8204855166326777,0.8078016401987623,1.5777397260273973,"(6, 4, 1, 3)","(64, 72, 80, 88)",0.32844729066834133
1.1698125320871537,78.15126050420169,0.8639483792614562,0.8396270386317664,1.4071917808219179,"(6, 4, 1, 3)","(70, 78, 86, 94)",0.41703329999536487
1.1888951979445461,78.15126050420169,0.8485834327934305,0.8144477672191549,1.5123287671232877,"(6, 4, 1, 3)","(70, 76, 82, 88)",0.36869918315379324
1.1758287871568547,78.99159663865547,0.8356291707663173,0.8226600083626662,1.5023972602739726,"(6, 4, 1, 3)","(64, 74, 84, 92)",0.3499795899781975
1.1897570477251684,79.83193277310924,0.8231154241589581,0.8111862232170762,1.5965753424657534,"(6, 4, 1, 4)","(64, 72, 80, 88)",0.3180772556587209
1.1745844697706531,78.15126050420169,0.8654280266867961,0.8396270386317664,1.4273972602739726,"(6, 4, 1, 4)","(70, 78, 86, 94)",0.40848289401466914
1.1905876236293613,78.99159663865547,0.8518821205952192,0.8144477672191549,1.531849315068493,"(6, 4, 1, 4)","(70, 76, 82, 88)",0.3583489124261012
1.17707238590907,81.5126050420168,0.8399122291864837,0.8255577623137751,1.5263698630136986,"(6, 4, 1, 4)","(64, 74, 84, 92)",0.33640297127812896
1.1774692662258701,78.99159663865547,0.8656135392636063,0.8396270386317664,1.441095890410959,"(6, 4, 1, 5)","(70, 78, 86, 94)",0.40233715635057504
1.1904008294677564,79.83193277310924,0.8521355835687351,0.8144477672191549,1.547945205479452,"(6, 4, 1, 5)","(70, 76, 82, 88)",0.34748151377865544
1.1775175562838713,81.5126050420168,0.8403254796920153,0.8255577623137751,1.5397260273972602,"(6, 4, 1, 5)","(64, 74, 84, 92)",0.3289030865158023
1.178254292304896,78.99159663865547,0.868963927721976,0.8396270386317664,1.4554794520547945,"(6, 4, 1, 6)","(70, 78, 86, 94)",0.39135528836864386
1.19087368169351,79.83193277310924,0.8545561414993947,0.8144477672191549,1.560958904109589,"(6, 4, 1, 6)","(70, 76, 82, 88)",0.34026321767097006
1.177314221095903,81.5126050420168,0.8411103776198716,0.8255577623137751,1.5568493150684932,"(6, 4, 1, 6)","(64, 74, 84, 92)",0.3184240624846472
1.1754521596550913,78.15126050420169,0.8041039339403918,0.7869846009659023,1.5578767123287671,"(6, 4, 2, 1)","(64, 72, 80, 88)",0.31449988102692855
1.1594454005401813,77.31092436974791,0.8579706800757457,0.83537005404941,1.3825342465753425,"(6, 4, 2, 1)","(70, 78, 86, 94)",0.41681340159116326
1.1800956661233155,78.15126050420169,0.8368986687837959,0.8112345629609575,1.4938356164383562,"(6, 4, 2, 1)","(70, 76, 82, 88)",0.3646874792510966
1.1702330565247947,78.15126050420169,0.8239483533665266,0.8078267692810418,1.4722602739726027,"(6, 4, 2, 1)","(64, 74, 84, 92)",0.3604644851721541
1.1825283287479076,79.83193277310924,0.8157301372949906,0.8027306015157887,1.5804794520547945,"(6, 4, 2, 3)","(64, 72, 80, 88)",0.31444408256276707
1.1635606361136,78.15126050420169,0.8614482441467812,0.83537005404941,1.4181506849315069,"(6, 4, 2, 3)","(70, 78, 86, 94)",0.3911523812053332
1.1821447718003946,78.15126050420169,0.8451628116708616,0.8112345629609575,1.5178082191780822,"(6, 4, 2, 3)","(70, 76, 82, 88)",0.35176106723356626
1.1724111665151182,78.99159663865547,0.832183200754888,0.819151331191755,1.5065068493150684,"(6, 4, 2, 3)","(64, 74, 84, 92)",0.34039256675060536
1.1744698075905204,78.15126050420169,0.864234928014221,0.83537005404941,1.4393835616438355,"(6, 4, 2, 5)","(70, 78, 86, 94)",0.39707859560742
1.1896831257021707,79.83193277310924,0.8496220067669108,0.8112345629609575,1.548972602739726,"(6, 4, 2, 5)","(70, 76, 82, 88)",0.3455238471929748
1.1724111665151182,80.67226890756302,0.8378695727223784,0.8242620826374724,1.54486301369863,"(6, 4, 2, 5)","(64, 74, 84, 92)",0.3164302993237871
1.1743652988373485,78.15126050420169,0.8009942486364201,0.7837579987721216,1.579109589041096,"(6, 4, 3, 1)","(64, 72, 80, 88)",0.3010920594944161
1.160413359782233,76.47058823529412,0.8547300919602987,0.8343168422396855,1.3948630136986302,"(6, 4, 3, 1)","(70, 78, 86, 94)",0.4062506596393065
1.1770998280246663,78.15126050420169,0.8333450958052041,0.8092984761224197,1.5075342465753425,"(6, 4, 3, 1)","(70, 76, 82, 88)",0.34894163146560425
1.1685205821258697,78.15126050420169,0.8207635369183438,0.8045451726137359,1.478082191780822,"(6, 4, 3, 1)","(64, 74, 84, 92)",0.3524929081715899
1.177938992481429,78.15126050420169,0.8077741917861954,0.7927604423091817,1.5777397260273973,"(6, 4, 3, 2)","(64, 72, 80, 88)",0.3079916170988575
1.1609517868969998,78.15126050420169,0.8577833630699457,0.8347042315904121,1.4082191780821918,"(6, 4, 3, 2)","(70, 78, 86, 94)",0.3942778672309057
1.1770998280246663,78.15126050420169,0.8392757096318391,0.8092984761224197,1.5164383561643835,"(6, 4, 3, 2)","(70, 76, 82, 88)",0.34292539644033526
1.1685205821258697,78.99159663865547,0.8253669012511562,0.809419039218641,1.49486301369863,"(6, 4, 3, 2)","(64, 74, 84, 92)",0.34053986145850496
1.1798280610931784,79.83193277310924,0.812381578914805,0.7997147688926263,1.5890410958904109,"(6, 4, 3, 3)","(64, 72, 80, 88)",0.30528949906516334
1.162353441799749,78.15126050420169,0.8592723701081201,0.8347042315904121,1.41986301369863,"(6, 4, 3, 3)","(70, 78, 86, 94)",0.386681933160903
1.1770998280246663,78.15126050420169,0.8401635822409158,0.8092984761224197,1.525,"(6, 4, 3, 3)","(70, 76, 82, 88)",0.3373330057612692
1.1685205821258697,78.99159663865547,0.8287854275538936,0.815074120027692,1.513013698630137,"(6, 4, 3, 3)","(64, 74, 84, 92)",0.3284913883895458
1.18267075346867,80.67226890756302,0.8157621113780632,0.8044975632556134,1.598972602739726,"(6, 4, 3, 4)","(64, 72, 80, 88)",0.3049734706280826
1.1685696229705622,78.15126050420169,0.8607057077891193,0.8347042315904121,1.4270547945205478,"(6, 4, 3, 4)","(70, 78, 86, 94)",0.3947259816151097
1.1862608120323095,78.99159663865547,0.844666527865258,0.8092984761224197,1.531849315068493,"(6, 4, 3, 4)","(70, 76, 82, 88)",0.3502135036280385
1.168679581320534,79.83193277310924,0.8320375485855038,0.8200635206077993,1.5253424657534247,"(6, 4, 3, 4)","(64, 74, 84, 92)",0.32108499182265915
1.1699806118499136,78.15126050420169,0.86314444688914,0.8347042315904121,1.439041095890411,"(6, 4, 3, 5)","(70, 78, 86, 94)",0.3871633280824866
1.1892503266524364,78.99159663865547,0.8481916167690139,0.8092984761224197,1.5476027397260275,"(6, 4, 3, 5)","(70, 76, 82, 88)",0.3455978447936924
1.1693938461629263,79.83193277310924,0.8358140120776626,0.8251640359204071,1.5434931506849314,"(6, 4, 3, 5)","(64, 74, 84, 92)",0.3116761378675141
1.17333969961276,78.99159663865547,0.8629469238020641,0.8347042315904121,1.452054794520548,"(6, 4, 3, 6)","(70, 78, 86, 94)",0.3834484264161056
1.189512946573569,79.83193277310924,0.8489185130303931,0.8092984761224197,1.5616438356164384,"(6, 4, 3, 6)","(70, 76, 82, 88)",0.33742549024074475
1.1685205821258697,79.83193277310924,0.836767961946853,0.8260570885270623,1.564041095890411,"(6, 4, 3, 6)","(64, 74, 84, 92)",0.2987735882255857
1.1734148446428487,78.15126050420169,0.7995830826742228,0.7820800158791242,1.5948630136986301,"(6, 4, 4, 1)","(64, 72, 80, 88)",0.2915206369355891
1.158331474856569,77.31092436974791,0.8527060559786575,0.8329969005571525,1.4051369863013699,"(6, 4, 4, 1)","(70, 78, 86, 94)",0.39080972661131136
1.1743926364626613,77.31092436974791,0.8289141054071493,0.8073604915530734,1.520890410958904,"(6, 4, 4, 1)","(70, 76, 82, 88)",0.33479717190727887
1.166570933458292,78.15126050420169,0.8184063018868206,0.8021746217616686,1.4931506849315068,"(6, 4, 4, 1)","(64, 74, 84, 92)",0.33776883729042567
1.1750126561500758,78.99159663865547,0.8104538032217453,0.7973971023885572,1.5945205479452054,"(6, 4, 4, 3)","(64, 72, 80, 88)",0.29437612670404456
1.1607267955621476,78.99159663865547,0.8573565869142569,0.835037790528284,1.4246575342465753,"(6, 4, 4, 3)","(70, 78, 86, 94)",0.3784856798721542
1.1743926364626613,78.15126050420169,0.8373214452615579,0.8073604915530734,1.5301369863013699,"(6, 4, 4, 3)","(70, 76, 82, 88)",0.32895768635075656
1.166570933458292,78.99159663865547,0.8259531237069072,0.8122268550747107,1.5143835616438357,"(6, 4, 4, 3)","(64, 74, 84, 92)",0.3238263153783042
1.1684049412849973,79.83193277310924,0.8611382399198639,0.835037790528284,1.4383561643835616,"(6, 4, 4, 5)","(70, 78, 86, 94)",0.38417377230640004
1.1887902327215585,78.99159663865547,0.8454294870659727,0.8073604915530734,1.5469178082191781,"(6, 4, 4, 5)","(70, 76, 82, 88)",0.34518940485093974
1.168050404733083,79.83193277310924,0.8336558516570264,0.823252257055423,1.5417808219178082,"(6, 4, 4, 5)","(64, 74, 84, 92)",0.31018153086005223
1.1558852311333232,77.31092436974791,0.8504863872823697,0.8317845199330687,1.4126712328767124,"(6, 4, 5, 1)","(70, 78, 86, 94)",0.3777467841570985
1.171918413327792,77.31092436974791,0.8259842262674513,0.8064171962487318,1.5267123287671234,"(6, 4, 5, 1)","(70, 76, 82, 88)",0.3263990682166142
1.1652998504989651,77.31092436974791,0.8146450082783796,0.7982268182189901,1.507876712328767,"(6, 4, 5, 1)","(64, 74, 84, 92)",0.3254723961274297
1.1738991842535489,78.15126050420169,0.8042058048047845,0.7870801459482982,1.5948630136986301,"(6, 4, 5, 2)","(64, 72, 80, 88)",0.29233484054137177
1.1558852311333232,78.15126050420169,0.8535214430151054,0.8346280019947706,1.4205479452054794,"(6, 4, 5, 2)","(70, 78, 86, 94)",0.3706717222388467
1.171918413327792,78.15126050420169,0.832689644475363,0.8064171962487318,1.5297945205479453,"(6, 4, 5, 2)","(70, 76, 82, 88)",0.32450017253856017
1.1661083370634855,78.15126050420169,0.8212651292987839,0.8053387776065354,1.514041095890411,"(6, 4, 5, 2)","(64, 74, 84, 92)",0.3231421347271004
1.1569681346610394,78.15126050420169,0.8555153559230773,0.8346280019947706,1.4263698630136987,"(6, 4, 5, 3)","(70, 78, 86, 94)",0.3681501632210723
1.171918413327792,78.15126050420169,0.8356572144456207,0.8064171962487318,1.5366438356164382,"(6, 4, 5, 3)","(70, 76, 82, 88)",0.3203584983517248
1.1661083370634855,78.15126050420169,0.8256458354298063,0.8109570686895284,1.5198630136986302,"(6, 4, 5, 3)","(64, 74, 84, 92)",0.3195232834159273
1.1635629649771564,78.99159663865547,0.8567798118187494,0.8346280019947706,1.4342465753424658,"(6, 4, 5, 4)","(70, 78, 86, 94)",0.37665919379597523
1.1768845341884917,78.15126050420169,0.8400194806788834,0.8064171962487318,1.542123287671233,"(6, 4, 5, 4)","(70, 76, 82, 88)",0.3262810106319619
1.1661083370634855,79.83193277310924,0.8274069496434353,0.8155700776582897,1.5311643835616437,"(6, 4, 5, 4)","(64, 74, 84, 92)",0.31272491568367355
1.164854312184707,78.99159663865547,0.8588749800246062,0.8346280019947706,1.4424657534246574,"(6, 4, 5, 5)","(70, 78, 86, 94)",0.37258095323478685
1.184288721844196,78.99159663865547,0.8429921937091757,0.8064171962487318,1.5493150684931507,"(6, 4, 5, 5)","(70, 76, 82, 88)",0.335488196873474
1.1661083370634855,79.83193277310924,0.8304677331939903,0.8203777517133111,1.5441780821917808,"(6, 4, 5, 5)","(64, 74, 84, 92)",0.3052462833388154
1.1666949503989716,79.83193277310924,0.8610076027023537,0.8346280019947706,1.4513698630136986,"(6, 4, 5, 6)","(70, 78, 86, 94)",0.36930899481411017
1.1888885781052927,78.99159663865547,0.8459574108794348,0.8064171962487318,1.5595890410958904,"(6, 4, 5, 6)","(70, 76, 82, 88)",0.33754874422732845
1.1661083370634855,79.83193277310924,0.8343751257760424,0.8252833390762441,1.566095890410959,"(6, 4, 5, 6)","(64, 74, 84, 92)",0.2934279154418497
1.1540321347365758,77.31092436974791,0.847630746112215,0.8294025494380062,1.417123287671233,"(6, 4, 6, 1)","(70, 78, 86, 94)",0.3692724412403952
1.169005158657282,78.15126050420169,0.8220820897429063,0.8051600905108044,1.5315068493150685,"(6, 4, 6, 1)","(70, 76, 82, 88)",0.31797362324694817
1.1629109871570413,77.31092436974791,0.8130325604127729,0.7966190561535338,1.5143835616438357,"(6, 4, 6, 1)","(64, 74, 84, 92)",0.316711106856565
1.1540321347365758,78.15126050420169,0.8540732226613035,0.8352033561274544,1.4311643835616439,"(6, 4, 6, 3)","(70, 78, 86, 94)",0.3572468891428129
1.1698132623012074,78.99159663865547,0.8343313321174927,0.8088218315747967,1.5414383561643836,"(6, 4, 6, 3)","(70, 76, 82, 88)",0.31363360273214774
1.166451681370694,78.15126050420169,0.824375906318586,0.8091782652745084,1.5232876712328767,"(6, 4, 6, 3)","(64, 74, 84, 92)",0.31808829162462465
1.163132274647722,78.99159663865547,0.8572669970497152,0.8352033561274544,1.446917808219178,"(6, 4, 6, 5)","(70, 78, 86, 94)",0.36501627737268055
1.180518922461929,78.99159663865547,0.8416708256422388,0.8088218315747967,1.55,"(6, 4, 6, 5)","(70, 76, 82, 88)",0.3282162226580527
1.166451681370694,79.83193277310924,0.8280687607192772,0.8178453780691424,1.551027397260274,"(6, 4, 6, 5)","(64, 74, 84, 92)",0.3020751458063558
1.1755694918360362,78.15126050420169,0.8044732754757856,0.787429273958417,1.539041095890411,"(6, 5, 1, 1)","(64, 72, 80, 88)",0.325707062364184
1.1576887153931803,76.47058823529412,0.8552442450757611,0.8348178583974974,1.3708904109589042,"(6, 5, 1, 1)","(70, 78, 86, 94)",0.42516255673876857
1.1759621438489813,78.15126050420169,0.834571303258773,0.8111706959360125,1.476027397260274,"(6, 5, 1, 1)","(70, 76, 82, 88)",0.36964709355325576
1.1665561317810025,76.47058823529412,0.8246184569797932,0.8084470553726364,1.4623287671232876,"(6, 5, 1, 1)","(64, 74, 84, 92)",0.36025474429668686
1.1782188490878451,78.99159663865547,0.8108660509721622,0.7967580925764913,1.5582191780821917,"(6, 5, 1, 2)","(64, 72, 80, 88)",0.319263214316876
1.1593979300963702,77.31092436974791,0.8575286872070876,0.8363536770171826,1.3832191780821919,"(6, 5, 1, 2)","(70, 78, 86, 94)",0.4159445539601437
1.1759621438489813,78.15126050420169,0.8417742052668159,0.8111706959360125,1.4972602739726026,"(6, 5, 1, 2)","(70, 76, 82, 88)",0.3538632644896871
1.16968556105998,78.15126050420169,0.8281583996300416,0.8134467793567352,1.4787671232876711,"(6, 5, 1, 2)","(64, 74, 84, 92)",0.3544219158048222
1.1788015742456865,78.99159663865547,0.8147114447524242,0.8019371851045175,1.5705479452054794,"(6, 5, 1, 3)","(64, 72, 80, 88)",0.31338571236338825
1.1644280417476198,77.31092436974791,0.8611287622843472,0.8363536770171826,1.4051369863013699,"(6, 5, 1, 3)","(70, 78, 86, 94)",0.4058578883373203
1.1759621438489813,78.15126050420169,0.8447693251963165,0.8111706959360125,1.5092465753424658,"(6, 5, 1, 3)","(70, 76, 82, 88)",0.3455342703692169
1.17103837541918,78.15126050420169,0.8317042829761365,0.818381543054578,1.4952054794520548,"(6, 5, 1, 3)","(64, 74, 84, 92)",0.3453886972503496
1.180547263501052,78.99159663865547,0.818360665930763,0.8068403730601241,1.5948630136986301,"(6, 5, 1, 4)","(64, 72, 80, 88)",0.30351065597183197
1.1702410070535356,78.15126050420169,0.8632619980595344,0.8363536770171826,1.4181506849315069,"(6, 5, 1, 4)","(70, 78, 86, 94)",0.40712837067676
1.177500784174724,78.99159663865547,0.8486239931442162,0.8111706959360125,1.5212328767123289,"(6, 5, 1, 4)","(70, 76, 82, 88)",0.3405402692445428
1.1701958087082533,78.15126050420169,0.8349903917402275,0.8229919110925011,1.5191780821917809,"(6, 5, 1, 4)","(64, 74, 84, 92)",0.32781778458317923
1.1741384707370248,78.99159663865547,0.8641451005631862,0.8363536770171826,1.4325342465753426,"(6, 5, 1, 5)","(70, 78, 86, 94)",0.40260042323999395
1.182838378976408,78.99159663865547,0.8498703207936904,0.8111706959360125,1.540068493150685,"(6, 5, 1, 5)","(70, 76, 82, 88)",0.3385466497216941
1.17185053900868,78.99159663865547,0.8386458124625993,0.8244420852320982,1.533904109589041,"(6, 5, 1, 5)","(64, 74, 84, 92)",0.3218752879444166
1.1754459727437392,78.99159663865547,0.8646406427960218,0.8363536770171826,1.4465753424657535,"(6, 5, 1, 6)","(70, 78, 86, 94)",0.3928698162666552
1.1856104344356586,78.99159663865547,0.8500153093372403,0.8111706959360125,1.5561643835616439,"(6, 5, 1, 6)","(70, 76, 82, 88)",0.33373304713800683
1.173774831708592,78.99159663865547,0.8384554671831552,0.8244420852320982,1.547945205479452,"(6, 5, 1, 6)","(64, 74, 84, 92)",0.3171390678681806
1.173944706641677,78.15126050420169,0.8015572041243848,0.7843845493953954,1.5565068493150684,"(6, 5, 2, 1)","(64, 72, 80, 88)",0.3125652574730443
1.1548436775735147,76.47058823529412,0.8523571882607065,0.8323100636633112,1.3852739726027397,"(6, 5, 2, 1)","(70, 78, 86, 94)",0.4019053675685893
1.1725239934147331,77.31092436974791,0.8305691787934864,0.8093657211669183,1.49486301369863,"(6, 5, 2, 1)","(70, 76, 82, 88)",0.34862979984153686
1.1644382416276715,77.31092436974791,0.8199593869520143,0.803551796860742,1.479109589041096,"(6, 5, 2, 1)","(64, 74, 84, 92)",0.3432163442121521
1.1749876060930868,78.15126050420169,0.8071151325835226,0.792459050852627,1.5657534246575342,"(6, 5, 2, 2)","(64, 72, 80, 88)",0.30930012699262327
1.1575578599228005,77.31092436974791,0.8568635538021372,0.8354515590652111,1.3962328767123289,"(6, 5, 2, 2)","(70, 78, 86, 94)",0.39763954276108665
1.1725239934147331,78.15126050420169,0.8389292236725997,0.8093657211669183,1.5082191780821919,"(6, 5, 2, 2)","(70, 76, 82, 88)",0.33946769593734544
1.1647277219999264,78.99159663865547,0.8260498219860793,0.8109863404231968,1.484931506849315,"(6, 5, 2, 2)","(64, 74, 84, 92)",0.3396927600563454
1.1749876060930868,78.99159663865547,0.8120798663613742,0.7988594839115887,1.5804794520547945,"(6, 5, 2, 3)","(64, 72, 80, 88)",0.30145357509841514
1.1617901073400687,77.31092436974791,0.8584250633676769,0.8354515590652111,1.4113013698630137,"(6, 5, 2, 3)","(70, 78, 86, 94)",0.39336145997751926
1.1725239934147331,78.15126050420169,0.841037450520859,0.8093657211669183,1.5198630136986302,"(6, 5, 2, 3)","(70, 76, 82, 88)",0.3318643351587751
1.1675050637581141,78.99159663865547,0.8285486191266238,0.8150004728045969,1.4993150684931507,"(6, 5, 2, 3)","(64, 74, 84, 92)",0.3354696750162505
1.1784542984672874,78.99159663865547,0.8152196277737138,0.8037822412743525,1.5938356164383563,"(6, 5, 2, 4)","(64, 72, 80, 88)",0.30051127538897304
1.1661770571849734,78.15126050420169,0.8606021607309338,0.8354515590652111,1.4212328767123288,"(6, 5, 2, 4)","(70, 78, 86, 94)",0.39450163169115643
1.175160526650966,78.99159663865547,0.8437023932919396,0.8093657211669183,1.5284246575342466,"(6, 5, 2, 4)","(70, 76, 82, 88)",0.33147682295581365
1.167785818664323,78.99159663865547,0.8326319266936174,0.8201482768465519,1.5184931506849315,"(6, 5, 2, 4)","(64, 74, 84, 92)",0.32360276783343683
1.17178708635349,78.15126050420169,0.8623772349336695,0.8354515590652111,1.4318493150684932,"(6, 5, 2, 5)","(70, 78, 86, 94)",0.3977940461159325
1.178853547952232,78.99159663865547,0.8467217805858426,0.8093657211669183,1.540068493150685,"(6, 5, 2, 5)","(70, 76, 82, 88)",0.33116826887794376
1.169251294876443,79.83193277310924,0.8353315791967046,0.8246912336862527,1.5359589041095891,"(6, 5, 2, 5)","(64, 74, 84, 92)",0.3157915533796893
1.1723420461894518,78.15126050420169,0.8635920448324029,0.8354515590652111,1.446917808219178,"(6, 5, 2, 6)","(70, 78, 86, 94)",0.38562358227831367
1.181602145918063,78.99159663865547,0.8485895023291485,0.8093657211669183,1.5547945205479452,"(6, 5, 2, 6)","(70, 76, 82, 88)",0.32733226301280494
1.1716705069703923,79.83193277310924,0.8365732943055616,0.8249899608200882,1.5462328767123288,"(6, 5, 2, 6)","(64, 74, 84, 92)",0.31428080272949566
1.1727625957511,78.15126050420169,0.7991816281160379,0.7819194188864385,1.5767123287671232,"(6, 5, 3, 1)","(64, 72, 80, 88)",0.2995645959579646
1.1539710890384716,76.47058823529412,0.8504502871826031,0.8307539295113489,1.3979452054794521,"(6, 5, 3, 1)","(70, 78, 86, 94)",0.38691530119822454
1.1700824947969435,77.31092436974791,0.8269998593759091,0.8078628832621174,1.5102739726027397,"(6, 5, 3, 1)","(70, 76, 82, 88)",0.33331603007186245
1.1644381985170469,77.31092436974791,0.8167934525088518,0.8004419909848864,1.4928082191780823,"(6, 5, 3, 1)","(64, 74, 84, 92)",0.3336758441068637
1.1746736617492586,78.99159663865547,0.8050397618412269,0.7882390381264983,1.579109589041096,"(6, 5, 3, 2)","(64, 72, 80, 88)",0.3016245371424216
1.1543114253147104,77.31092436974791,0.8544896878639515,0.8342398093859059,1.404109589041096,"(6, 5, 3, 2)","(70, 78, 86, 94)",0.381855391456741
1.1700824947969435,78.15126050420169,0.8344099539317832,0.8078628832621174,1.518150684931507,"(6, 5, 3, 2)","(70, 76, 82, 88)",0.3282490976913912
1.1644381985170469,78.15126050420169,0.8244797128374336,0.8085461197738513,1.4924657534246575,"(6, 5, 3, 2)","(64, 74, 84, 92)",0.3339078857230716
1.1746736617492586,78.99159663865547,0.8090246124936512,0.7958750017952141,1.5866438356164383,"(6, 5, 3, 3)","(64, 72, 80, 88)",0.29775078360060425
1.1588004702220256,77.31092436974791,0.8560553361945337,0.8342398093859059,1.4157534246575343,"(6, 5, 3, 3)","(70, 78, 86, 94)",0.3819582974038836
1.1700824947969435,78.15126050420169,0.8373478352423066,0.8078628832621174,1.5243150684931508,"(6, 5, 3, 3)","(70, 76, 82, 88)",0.32438986597457536
1.1644381985170469,78.99159663865547,0.8266315371325447,0.8124650480447955,1.503082191780822,"(6, 5, 3, 3)","(64, 74, 84, 92)",0.3268614973926323
1.1748957983999009,79.83193277310924,0.8114162871737122,0.7998534170698972,1.5962328767123288,"(6, 5, 3, 4)","(64, 72, 80, 88)",0.2933347106994317
1.1630014849057937,77.31092436974791,0.8585889181866052,0.8342398093859059,1.4267123287671233,"(6, 5, 3, 4)","(70, 78, 86, 94)",0.3819938490569162
1.172911627719633,78.99159663865547,0.8411805297389926,0.8078628832621174,1.5308219178082192,"(6, 5, 3, 4)","(70, 76, 82, 88)",0.32574319544601826
1.165824227905957,78.99159663865547,0.8301324869704932,0.8181559165684186,1.5184931506849315,"(6, 5, 3, 4)","(64, 74, 84, 92)",0.3198195148516475
1.1687714889726368,77.31092436974791,0.8607939540497985,0.8342398093859059,1.4318493150684932,"(6, 5, 3, 5)","(70, 78, 86, 94)",0.39081106090412326
1.1750451470713394,78.99159663865547,0.844702442924332,0.8078628832621174,1.5404109589041095,"(6, 5, 3, 5)","(70, 76, 82, 88)",0.3239111720204761
1.1686256861930626,79.83193277310924,0.8323985224373617,0.8214814520832984,1.5345890410958904,"(6, 5, 3, 5)","(64, 74, 84, 92)",0.3154304956334035
1.1707625462610165,78.15126050420169,0.8617933152786179,0.8342398093859059,1.444178082191781,"(6, 5, 3, 6)","(70, 78, 86, 94)",0.3844461334480864
1.179021052748376,78.99159663865547,0.847287744278826,0.8078628832621174,1.5544520547945206,"(6, 5, 3, 6)","(70, 76, 82, 88)",0.32287923040472993
1.1695580372859362,79.83193277310924,0.8354534106778824,0.8255614762443992,1.54486301369863,"(6, 5, 3, 6)","(64, 74, 84, 92)",0.31119388364232164
1.1717878538411621,78.15126050420169,0.7959361970236867,0.7785186105024621,1.5917808219178082,"(6, 5, 4, 1)","(64, 72, 80, 88)",0.2902896604260379
1.151377095955664,77.31092436974791,0.8481072327090131,0.829403048703071,1.4071917808219179,"(6, 5, 4, 1)","(70, 78, 86, 94)",0.37175872177505354
1.1683933956071857,77.31092436974791,0.823857476755976,0.8049072272055331,1.518150684931507,"(6, 5, 4, 1)","(70, 76, 82, 88)",0.32498923673032526
1.1621779109887311,77.31092436974791,0.8139982312690364,0.7975615580265257,1.5068493150684932,"(6, 5, 4, 1)","(64, 74, 84, 92)",0.319972635193983
1.1735214339487416,78.15126050420169,0.8022815214131584,0.7854980365926832,1.5941780821917808,"(6, 5, 4, 2)","(64, 72, 80, 88)",0.29203607327396286
1.151377095955664,78.15126050420169,0.8532225702207025,0.8349924186241136,1.4106164383561643,"(6, 5, 4, 2)","(70, 78, 86, 94)",0.3686581486159623
1.1683933956071857,78.15126050420169,0.8311150046292682,0.8059085071403863,1.5263698630136986,"(6, 5, 4, 2)","(70, 76, 82, 88)",0.31991458371696957
1.1652329273309698,77.31092436974791,0.8217748173054042,0.8058939399648112,1.4996575342465754,"(6, 5, 4, 2)","(64, 74, 84, 92)",0.33069235627582716
1.1735214339487416,78.99159663865547,0.8064901034974754,0.7928657627130138,1.5955479452054795,"(6, 5, 4, 3)","(64, 72, 80, 88)",0.2913643399254316
1.1558949993977297,78.15126050420169,0.854816877628137,0.8349924186241136,1.4215753424657533,"(6, 5, 4, 3)","(70, 78, 86, 94)",0.36979155015545956
1.169534911218053,78.15126050420169,0.8359593273180953,0.8059085071403863,1.5304794520547946,"(6, 5, 4, 3)","(70, 76, 82, 88)",0.3195880831224757
1.1652329273309698,78.99159663865547,0.8258528759110023,0.8109489696330328,1.5085616438356164,"(6, 5, 4, 3)","(64, 74, 84, 92)",0.3249024564353077
1.1603675272087997,78.15126050420169,0.8568290942065878,0.8349924186241136,1.4294520547945206,"(6, 5, 4, 4)","(70, 78, 86, 94)",0.3734235880779066
1.1708684146599007,78.99159663865547,0.8376075073205873,0.8059085071403863,1.5393835616438356,"(6, 5, 4, 4)","(70, 76, 82, 88)",0.3167846163853396
1.1652329273309698,78.99159663865547,0.8274056489291157,0.8153710836686193,1.5205479452054795,"(6, 5, 4, 4)","(64, 74, 84, 92)",0.3174211498726525
1.1655963604353539,78.15126050420169,0.8581244585182386,0.8349924186241136,1.4373287671232877,"(6, 5, 4, 5)","(70, 78, 86, 94)",0.3786541679492821
1.1721359558236277,78.99159663865547,0.8418140286251871,0.8059085071403863,1.5445205479452055,"(6, 5, 4, 5)","(70, 76, 82, 88)",0.31612389371383204
1.1659224409384998,79.83193277310924,0.8302440794078781,0.8192430196468926,1.5335616438356163,"(6, 5, 4, 5)","(64, 74, 84, 92)",0.3109714554174709
1.1673834986651266,78.99159663865547,0.8611750558083433,0.8349924186241136,1.444178082191781,"(6, 5, 4, 6)","(70, 78, 86, 94)",0.37683871711809525
1.1789761176862594,78.99159663865547,0.8458821282271081,0.8059085071403863,1.5506849315068494,"(6, 5, 4, 6)","(70, 76, 82, 88)",0.3250063828631079
1.1677465486759675,79.83193277310924,0.8335179728000887,0.8240925952225386,1.5496575342465753,"(6, 5, 4, 6)","(64, 74, 84, 92)",0.3051837521083023
1.1493215243376247,77.31092436974791,0.8464471442669821,0.8281142129913086,1.4123287671232876,"(6, 5, 5, 1)","(70, 78, 86, 94)",0.36214190287862474
1.1657264532677925,76.47058823529412,0.8194694853481131,0.8013955922773268,1.5297945205479453,"(6, 5, 5, 1)","(70, 76, 82, 88)",0.3128126978293173
1.1572542169865636,77.31092436974791,0.8125438039876592,0.7960740774159569,1.5147260273972603,"(6, 5, 5, 1)","(64, 74, 84, 92)",0.30551052135779494
1.1495246188380976,78.15126050420169,0.8504870951951214,0.8350445166523852,1.4160958904109588,"(6, 5, 5, 2)","(70, 78, 86, 94)",0.359351347331066
1.1674746069012243,77.31092436974791,0.8279456915312787,0.8076710270629641,1.533904109589041,"(6, 5, 5, 2)","(70, 76, 82, 88)",0.3136791867553399
1.1650363769414602,77.31092436974791,0.8199697296221107,0.8040498627545267,1.5058219178082193,"(6, 5, 5, 2)","(64, 74, 84, 92)",0.32627367682401065
1.1522244337281156,78.15126050420169,0.8530689952635727,0.836385659708568,1.4263698630136987,"(6, 5, 5, 3)","(70, 78, 86, 94)",0.3570243746876284
1.1685228512107173,78.15126050420169,0.8344264778491971,0.8076710270629641,1.5352739726027398,"(6, 5, 5, 3)","(70, 76, 82, 88)",0.314834757220278
1.1650363769414602,78.15126050420169,0.8244318190691347,0.809036542589755,1.5178082191780822,"(6, 5, 5, 3)","(64, 74, 84, 92)",0.31872104541604757
1.159196380392768,78.15126050420169,0.8548661421375687,0.836385659708568,1.4318493150684932,"(6, 5, 5, 4)","(70, 78, 86, 94)",0.3686387238278213
1.1701858642286718,78.15126050420169,0.835265344242226,0.8076710270629641,1.5393835616438356,"(6, 5, 5, 4)","(70, 76, 82, 88)",0.31551918955410896
1.1650363769414602,78.99159663865547,0.8264043838109064,0.8127031579707307,1.5263698630136986,"(6, 5, 5, 4)","(64, 74, 84, 92)",0.31353690349321006
1.1640479778349575,78.15126050420169,0.8565945782917067,0.836385659708568,1.4407534246575342,"(6, 5, 5, 5)","(70, 78, 86, 94)",0.37219898623005127
1.171528349731879,78.99159663865547,0.8405952313305378,0.8076710270629641,1.5452054794520549,"(6, 5, 5, 5)","(70, 76, 82, 88)",0.31461229975947635
1.1650363769414602,79.83193277310924,0.8280837503537217,0.817589787952351,1.5342465753424657,"(6, 5, 5, 5)","(64, 74, 84, 92)",0.3089142440186307
1.165412433735457,78.99159663865547,0.8591513720278136,0.836385659708568,1.4458904109589041,"(6, 5, 5, 6)","(70, 78, 86, 94)",0.3709710495449573
1.1727437560806635,78.99159663865547,0.8427384193092732,0.8076710270629641,1.5523972602739726,"(6, 5, 5, 6)","(70, 76, 82, 88)",0.3127165330164522
1.1650363769414602,79.83193277310924,0.8308524457833112,0.821534652544426,1.5482876712328768,"(6, 5, 5, 6)","(64, 74, 84, 92)",0.3010032608801148
1.1480839133266245,77.31092436974791,0.8441049402351368,0.826727320063147,1.4157534246575343,"(6, 5, 6, 1)","(70, 78, 86, 94)",0.35618206500308364
1.1645282922809181,77.31092436974791,0.8174155129466374,0.799750476797533,1.5386986301369863,"(6, 5, 6, 1)","(70, 76, 82, 88)",0.3054180632296764
1.15583627401009,77.31092436974791,0.811401788613772,0.7950929918039733,1.5222602739726028,"(6, 5, 6, 1)","(64, 74, 84, 92)",0.298388144334074
1.1480839133266245,78.15126050420169,0.8491864622615517,0.8336621911947065,1.425,"(6, 5, 6, 2)","(70, 78, 86, 94)",0.3484327372391165
1.1666715552780969,78.15126050420169,0.8264832345150374,0.8098649920023735,1.538013698630137,"(6, 5, 6, 2)","(70, 76, 82, 88)",0.3097905419554697
1.164337336732578,77.31092436974791,0.8183021906105116,0.8023507241449019,1.5126712328767122,"(6, 5, 6, 2)","(64, 74, 84, 92)",0.32055111774156836
1.1480839133266245,78.15126050420169,0.8524138056849753,0.835486300623188,1.4315068493150684,"(6, 5, 6, 3)","(70, 78, 86, 94)",0.34317859278868545
1.1681181614782568,78.99159663865547,0.8328396434289604,0.8098649920023735,1.5414383561643836,"(6, 5, 6, 3)","(70, 76, 82, 88)",0.31050286623435147
1.164337336732578,77.31092436974791,0.8225154140142564,0.8073786579515836,1.520890410958904,"(6, 5, 6, 3)","(64, 74, 84, 92)",0.31549311193894003
1.156745497611143,78.15126050420169,0.8539398920868663,0.835486300623188,1.4366438356164384,"(6, 5, 6, 4)","(70, 78, 86, 94)",0.35897792394081396
1.1696151055352078,78.99159663865547,0.8347946133646623,0.8098649920023735,1.542808219178082,"(6, 5, 6, 4)","(70, 76, 82, 88)",0.31247703985035125
1.164337336732578,78.99159663865547,0.8261086447787866,0.8114747405867265,1.5301369863013699,"(6, 5, 6, 4)","(64, 74, 84, 92)",0.3099903251027957
1.1619243726077686,78.15126050420169,0.8553585047965799,0.835486300623188,1.4407534246575342,"(6, 5, 6, 5)","(70, 78, 86, 94)",0.36738086092827066
1.1706833054253605,78.99159663865547,0.8390957531522709,0.8098649920023735,1.5452054794520549,"(6, 5, 6, 5)","(70, 76, 82, 88)",0.31306234412189227
1.164337336732578,78.99159663865547,0.8284591165669742,0.8158825220518493,1.5404109589041095,"(6, 5, 6, 5)","(64, 74, 84, 92)",0.3040969729145297
1.1636384966340785,78.99159663865547,0.8572777120658274,0.835486300623188,1.4476027397260274,"(6, 5, 6, 6)","(70, 78, 86, 94)",0.3655886841404049
1.1721765547456082,79.83193277310924,0.8410246515757969,0.8098649920023735,1.5523972602739726,"(6, 5, 6, 6)","(70, 76, 82, 88)",0.3116897333274495
1.164337336732578,79.83193277310924,0.8288275795564245,0.8189980564993783,1.5513698630136987,"(6, 5, 6, 6)","(64, 74, 84, 92)",0.29805280947771906
1.1726172435158662,76.47058823529412,0.8008016609359712,0.7837920805513064,1.548972602739726,"(6, 6, 1, 1)","(64, 72, 80, 88)",0.3144369002285273
1.1511053090561758,77.31092436974791,0.8503672078379781,0.8305505214373388,1.3763698630136987,"(6, 6, 1, 1)","(70, 78, 86, 94)",0.40148089394361536
1.1686281713175433,76.47058823529412,0.8270513739296541,0.8065786481023933,1.4794520547945205,"(6, 6, 1, 1)","(70, 76, 82, 88)",0.351710185890876
1.159765303986196,76.47058823529412,0.8199237929180307,0.8036393853697127,1.475,"(6, 6, 1, 1)","(64, 74, 84, 92)",0.33634800839199136
1.1726172435158662,78.15126050420169,0.806314206853103,0.7906381778857109,1.555821917808219,"(6, 6, 1, 2)","(64, 72, 80, 88)",0.31056213867303095
1.1566778985878003,77.31092436974791,0.856223383208182,0.8347509284226736,1.385958904109589,"(6, 6, 1, 2)","(70, 78, 86, 94)",0.40594451098170103
1.1686281713175433,78.15126050420169,0.8374092729105318,0.8089082050241211,1.4914383561643836,"(6, 6, 1, 2)","(70, 76, 82, 88)",0.3431318886740253
1.1660202997739468,77.31092436974791,0.82611064709096,0.8112046580525495,1.4787671232876711,"(6, 6, 1, 2)","(64, 74, 84, 92)",0.3467662913733368
1.1726172435158662,78.99159663865547,0.810424495796928,0.797276686306139,1.5695205479452055,"(6, 6, 1, 3)","(64, 72, 80, 88)",0.3030922135095185
1.1623771808049077,77.31092436974791,0.8567640858072689,0.8347509284226736,1.401027397260274,"(6, 6, 1, 3)","(70, 78, 86, 94)",0.4049029615288902
1.1686281713175433,78.15126050420169,0.8404657933033257,0.8089082050241211,1.5095890410958903,"(6, 6, 1, 3)","(70, 76, 82, 88)",0.33091012113388873
1.1676039848542126,77.31092436974791,0.8283547410916237,0.814701853869411,1.490068493150685,"(6, 6, 1, 3)","(64, 74, 84, 92)",0.34200114309874263
1.1752414588288107,78.99159663865547,0.8150555528791731,0.8032641083601758,1.5883561643835618,"(6, 6, 1, 4)","(64, 72, 80, 88)",0.2978492781025187
1.1660054676866725,77.31092436974791,0.8600459266141909,0.8347509284226736,1.4154109589041095,"(6, 6, 1, 4)","(70, 78, 86, 94)",0.3996174490066642
1.171615733995706,78.99159663865547,0.8442087179123546,0.8089082050241211,1.5198630136986302,"(6, 6, 1, 4)","(70, 76, 82, 88)",0.3301172221788285
1.1703233537058078,78.99159663865547,0.8318453865484261,0.8199536095727695,1.5095890410958903,"(6, 6, 1, 4)","(64, 74, 84, 92)",0.3342366887237626
1.1703729956414974,78.15126050420169,0.8622342952701568,0.8347509284226736,1.4246575342465753,"(6, 6, 1, 5)","(70, 78, 86, 94)",0.4012009252203005
1.1770362332352362,78.99159663865547,0.846808184873424,0.8089082050241211,1.5315068493150685,"(6, 6, 1, 5)","(70, 76, 82, 88)",0.3330836346951609
1.1697586426841957,78.99159663865547,0.8351318100436238,0.8243912593873184,1.5267123287671234,"(6, 6, 1, 5)","(64, 74, 84, 92)",0.3222985933926212
1.1739886003194218,78.15126050420169,0.8627162053691497,0.8347509284226736,1.438013698630137,"(6, 6, 1, 6)","(70, 78, 86, 94)",0.39722182402870326
1.179666050890767,78.99159663865547,0.8481432764333425,0.8089082050241211,1.5469178082191781,"(6, 6, 1, 6)","(70, 76, 82, 88)",0.3285064925491795
1.1702827638342577,78.99159663865547,0.8375793998349332,0.8248393681606379,1.5410958904109588,"(6, 6, 1, 6)","(64, 74, 84, 92)",0.31469979138989396
1.171311219250142,77.31092436974791,0.7975774491514648,0.780451156346891,1.5650684931506849,"(6, 6, 2, 1)","(64, 72, 80, 88)",0.3031689455820696
1.1482514724467816,77.31092436974791,0.8490339517631004,0.8295741710382348,1.3835616438356164,"(6, 6, 2, 1)","(70, 78, 86, 94)",0.3865127674505378
1.1660616834787476,76.47058823529412,0.8246313081209204,0.8039814599331164,1.4924657534246575,"(6, 6, 2, 1)","(70, 76, 82, 88)",0.33720453112513427
1.1547739416497615,77.31092436974791,0.8170969401883256,0.8008346508170087,1.489041095890411,"(6, 6, 2, 1)","(64, 74, 84, 92)",0.3164845305443303
1.171311219250142,78.99159663865547,0.807870527937522,0.794327059236379,1.5784246575342467,"(6, 6, 2, 3)","(64, 72, 80, 88)",0.29616859692742137
1.160387280618611,77.31092436974791,0.8553161192020216,0.8348472615540103,1.406849315068493,"(6, 6, 2, 3)","(70, 78, 86, 94)",0.3942178951231855
1.1678707848962684,78.15126050420169,0.8383189007383959,0.8066478452212298,1.5184931506849315,"(6, 6, 2, 3)","(70, 76, 82, 88)",0.3237666392979549
1.1642734652150009,78.15126050420169,0.8257993327906262,0.8119763511502878,1.4931506849315068,"(6, 6, 2, 3)","(64, 74, 84, 92)",0.33311008224152955
1.166999763884628,78.15126050420169,0.8607939111127406,0.8348472615540103,1.4263698630136987,"(6, 6, 2, 5)","(70, 78, 86, 94)",0.3916781610788059
1.1748078242684914,78.99159663865547,0.8449957653868398,0.8066478452212298,1.5328767123287672,"(6, 6, 2, 5)","(70, 76, 82, 88)",0.3280455314035956
1.1678732205465967,79.83193277310924,0.8318108040446512,0.8202831901829895,1.5267123287671234,"(6, 6, 2, 5)","(64, 74, 84, 92)",0.3187189882939287
1.1696888530271636,77.31092436974791,0.7938178453351925,0.7765355395295922,1.5804794520547945,"(6, 6, 3, 1)","(64, 72, 80, 88)",0.2923253397282111
1.1468177471506105,75.63025210084034,0.8469494185526152,0.827593385682991,1.3941780821917809,"(6, 6, 3, 1)","(70, 78, 86, 94)",0.3724655270892985
1.1645367142971608,76.47058823529412,0.8212144539325362,0.8018058954728536,1.5054794520547945,"(6, 6, 3, 1)","(70, 76, 82, 88)",0.3255062369564427
1.1510341985840917,77.31092436974791,0.8146996192528712,0.7983468330104846,1.5017123287671232,"(6, 6, 3, 1)","(64, 74, 84, 92)",0.3010374470071999
1.1696888530271636,77.31092436974791,0.8003026751341172,0.7834438866161247,1.5832191780821918,"(6, 6, 3, 2)","(64, 72, 80, 88)",0.29095211440946434
1.1515479320596154,77.31092436974791,0.8516982846109332,0.8343727995053455,1.404109589041096,"(6, 6, 3, 2)","(70, 78, 86, 94)",0.37501691662209896
1.1660968018051285,77.31092436974791,0.8305560202054522,0.8061588027224962,1.5184931506849315,"(6, 6, 3, 2)","(70, 76, 82, 88)",0.3203452188051356
1.1627722744363895,77.31092436974791,0.8211887374333748,0.8052766828637784,1.4952054794520548,"(6, 6, 3, 2)","(64, 74, 84, 92)",0.3286964324718239
1.1696888530271636,79.83193277310924,0.8084785004973998,0.7966316433776325,1.5955479452054795,"(6, 6, 3, 4)","(64, 72, 80, 88)",0.2849289539041505
1.1607310770933073,77.31092436974791,0.8562559774637787,0.8343727995053455,1.4236301369863014,"(6, 6, 3, 4)","(70, 78, 86, 94)",0.37941369855493706
1.1696427637592488,78.99159663865547,0.8369151177533074,0.8061588027224962,1.533904109589041,"(6, 6, 3, 4)","(70, 76, 82, 88)",0.31774013481527036
1.1639158532327178,78.15126050420169,0.8278524263050807,0.81475349528697,1.507876712328767,"(6, 6, 3, 4)","(64, 74, 84, 92)",0.3227473307077115
1.1640911215579823,77.31092436974791,0.8584575463051747,0.8343727995053455,1.430821917808219,"(6, 6, 3, 5)","(70, 78, 86, 94)",0.38087923286908465
1.1711359308672664,78.99159663865547,0.8410246091518867,0.8061588027224962,1.540068493150685,"(6, 6, 3, 5)","(70, 76, 82, 88)",0.31687819792797584
1.165908273083273,79.83193277310924,0.8298107576469645,0.8190204573500577,1.5277397260273973,"(6, 6, 3, 5)","(64, 74, 84, 92)",0.3143751832596738
1.1663703928554274,77.31092436974791,0.7918405265447208,0.774483920570167,1.5886986301369863,"(6, 6, 4, 1)","(64, 72, 80, 88)",0.2826070663978174
1.1455366632551673,76.47058823529412,0.8449605902006847,0.8268008390104017,1.404109589041096,"(6, 6, 4, 1)","(70, 78, 86, 94)",0.36014157347888864
1.1622107336686909,76.47058823529412,0.8180513331680508,0.799695840525066,1.5184931506849315,"(6, 6, 4, 1)","(70, 76, 82, 88)",0.31285029214833376
1.1478594512486562,77.31092436974791,0.8119852520660281,0.7955109594181069,1.513013698630137,"(6, 6, 4, 1)","(64, 74, 84, 92)",0.2882173549039226
1.1672006640057562,78.99159663865547,0.8051175390731657,0.7890822530795836,1.5976027397260273,"(6, 6, 4, 3)","(64, 72, 80, 88)",0.27978563833627973
1.1566327810526371,78.15126050420169,0.8519482626960965,0.8367010566938979,1.4164383561643836,"(6, 6, 4, 3)","(70, 78, 86, 94)",0.37612477029087193
1.167580350719209,78.15126050420169,0.833321009774553,0.8079117682179126,1.5315068493150685,"(6, 6, 4, 3)","(70, 76, 82, 88)",0.31529292789954283
1.1614361074596273,77.31092436974791,0.824459508220959,0.8088890884706884,1.5061643835616438,"(6, 6, 4, 3)","(64, 74, 84, 92)",0.3189400769838375
1.161981385131695,78.99159663865547,0.8564471051875823,0.8367010566938979,1.4345890410958904,"(6, 6, 4, 5)","(70, 78, 86, 94)",0.3727231241801018
1.1706839002776543,78.99159663865547,0.8394514528394456,0.8079117682179126,1.540068493150685,"(6, 6, 4, 5)","(70, 76, 82, 88)",0.3160412104063099
1.162276248461128,78.15126050420169,0.8291538987012345,0.8179743225618218,1.5297945205479453,"(6, 6, 4, 5)","(64, 74, 84, 92)",0.3063003526221678
1.162554205532386,77.31092436974791,0.7911339175842143,0.7733674458731652,1.5982876712328766,"(6, 6, 5, 1)","(64, 72, 80, 88)",0.2716990727845263
1.1436387722613115,76.47058823529412,0.8429434355611238,0.8252803202495271,1.4095890410958904,"(6, 6, 5, 1)","(70, 78, 86, 94)",0.35068997909952304
1.1625989792926146,77.31092436974791,0.8166462019225983,0.7990573197337868,1.5304794520547946,"(6, 6, 5, 1)","(70, 76, 82, 88)",0.3065132469557356
1.1453766302737243,77.31092436974791,0.8102602445342224,0.793716526904991,1.5202054794520548,"(6, 6, 5, 1)","(64, 74, 84, 92)",0.27946001342941074
1.1662216047300809,77.31092436974791,0.7965922643564977,0.779578863256941,1.5996575342465753,"(6, 6, 5, 2)","(64, 72, 80, 88)",0.2771942237646123
1.1474535541565585,78.15126050420169,0.8480580919330937,0.8325472511444457,1.4143835616438356,"(6, 6, 5, 2)","(70, 78, 86, 94)",0.35583832903896756
1.1650263256841336,77.31092436974791,0.8250216383881964,0.8099820679938876,1.5332191780821918,"(6, 6, 5, 2)","(70, 76, 82, 88)",0.30949060436587666
1.1575504039634368,77.31092436974791,0.816864629451938,0.8008203913221927,1.5054794520547945,"(6, 6, 5, 2)","(64, 74, 84, 92)",0.31168508101167713
1.149769215511866,78.15126050420169,0.85173776845545,0.8361454880867596,1.423972602739726,"(6, 6, 5, 3)","(70, 78, 86, 94)",0.3532521076693447
1.1673696335499038,78.99159663865547,0.8314706448768319,0.8099820679938876,1.536986301369863,"(6, 6, 5, 3)","(70, 76, 82, 88)",0.3116832461516065
1.1628858198468186,77.31092436974791,0.8230174937255824,0.8076153480729987,1.510958904109589,"(6, 6, 5, 3)","(64, 74, 84, 92)",0.31878458039725893
1.1560899205056556,78.15126050420169,0.8532855537514212,0.8361454880867596,1.4325342465753426,"(6, 6, 5, 4)","(70, 78, 86, 94)",0.3608729753574935
1.1684265788923134,79.83193277310924,0.8345002444871025,0.8099820679938876,1.5376712328767124,"(6, 6, 5, 4)","(70, 76, 82, 88)",0.3132519811245574
1.1628858198468186,77.31092436974791,0.8253057402891657,0.8107424595630602,1.5236301369863015,"(6, 6, 5, 4)","(64, 74, 84, 92)",0.31107036883761296
1.160154487430865,78.99159663865547,0.8545312941685012,0.8361454880867596,1.4383561643835616,"(6, 6, 5, 5)","(70, 78, 86, 94)",0.3653524244516606
1.170143219686745,79.83193277310924,0.8371658402031056,0.8099820679938876,1.5414383561643836,"(6, 6, 5, 5)","(70, 76, 82, 88)",0.31424301169215385
1.1628858198468186,78.15126050420169,0.8264392441880536,0.8153353129019747,1.5328767123287672,"(6, 6, 5, 5)","(64, 74, 84, 92)",0.30567261822153613
1.1650540320195943,78.99159663865547,0.8561185871740669,0.8361454880867596,1.4448630136986302,"(6, 6, 5, 6)","(70, 78, 86, 94)",0.3710221504982412
1.171942525475985,79.83193277310924,0.8404585368699409,0.8099820679938876,1.5482876712328768,"(6, 6, 5, 6)","(70, 76, 82, 88)",0.31359910955020365
1.1628858198468186,79.83193277310924,0.8281314210657511,0.8184095595218887,1.5438356164383562,"(6, 6, 5, 6)","(64, 74, 84, 92)",0.2995129684840745
1.1430449866022097,76.47058823529412,0.8415694279259277,0.8241147894245577,1.4147260273972602,"(6, 6, 6, 1)","(70, 78, 86, 94)",0.3449144185618929
1.1624011106542103,77.31092436974791,0.8146413169591575,0.7970021545555551,1.5376712328767124,"(6, 6, 6, 1)","(70, 76, 82, 88)",0.30204537777725726
1.1449786090484362,77.31092436974791,0.8087544715142773,0.7923483951756322,1.5246575342465754,"(6, 6, 6, 1)","(64, 74, 84, 92)",0.2763299859147739
1.1577676348420778,78.15126050420169,0.8536988524888891,0.8351169851613784,1.4400684931506849,"(6, 6, 6, 5)","(70, 78, 86, 94)",0.3585069990185737
1.1690522170763207,79.83193277310924,0.8343726179703702,0.8102622225684525,1.5452054794520549,"(6, 6, 6, 5)","(70, 76, 82, 88)",0.3100706494113419
1.1623172811269433,78.15126050420169,0.8268353977416926,0.8130404073758607,1.5376712328767124,"(6, 6, 6, 5)","(64, 74, 84, 92)",0.3018894655354614
