t1,t2,t3,t4,perfil,eff_mediana,win,p05,capital_x,eff_2021
1.6,1.2,1.0,0.9,conservador,1.160434640694828,85.71428571428571,0.9306217645932018,1.2743150684931508,1.153713298463666
1.6,1.2,1.0,0.9,moderado,1.179630851447576,84.87394957983193,0.9067856627999596,1.3907534246575342,1.1753487160546015
1.6,1.2,1.0,0.9,agressivo,1.2264374215166842,84.03361344537815,0.8939706755541997,1.4794520547945205,1.2269143926493136
1.6,1.2,1.0,0.9,muito agressivo,1.280654936009413,84.87394957983193,0.8528984201568748,1.7815068493150685,1.2802957042943557
1.6,1.2,1.0,0.85,conservador,1.1427195386658355,85.71428571428571,0.9372026496736444,1.2462328767123287,1.1370205045457376
1.6,1.2,1.0,0.85,moderado,1.170786197606761,84.87394957983193,0.9108454889022596,1.3773972602739726,1.1679293385545173
1.6,1.2,1.0,0.85,agressivo,1.2134300637381525,84.03361344537815,0.8975322593562907,1.4561643835616438,1.2133049847863855
1.6,1.2,1.0,0.85,muito agressivo,1.2670439069850432,84.87394957983193,0.8584338470891707,1.7547945205479452,1.2694873023824598
1.6,1.2,1.0,0.8,conservador,1.1192172331419374,84.03361344537815,0.9404149679850913,1.2176369863013699,1.113130448954644
1.6,1.2,1.0,0.8,moderado,1.15770272692163,84.87394957983193,0.9142875752487767,1.3630136986301369,1.1574462225563185
1.6,1.2,1.0,0.8,agressivo,1.1952845642363945,84.03361344537815,0.9003168422808605,1.428082191780822,1.193692803102631
1.6,1.2,1.0,0.8,muito agressivo,1.2508008998828548,84.87394957983193,0.8631167347944526,1.726027397260274,1.2538409236859738
1.6,1.2,1.0,0.75,conservador,1.11286715940344,84.87394957983193,0.9427832789292223,1.211472602739726,1.1101671737600578
1.6,1.2,1.0,0.75,moderado,1.1550455030300808,84.87394957983193,0.9163715954002462,1.3613013698630136,1.1561584968102898
1.6,1.2,1.0,0.75,agressivo,1.1883555914172113,84.87394957983193,0.902566325797353,1.4226027397260275,1.191262995689552
1.6,1.2,1.0,0.75,muito agressivo,1.2440458060161508,84.87394957983193,0.8659502740534007,1.7226027397260273,1.2519056482134168
1.6,1.2,0.95,0.9,conservador,1.1534802064431002,85.71428571428571,0.9311523618265891,1.264041095890411,1.148073328898977
1.6,1.2,0.95,0.9,moderado,1.1754959349303498,84.87394957983193,0.907435553952516,1.3845890410958903,1.1703280151529996
1.6,1.2,0.95,0.9,agressivo,1.2181863964105892,84.03361344537815,0.8947458342464328,1.4633561643835618,1.217847578357715
1.6,1.2,0.95,0.9,muito agressivo,1.2770915197824242,84.87394957983193,0.8538178828298393,1.7691780821917809,1.273217013566176
1.6,1.2,0.95,0.85,conservador,1.137602119015773,85.71428571428571,0.937716890692791,1.2378424657534246,1.1311913504309417
1.6,1.2,0.95,0.85,moderado,1.1673602843344923,84.87394957983193,0.9115074650284513,1.3688356164383562,1.1628324691078404
1.6,1.2,0.95,0.85,agressivo,1.2059983425890657,84.03361344537815,0.8984298277945149,1.4386986301369864,1.203970082399744
1.6,1.2,0.95,0.85,muito agressivo,1.2664864568003171,84.87394957983193,0.859380059785423,1.7376712328767123,1.2622324011152966
1.6,1.2,0.95,0.8,conservador,1.1137614404522616,84.03361344537815,0.9410030748099075,1.209931506849315,1.1070446164271268
1.6,1.2,0.95,0.8,moderado,1.15720856159987,84.87394957983193,0.9149604134594517,1.3551369863013698,1.1522484852262527
1.6,1.2,0.95,0.8,agressivo,1.1874126121837976,84.03361344537815,0.9012862319495485,1.4109589041095891,1.1839937379609473
1.6,1.2,0.95,0.8,muito agressivo,1.251779842990732,84.87394957983193,0.8640872768469076,1.7102739726027398,1.2463468213580713
1.6,1.2,0.95,0.75,conservador,1.109688987127005,84.03361344537815,0.9434111460187843,1.2032534246575342,1.1040494127806326
1.6,1.2,0.95,0.75,moderado,1.1508443239857928,84.87394957983193,0.9170512876192195,1.353082191780822,1.1509484140989046
1.6,1.2,0.95,0.75,agressivo,1.1850834658485339,84.03361344537815,0.9038423635400168,1.4058219178082192,1.1815187609010251
1.6,1.2,0.95,0.75,muito agressivo,1.2414545385631854,84.87394957983193,0.8669363196193213,1.7061643835616438,1.244381980351082
1.6,1.2,0.9,0.85,conservador,1.1271479037789136,85.71428571428571,0.9389461130020249,1.2263698630136985,1.1179298308072823
1.6,1.2,0.9,0.85,moderado,1.1586084341267198,84.87394957983193,0.9137129711048483,1.3534246575342466,1.151215074401178
1.6,1.2,0.9,0.85,agressivo,1.1932200184345008,84.03361344537815,0.9007205112206778,1.4054794520547946,1.1822266783581061
1.6,1.2,0.9,0.85,muito agressivo,1.2542188031708768,84.87394957983193,0.8624505302017833,1.7068493150684931,1.2452893852618214
1.6,1.2,0.9,0.8,conservador,1.102309728057174,84.03361344537815,0.9425981367949272,1.198972602739726,1.0932315914893587
1.6,1.2,0.9,0.8,moderado,1.1482745181326959,84.87394957983193,0.917206216157951,1.3390410958904109,1.1404146518966145
1.6,1.2,0.9,0.8,agressivo,1.1732089220315174,84.03361344537815,0.9041605162612965,1.3791095890410958,1.16144927068326
1.6,1.2,0.9,0.8,muito agressivo,1.239232835978619,84.87394957983193,0.8672468377243817,1.678082191780822,1.2288805588287535
1.6,1.2,0.9,0.75,conservador,1.097807554415509,84.03361344537815,0.9460295936873985,1.1863013698630136,1.0901678460135311
1.6,1.2,0.9,0.75,moderado,1.1456621426768097,84.03361344537815,0.9180711902555186,1.3373287671232876,1.1390881123329772
1.6,1.2,0.9,0.75,agressivo,1.1669008790225788,84.87394957983193,0.9081037459067853,1.3691780821917807,1.1588750183145775
1.6,1.2,0.9,0.75,muito agressivo,1.2349428850395412,84.03361344537815,0.8678580499210806,1.6746575342465753,1.2268511086231304
1.6,1.2,0.85,0.8,conservador,1.0932801001245889,84.03361344537815,0.946017028156805,1.1847602739726026,1.084053568288395
1.6,1.2,0.85,0.8,moderado,1.1409805909432418,84.03361344537815,0.9189572783718177,1.3263698630136986,1.132518722789443
1.6,1.2,0.85,0.8,agressivo,1.158848068503202,84.87394957983193,0.9122242442872188,1.3513698630136985,1.146089943798507
1.6,1.2,0.85,0.8,muito agressivo,1.2287927337661169,84.03361344537815,0.8689088065623857,1.6527397260273973,1.2169299447437838
1.6,1.2,0.85,0.75,conservador,1.0888208045377334,84.87394957983193,0.9511960805953592,1.172431506849315,1.0809475122872028
1.6,1.2,0.85,0.75,moderado,1.1353229482004166,84.87394957983193,0.9189356361881645,1.3246575342465754,1.1311758562428698
1.6,1.2,0.85,0.75,agressivo,1.1546301753137496,84.87394957983193,0.9163518761159953,1.3434931506849315,1.1434528084169502
1.6,1.2,0.85,0.75,muito agressivo,1.2197552150262745,84.87394957983193,0.8683598922431207,1.6493150684931508,1.2148597792475946
1.6,1.1,1.0,0.9,conservador,1.1582580569892258,85.71428571428571,0.9330194836920435,1.2657534246575342,1.1527834534249153
1.6,1.1,1.0,0.9,moderado,1.1760993238483417,84.03361344537815,0.912227813922392,1.3756849315068493,1.1739557174341442
1.6,1.1,1.0,0.9,agressivo,1.2275616893464831,84.03361344537815,0.8975551000610071,1.4654109589041096,1.2263036622807963
1.6,1.1,1.0,0.9,muito agressivo,1.2735993959754686,84.03361344537815,0.8606702603343196,1.7513698630136987,1.2805208772753143
1.6,1.1,1.0,0.85,conservador,1.1404480972924302,85.71428571428571,0.9394261196728315,1.2376712328767123,1.1359426021511814
1.6,1.1,1.0,0.85,moderado,1.168596300101246,84.87394957983193,0.9163878014524972,1.3633561643835617,1.1664180565547246
1.6,1.1,1.0,0.85,agressivo,1.2112454661939236,84.03361344537815,0.9014031352187324,1.4407534246575342,1.212494408755277
1.6,1.1,1.0,0.85,muito agressivo,1.2590595849772632,84.87394957983193,0.8664299055117521,1.7267123287671233,1.2694576208779567
1.6,1.1,1.0,0.8,conservador,1.1167538675743232,84.03361344537815,0.9429264803097895,1.2101027397260273,1.111838084480386
1.6,1.1,1.0,0.8,moderado,1.1561022761835884,84.87394957983193,0.9199199945129286,1.348972602739726,1.1557678807187761
1.6,1.1,1.0,0.8,agressivo,1.1920021526336937,84.03361344537815,0.9044725448338791,1.411986301369863,1.1925890567775914
1.6,1.1,1.0,0.8,muito agressivo,1.2441762173747082,84.87394957983193,0.8713169952337774,1.6979452054794522,1.2534337318112057
1.6,1.1,1.0,0.75,conservador,1.1108313157578504,84.03361344537815,0.9458486337287465,1.2042808219178083,1.1088478054541386
1.6,1.1,1.0,0.75,moderado,1.1514373682616517,84.87394957983193,0.9204475462655448,1.3472602739726027,1.1544595044131793
1.6,1.1,1.0,0.75,agressivo,1.1855741864248293,84.03361344537815,0.9079034711949335,1.4058219178082192,1.1901223957483842
1.6,1.1,1.0,0.75,muito agressivo,1.2424244290276067,84.87394957983193,0.8714026546342257,1.6945205479452055,1.2514511244143345
1.6,1.1,0.95,0.9,conservador,1.1512945998070163,85.71428571428571,0.9335559951652826,1.2571917808219177,1.1470924335155988
1.6,1.1,0.95,0.9,moderado,1.1718927147504554,84.03361344537815,0.912891207949417,1.3654109589041097,1.1688530789585463
1.6,1.1,0.95,0.9,agressivo,1.2152015050636045,84.03361344537815,0.8984433034748606,1.4486301369863013,1.2171021700669087
1.6,1.1,0.95,0.9,muito agressivo,1.2730468314511452,84.03361344537815,0.8616202176564989,1.7308219178082191,1.2732760380410828
1.6,1.1,0.95,0.85,conservador,1.135280742811277,85.71428571428571,0.9399463421063488,1.2299657534246575,1.1300591561416151
1.6,1.1,0.95,0.85,moderado,1.1642961295486483,84.87394957983193,0.9170636783980453,1.3554794520547946,1.161236878313274
1.6,1.1,0.95,0.85,agressivo,1.2049586460369806,84.03361344537815,0.9023188651330442,1.4205479452054794,1.2030169886925255
1.6,1.1,0.95,0.85,muito agressivo,1.2632125621841168,84.87394957983193,0.867408036731684,1.710958904109589,1.2620280900194691
1.6,1.1,0.95,0.8,conservador,1.1112431659002548,84.03361344537815,0.9435215156180624,1.2027397260273973,1.105693484110467
1.6,1.1,0.95,0.8,moderado,1.1540085849291162,84.87394957983193,0.9206070996373439,1.3414383561643837,1.150482675816951
1.6,1.1,0.95,0.8,agressivo,1.1850434458816717,84.03361344537815,0.9054618516234022,1.3945205479452054,1.1827366284155931
1.6,1.1,0.95,0.8,muito agressivo,1.248055398758898,84.87394957983193,0.8723207919217347,1.6828767123287671,1.245753271611011
1.6,1.1,0.95,0.75,conservador,1.1082268028711406,84.03361344537815,0.9466525548743386,1.1933219178082193,1.1026707123355557
1.6,1.1,0.95,0.75,moderado,1.1493400383044614,84.87394957983193,0.920837566642793,1.3363013698630137,1.1491615652084848
1.6,1.1,0.95,0.75,agressivo,1.1816359747221123,84.03361344537815,0.9092057342774904,1.3866438356164383,1.1802234355189647
1.6,1.1,0.95,0.75,muito agressivo,1.2367595952235761,84.87394957983193,0.8719298207387515,1.6726027397260275,1.243739632606065
1.6,1.1,0.9,0.85,conservador,1.1246712358444444,85.71428571428571,0.9411956374026648,1.2190068493150685,1.1166737316228752
1.6,1.1,0.9,0.85,moderado,1.1547311422074504,84.87394957983193,0.9193220301501321,1.3356164383561644,1.1494265338521434
1.6,1.1,0.9,0.85,agressivo,1.1896361314877875,84.03361344537815,0.9047012530339337,1.3924657534246576,1.1809336525256402
1.6,1.1,0.9,0.85,muito agressivo,1.249610381024309,84.87394957983193,0.8705990565629015,1.6712328767123288,1.2446659264850106
1.6,1.1,0.9,0.8,conservador,1.0996226383216805,84.03361344537815,0.9451661364159635,1.1922945205479452,1.0917468344412529
1.6,1.1,0.9,0.8,moderado,1.1442428337900616,84.87394957983193,0.921515569750296,1.3212328767123287,1.138449046395954
1.6,1.1,0.9,0.8,agressivo,1.1693365088547947,84.03361344537815,0.9095190072840772,1.3664383561643836,1.1598278311297416
1.6,1.1,0.9,0.8,muito agressivo,1.234278976301039,84.87394957983193,0.8730883321049748,1.6424657534246576,1.227841682309693
1.6,1.1,0.9,0.75,conservador,1.095138211162428,84.03361344537815,0.9493788900568383,1.1787671232876713,1.0886542965535406
1.6,1.1,0.9,0.75,moderado,1.1428388216100405,84.03361344537815,0.9215100900438108,1.3195205479452055,1.1371006251201832
1.6,1.1,0.9,0.75,agressivo,1.1667924738900324,84.03361344537815,0.9135675691537009,1.3534246575342466,1.1572123014319937
1.6,1.1,0.9,0.75,muito agressivo,1.2310142183808235,84.03361344537815,0.8725827253528358,1.639041095890411,1.2257601654791337
1.6,1.1,0.85,0.8,conservador,1.0905094395653459,84.03361344537815,0.9493604192230135,1.1779109589041097,1.0824801951042229
1.6,1.1,0.85,0.8,moderado,1.1368308647055498,84.03361344537815,0.9224218980895788,1.3085616438356165,1.130419777097705
1.6,1.1,0.85,0.8,agressivo,1.1547482349481348,84.03361344537815,0.9177806846377503,1.3366438356164383,1.144215592628704
1.6,1.1,0.85,0.8,muito agressivo,1.223575572682065,84.03361344537815,0.8736881402547687,1.617123287671233,1.215579349153031
1.6,1.1,0.85,0.75,conservador,1.0860680933353273,84.87394957983193,0.9546171908566906,1.1643835616438356,1.079344583365723
1.6,1.1,0.85,0.75,moderado,1.131942333983166,84.87394957983193,0.9224221320414432,1.3068493150684932,1.1290545043090292
1.6,1.1,0.85,0.75,agressivo,1.1521177208095146,84.87394957983193,0.9220203214702739,1.327054794520548,1.1415351965423972
1.6,1.1,0.85,0.75,muito agressivo,1.2154906741066018,84.87394957983193,0.8731795166341432,1.6136986301369862,1.2134550145123888
1.6,1.05,1.0,0.9,conservador,1.1565426759562547,85.71428571428571,0.9331450890136429,1.260958904109589,1.150675252870531
1.6,1.05,1.0,0.9,moderado,1.174532484942895,84.03361344537815,0.9125307459646566,1.3660958904109588,1.170184341088173
1.6,1.05,1.0,0.9,agressivo,1.2262362445874198,84.03361344537815,0.8977802423220925,1.4554794520547945,1.2229711216909447
1.6,1.05,1.0,0.9,muito agressivo,1.2751027679979268,84.03361344537815,0.8611097669893231,1.7321917808219178,1.2753368392486508
1.6,1.05,1.0,0.85,conservador,1.1391979298149741,85.71428571428571,0.939560334100467,1.2356164383561643,1.133754364652202
1.6,1.05,1.0,0.85,moderado,1.1663949063526622,84.87394957983193,0.9166961272973404,1.354109589041096,1.1625812152699102
1.6,1.05,1.0,0.85,agressivo,1.2098640764922213,84.03361344537815,0.9016347415480342,1.430821917808219,1.2090482999308607
1.6,1.05,1.0,0.85,muito agressivo,1.2636884766567924,84.87394957983193,0.8668816917661544,1.7082191780821918,1.2641212839904035
1.6,1.05,1.0,0.8,conservador,1.1148266973833616,84.03361344537815,0.9430739409715866,1.2068493150684931,1.1095401877943725
1.6,1.05,1.0,0.8,moderado,1.156215080800784,84.87394957983193,0.9202331816346037,1.340068493150685,1.1518435319989955
1.6,1.05,1.0,0.8,agressivo,1.1896213943783591,84.03361344537815,0.9047178577224553,1.402054794520548,1.1889869212477557
1.6,1.05,1.0,0.8,muito agressivo,1.2465179222093326,84.87394957983193,0.8717799918490148,1.6801369863013698,1.2478880274670532
1.6,1.05,1.0,0.75,conservador,1.1107919551328713,84.03361344537815,0.9460307307918329,1.1993150684931506,1.1065362406909145
1.6,1.05,1.0,0.75,moderado,1.149658481494025,84.87394957983193,0.9206656496252177,1.3373287671232876,1.1505244280272673
1.6,1.05,1.0,0.75,agressivo,1.1855433181298256,84.03361344537815,0.9082007422733441,1.3986301369863015,1.1865008635503531
1.6,1.05,1.0,0.75,muito agressivo,1.2388721759360055,84.87394957983193,0.8717138698586298,1.6746575342465753,1.245879476649716
1.6,1.05,0.95,0.9,conservador,1.1495721362350513,85.71428571428571,0.9336819097025304,1.2558219178082193,1.1449541613408787
1.6,1.05,0.95,0.9,moderado,1.1690035406160526,84.03361344537815,0.9131948614662193,1.3595890410958904,1.16503210679222
1.6,1.05,0.95,0.9,agressivo,1.2154041462337528,84.87394957983193,0.8986694069887768,1.4404109589041096,1.2136846063015738
1.6,1.05,0.95,0.9,muito agressivo,1.26963370754022,84.03361344537815,0.8620613775905157,1.7191780821917808,1.2679792933133864
1.6,1.05,0.95,0.85,conservador,1.1334577094189786,85.71428571428571,0.9400808895682443,1.2279109589041095,1.127839317876263
1.6,1.05,0.95,0.85,moderado,1.1620376339546663,84.03361344537815,0.917372746823492,1.3472602739726027,1.1573492968147232
1.6,1.05,0.95,0.85,agressivo,1.2052424859731747,84.03361344537815,0.9025514815280846,1.415068493150685,1.199482019572758
1.6,1.05,0.95,0.85,muito agressivo,1.2599577273209217,84.03361344537815,0.8678615530949548,1.6945205479452055,1.2565747170181898
1.6,1.05,0.95,0.8,conservador,1.109822451174972,84.03361344537815,0.9436693559621385,1.2013698630136986,1.103361927194853
1.6,1.05,0.95,0.8,moderado,1.1517251115174527,84.87394957983193,0.9209210487730066,1.332876712328767,1.146506098196405
1.6,1.05,0.95,0.8,agressivo,1.1852353070169148,84.03361344537815,0.9057082638269611,1.3863013698630138,1.1790404741102325
1.6,1.05,0.95,0.8,muito agressivo,1.2450354159884571,84.87394957983193,0.872747129582407,1.6657534246575343,1.2400847324341946
1.6,1.05,0.95,0.75,conservador,1.106240298693457,84.03361344537815,0.9468351474736117,1.1907534246575342,1.1003252290982795
1.6,1.05,0.95,0.75,moderado,1.1477387827412475,84.87394957983193,0.9210561594910099,1.3297945205479451,1.145174077371263
1.6,1.05,0.95,0.75,agressivo,1.1788643714337306,84.03361344537815,0.9095044068860739,1.377054794520548,1.1765072403201442
1.6,1.05,0.95,0.75,muito agressivo,1.2376631608374642,84.87394957983193,0.8722421413716152,1.6595890410958904,1.2380444293569994
1.6,1.05,0.9,0.85,conservador,1.1227329701305824,85.71428571428571,0.9413313307129103,1.2178082191780821,1.1143846037966645
1.6,1.05,0.9,0.85,moderado,1.1545412822333565,84.87394957983193,0.9196339388647514,1.3304794520547945,1.145427742046036
1.6,1.05,0.9,0.85,agressivo,1.1867599107165914,84.03361344537815,0.9049452301454813,1.389041095890411,1.1771980421728692
1.6,1.05,0.9,0.85,muito agressivo,1.2457631714613981,84.87394957983193,0.871059158287197,1.6609589041095891,1.2389491052097568
1.6,1.05,0.9,0.8,conservador,1.0975293876390373,84.87394957983193,0.9453198889232396,1.1917808219178083,1.0893415604699903
1.6,1.05,0.9,0.8,moderado,1.1426389089596427,84.87394957983193,0.9217343457902634,1.3164383561643835,1.1343580657003514
1.6,1.05,0.9,0.8,agressivo,1.166245075123221,84.03361344537815,0.9098173874142934,1.3630136986301369,1.1559195823115385
1.6,1.05,0.9,0.8,muito agressivo,1.2301693452928393,84.87394957983193,0.8734012368439275,1.632876712328767,1.2218969306729346
1.6,1.05,0.9,0.75,conservador,1.0930580542521358,84.03361344537815,0.949563390588295,1.1773972602739726,1.0862345413339152
1.6,1.05,0.9,0.75,moderado,1.141216236451036,84.87394957983193,0.9217302445704482,1.313013698630137,1.1329983428836934
1.6,1.05,0.9,0.75,agressivo,1.1636738334663344,84.03361344537815,0.9138716433297908,1.35,1.1532825818778634
1.6,1.05,0.9,0.75,muito agressivo,1.228217900880282,84.87394957983193,0.8728984057122301,1.626027397260274,1.2197871643139122
1.6,1.05,0.85,0.8,conservador,1.0892164960626667,84.03361344537815,0.9495445930173713,1.1773972602739726,1.0800282221720907
1.6,1.05,0.85,0.8,moderado,1.135862873808767,84.03361344537815,0.9226435823578517,1.3041095890410959,1.1262562397854405
1.6,1.05,0.85,0.8,agressivo,1.1514862668341082,84.03361344537815,0.9180897244766383,1.3342465753424657,1.1401685895426041
1.6,1.05,0.85,0.8,muito agressivo,1.21926438256162,84.03361344537815,0.8740072188874008,1.6082191780821917,1.2094542242672333
1.6,1.05,0.85,0.75,conservador,1.0839262869754345,84.87394957983193,0.9548055149201328,1.1631849315068492,1.076877787580784
1.6,1.05,0.85,0.75,moderado,1.1317548349471567,84.87394957983193,0.9226452318029503,1.298972602739726,1.1248794250408167
1.6,1.05,0.85,0.75,agressivo,1.1488269114372358,84.87394957983193,0.9223354114421535,1.3215753424657535,1.1374658110443747
1.6,1.05,0.85,0.75,muito agressivo,1.2154633027551784,84.87394957983193,0.87350148337951,1.597945205479452,1.2073006376985838
1.6,1.0,0.95,0.9,conservador,1.1494847503930985,85.71428571428571,0.9337340163372133,1.2553082191780822,1.1435841270177471
1.6,1.0,0.95,0.9,moderado,1.1670549607165992,84.03361344537815,0.913329934639817,1.3547945205479452,1.162568870363133
1.6,1.0,0.95,0.9,agressivo,1.2149617627464417,84.87394957983193,0.8987611529532243,1.4386986301369864,1.2114689075048752
1.6,1.0,0.95,0.9,muito agressivo,1.267219331412587,84.03361344537815,0.862255414947467,1.7095890410958905,1.2644989153241695
1.6,1.0,0.95,0.85,conservador,1.132251026419485,85.71428571428571,0.9401346668504621,1.2273972602739727,1.12641953449246
1.6,1.0,0.95,0.85,moderado,1.1600401892483656,84.03361344537815,0.9175103489126979,1.3414383561643837,1.1548451796471826
1.6,1.0,0.95,0.85,agressivo,1.2043492096819113,84.87394957983193,0.9026460503143235,1.4106164383561643,1.1971941771474606
1.6,1.0,0.95,0.85,muito agressivo,1.257438553692529,84.03361344537815,0.8680613185836694,1.6828767123287671,1.2529971195941172
1.6,1.0,0.95,0.8,conservador,1.1094656021895974,84.87394957983193,0.9437305405384702,1.200513698630137,1.1018742774156465
1.6,1.0,0.95,0.8,moderado,1.1496597586217103,84.87394957983193,0.9210609263252103,1.3277397260273973,1.1439475828143681
1.6,1.0,0.95,0.8,agressivo,1.1845288325508683,84.03361344537815,0.9058101712172326,1.3845890410958903,1.1766540410680941
1.6,1.0,0.95,0.8,muito agressivo,1.242363724504721,84.87394957983193,0.8728576031936522,1.6554794520547946,1.2363742782283453
1.6,1.0,0.95,0.75,conservador,1.104933375486631,84.03361344537815,0.9469168824451186,1.1883561643835616,1.0988291254583598
1.6,1.0,0.95,0.75,moderado,1.1467572723298445,84.87394957983193,0.9211377567846363,1.3253424657534247,1.1426088971536166
1.6,1.0,0.95,0.75,agressivo,1.1769896342312876,84.03361344537815,0.9096371603725165,1.3756849315068493,1.1741085581372934
1.6,1.0,0.95,0.75,muito agressivo,1.2375477882626713,84.87394957983193,0.8723535236647523,1.6506849315068493,1.2343175235370147
1.6,1.0,0.9,0.85,conservador,1.121454984966688,85.71428571428571,0.9413856014443774,1.2176369863013699,1.1129224435377345
1.6,1.0,0.9,0.85,moderado,1.1535366027016936,84.03361344537815,0.919772870429143,1.329109589041096,1.1428551475332516
1.6,1.0,0.9,0.85,agressivo,1.1848181294846838,84.87394957983193,0.9050460972514709,1.3886986301369864,1.1747865033486335
1.6,1.0,0.9,0.85,muito agressivo,1.2430716061577038,84.03361344537815,0.8712619857964916,1.6582191780821918,1.2352072947891375
1.6,1.0,0.9,0.8,conservador,1.096156414672766,84.87394957983193,0.9453844402842975,1.1916095890410958,1.0878088628439608
1.6,1.0,0.9,0.8,moderado,1.141512076274566,84.87394957983193,0.9218160564898179,1.3154109589041096,1.1317291316159783
1.6,1.0,0.9,0.8,agressivo,1.1641700312439383,84.03361344537815,0.9099500195213662,1.3606164383561643,1.153402487355825
1.6,1.0,0.9,0.8,muito agressivo,1.2273128690481852,84.87394957983193,0.8735129684186476,1.6308219178082193,1.2180144079435988
1.6,1.0,0.9,0.75,conservador,1.0916931567709836,84.03361344537815,0.9496460215452304,1.176541095890411,1.084693055196848
1.6,1.0,0.9,0.75,moderado,1.137561228023084,84.87394957983193,0.9218124701913751,1.3085616438356165,1.130362506085004
1.6,1.0,0.9,0.75,agressivo,1.1615819632892288,84.03361344537815,0.9140069227375434,1.3476027397260273,1.1507523684894425
1.6,1.0,0.9,0.75,muito agressivo,1.225340682967692,84.87394957983193,0.8730110679351659,1.617123287671233,1.2158872145222341
1.6,1.0,0.85,0.8,conservador,1.0877912283512527,84.03361344537815,0.9496270772913584,1.1772260273972603,1.0784670806565695
1.6,1.0,0.85,0.8,moderado,1.1346625105275365,84.03361344537815,0.9227264408524284,1.301027397260274,1.1235828069137082
1.6,1.0,0.85,0.8,agressivo,1.1493050136419514,84.03361344537815,0.9182273339656851,1.3339041095890412,1.1375663603976829
1.6,1.0,0.85,0.8,muito agressivo,1.216280206932279,84.03361344537815,0.8741212320209283,1.6020547945205479,1.2054598591860501
1.6,1.0,0.85,0.75,conservador,1.0825234328147872,84.03361344537815,0.9548899395324146,1.1621575342465753,1.075307651770932
1.6,1.0,0.85,0.75,moderado,1.1299826241780868,84.87394957983193,0.92272861983102,1.2965753424657533,1.1221989434792208
1.6,1.0,0.85,0.75,agressivo,1.1466278286165423,84.87394957983193,0.9224758376681211,1.319178082191781,1.1348499098770524
1.6,1.0,0.85,0.75,muito agressivo,1.2142519986450908,84.87394957983193,0.8736164667039457,1.593150684931507,1.20328822963364
1.5,1.2,1.0,0.9,conservador,1.1612232200976462,85.71428571428571,0.9288878326860607,1.2570205479452055,1.1564958307323063
1.5,1.2,1.0,0.9,moderado,1.1842806262140886,84.87394957983193,0.9133383194902176,1.3643835616438356,1.1808319950359065
1.5,1.2,1.0,0.9,agressivo,1.231636504890567,84.87394957983193,0.8977947053855942,1.4558219178082192,1.2329750848906762
1.5,1.2,1.0,0.9,muito agressivo,1.2871285770841883,84.87394957983193,0.8608421127518479,1.7287671232876711,1.2920022702706837
1.5,1.2,1.0,0.85,conservador,1.143449411022731,85.71428571428571,0.9372056543077423,1.2337328767123288,1.139688523861012
1.5,1.2,1.0,0.85,moderado,1.1747575942598898,84.87394957983193,0.9151733939185103,1.3517123287671233,1.173323264923174
1.5,1.2,1.0,0.85,agressivo,1.215587244566117,84.87394957983193,0.9063240474673045,1.4277397260273972,1.2192214592621877
1.5,1.2,1.0,0.85,muito agressivo,1.2745742880219193,84.87394957983193,0.86287577022466,1.7034246575342467,1.281022791440082
1.5,1.2,1.0,0.8,conservador,1.119813631524155,84.87394957983193,0.9463977795634643,1.2054794520547945,1.1156189056806929
1.5,1.2,1.0,0.8,moderado,1.1640842343525528,84.87394957983193,0.9164205931953555,1.3373287671232876,1.1627031961105077
1.5,1.2,1.0,0.8,agressivo,1.19728583235564,84.03361344537815,0.9105738594360303,1.398972602739726,1.1993746514372028
1.5,1.2,1.0,0.8,muito agressivo,1.257385236215542,84.87394957983193,0.8640497341921176,1.6746575342465753,1.2650876385374705
1.5,1.2,1.0,0.75,conservador,1.1154258421248726,84.03361344537815,0.9491135181777178,1.1977739726027397,1.1126327127379183
1.5,1.2,1.0,0.75,moderado,1.1569313241355157,84.87394957983193,0.9170388607259035,1.3342465753424657,1.1613983449881342
1.5,1.2,1.0,0.75,agressivo,1.1949918609237187,84.87394957983193,0.9115636926547357,1.3955479452054795,1.196914868511959
1.5,1.2,1.0,0.75,muito agressivo,1.2535994390902703,84.87394957983193,0.8645131243211177,1.6684931506849314,1.263115472765332
1.5,1.2,0.95,0.9,conservador,1.1545342315229792,85.71428571428571,0.9294249407684253,1.2501712328767123,1.1508217543687025
1.5,1.2,0.95,0.9,moderado,1.1773411671546712,84.03361344537815,0.9138047948797515,1.3575342465753424,1.1757585816654887
1.5,1.2,0.95,0.9,agressivo,1.2203908000664,84.87394957983193,0.8983330002279111,1.4376712328767123,1.2238294812962212
1.5,1.2,0.95,0.9,muito agressivo,1.28187007472184,84.03361344537815,0.8614824994098941,1.715068493150685,1.2848410774739834
1.5,1.2,0.95,0.85,conservador,1.138306168886607,85.71428571428571,0.9375439957869481,1.223972602739726,1.1338222526724566
1.5,1.2,0.95,0.85,moderado,1.1704968452720401,84.87394957983193,0.9156473901261625,1.3434931506849315,1.1681715036007476
1.5,1.2,0.95,0.85,agressivo,1.208107570333094,84.87394957983193,0.9068825854996471,1.4123287671232876,1.209800691951884
1.5,1.2,0.95,0.85,muito agressivo,1.2724736556348728,84.87394957983193,0.8635318259473433,1.686986301369863,1.2736779549101103
1.5,1.2,0.95,0.8,conservador,1.114716622739222,84.87394957983193,0.9467491774493294,1.1960616438356164,1.1094916852025487
1.5,1.2,0.95,0.8,moderado,1.1603431981746193,84.87394957983193,0.9169009917715867,1.3304794520547945,1.157447585613782
1.5,1.2,0.95,0.8,agressivo,1.189357496188674,84.87394957983193,0.9114430865606318,1.3835616438356164,1.1895796030530315
1.5,1.2,0.95,0.8,muito agressivo,1.2579259698849419,84.87394957983193,0.8647190206649872,1.6609589041095891,1.2574929064266922
1.5,1.2,0.95,0.75,conservador,1.1113187748708167,84.03361344537815,0.9496840313836423,1.189041095890411,1.1064730222020207
1.5,1.2,0.95,0.75,moderado,1.1564191693671253,84.87394957983193,0.9175231441722281,1.3236301369863013,1.1561300203653762
1.5,1.2,0.95,0.75,agressivo,1.1870070145009886,84.03361344537815,0.9124823152490243,1.373972602739726,1.1870733711297783
1.5,1.2,0.95,0.75,muito agressivo,1.2503571230749342,84.87394957983193,0.8651903872409753,1.6472602739726028,1.2554898284327607
1.5,1.2,0.9,0.85,conservador,1.1277598694470419,85.71428571428571,0.9400619844536668,1.208390410958904,1.120469858118914
1.5,1.2,0.9,0.85,moderado,1.1603037017136337,84.87394957983193,0.9167840453631257,1.3222602739726028,1.1564177942886358
1.5,1.2,0.9,0.85,agressivo,1.1951126062857693,84.87394957983193,0.9110350551156419,1.376027397260274,1.1878277719605472
1.5,1.2,0.9,0.85,muito agressivo,1.2587653779867842,84.87394957983193,0.8649088993307401,1.6445205479452054,1.2564809451999948
1.5,1.2,0.9,0.8,conservador,1.1027727273851833,84.87394957983193,0.949373430356435,1.1811643835616439,1.0955784117837277
1.5,1.2,0.9,0.8,moderado,1.1498660110210381,84.87394957983193,0.9180560970954947,1.3092465753424658,1.1454709007645811
1.5,1.2,0.9,0.8,agressivo,1.1749105436302418,84.03361344537815,0.9135155928336338,1.3486301369863014,1.1667825149095892
1.5,1.2,0.9,0.8,muito agressivo,1.2435723819374034,84.87394957983193,0.8661295449663561,1.6184931506849316,1.2397483671274256
1.5,1.2,0.9,0.75,conservador,1.098280737857986,84.03361344537815,0.9511648761663855,1.1712328767123288,1.0924900200450078
1.5,1.2,0.9,0.75,moderado,1.1485732416167032,84.87394957983193,0.9186891424798582,1.3061643835616439,1.1441260596319036
1.5,1.2,0.9,0.75,agressivo,1.1708540325134422,84.03361344537815,0.9146848137514656,1.341095890410959,1.1641740914467436
1.5,1.2,0.9,0.75,muito agressivo,1.2416706376508275,84.87394957983193,0.8666200449011435,1.6123287671232878,1.2376776285944713
1.5,1.2,0.85,0.8,conservador,1.093687766815697,84.87394957983193,0.9518361437382086,1.1669520547945205,1.086329143110897
1.5,1.2,0.85,0.8,moderado,1.1425000080189889,84.87394957983193,0.9199965621776472,1.2986301369863014,1.1374713946942032
1.5,1.2,0.85,0.8,agressivo,1.1604122664195162,84.87394957983193,0.9171896828377684,1.3222602739726028,1.1512293175483665
1.5,1.2,0.85,0.8,muito agressivo,1.232995880879731,84.87394957983193,0.8683562153670952,1.5972602739726027,1.227574693074876
1.5,1.2,0.85,0.75,conservador,1.089238886873732,84.87394957983193,0.9537292704904182,1.158904109589041,1.0831976911630183
1.5,1.2,0.85,0.75,moderado,1.1411850303798203,85.71428571428571,0.9214655337173893,1.2934931506849314,1.136109716423623
1.5,1.2,0.85,0.75,agressivo,1.1577938854716772,84.87394957983193,0.9184314438660502,1.3143835616438355,1.1485560887886284
1.5,1.2,0.85,0.75,muito agressivo,1.2310412397755417,85.71428571428571,0.8707540335159569,1.586986301369863,1.22546123688973
1.5,1.1,1.0,0.9,conservador,1.1590376184548206,85.71428571428571,0.9313155996384154,1.25,1.1555797243501242
1.5,1.1,1.0,0.9,moderado,1.1813468849891549,84.03361344537815,0.9173921557207032,1.3476027397260273,1.1794966470737158
1.5,1.1,1.0,0.9,agressivo,1.231089457319401,85.71428571428571,0.9021404518824789,1.438013698630137,1.232440251863768
1.5,1.1,1.0,0.9,muito agressivo,1.280987075637421,84.03361344537815,0.8665062233367291,1.6952054794520548,1.2925170775004637
1.5,1.1,1.0,0.85,conservador,1.1425392938329373,85.71428571428571,0.9399034124303417,1.2227739726027398,1.138622244180545
1.5,1.1,1.0,0.85,moderado,1.171101231799342,84.87394957983193,0.9192915236884244,1.3352739726027398,1.171866651365533
1.5,1.1,1.0,0.85,agressivo,1.2164470566180026,84.87394957983193,0.9108297831312457,1.4133561643835617,1.218482394164222
1.5,1.1,1.0,0.85,muito agressivo,1.26872829095759,84.87394957983193,0.8686768797284959,1.6705479452054794,1.2812745747340477
1.5,1.1,1.0,0.8,conservador,1.1173378594205166,84.87394957983193,0.9491977964949802,1.1940068493150684,1.114334837875149
1.5,1.1,1.0,0.8,moderado,1.1608722558784983,84.87394957983193,0.9205937254774228,1.3208904109589041,1.1610749956511273
1.5,1.1,1.0,0.8,agressivo,1.19398714496483,84.87394957983193,0.91437487751901,1.3845890410958903,1.1983351810052554
1.5,1.1,1.0,0.8,muito agressivo,1.2501468970573384,84.87394957983193,0.8699674792116889,1.6417808219178083,1.2649476532123278
1.5,1.1,1.0,0.75,conservador,1.1136561022643434,84.03361344537815,0.9515930797334095,1.1902397260273974,1.1113212105906558
1.5,1.1,1.0,0.75,moderado,1.153621788881429,84.87394957983193,0.9212454894169415,1.3188356164383561,1.1597489246358466
1.5,1.1,1.0,0.75,agressivo,1.1916616030302705,84.03361344537815,0.91555113762211,1.3804794520547945,1.19583760578918
1.5,1.1,1.0,0.75,muito agressivo,1.2527326204177647,84.87394957983193,0.8705016347882585,1.6376712328767122,1.2629263027138093
1.5,1.1,0.95,0.9,conservador,1.1532782531740278,85.71428571428571,0.9318587963539646,1.2417808219178081,1.149853937240198
1.5,1.1,0.95,0.9,moderado,1.1748527918154512,84.03361344537815,0.9178688054584774,1.3393835616438357,1.1743394450958227
1.5,1.1,0.95,0.9,agressivo,1.219158418847611,85.71428571428571,0.9026879648158955,1.4160958904109588,1.2231574925384248
1.5,1.1,0.95,0.9,muito agressivo,1.277831096479891,84.03361344537815,0.8671694040194914,1.6787671232876713,1.2851858811619412
1.5,1.1,0.95,0.85,conservador,1.1359740971693069,85.71428571428571,0.9402450921347526,1.2167808219178082,1.1327009419114578
1.5,1.1,0.95,0.85,moderado,1.1667649143381145,84.03361344537815,0.9197759715865633,1.325,1.166628625932607
1.5,1.1,0.95,0.85,agressivo,1.2090393571601203,85.71428571428571,0.9113980784059501,1.3941780821917809,1.208916314526071
1.5,1.1,0.95,0.85,muito agressivo,1.2682135705598925,84.03361344537815,0.8693567055098024,1.65,1.2737507051929573
1.5,1.1,0.95,0.8,conservador,1.1131715275004292,85.71428571428571,0.9495527346549543,1.1881849315068493,1.1081479967743166
1.5,1.1,0.95,0.8,moderado,1.1564611780237684,84.87394957983193,0.9210848234996067,1.3106164383561645,1.1557298189575786
1.5,1.1,0.95,0.8,agressivo,1.1890848473696132,84.87394957983193,0.9152988084640892,1.3660958904109588,1.1883835132440796
1.5,1.1,0.95,0.8,muito agressivo,1.2533370558494454,84.87394957983193,0.8706614170906508,1.6212328767123287,1.2571613536213406
1.5,1.1,0.95,0.75,conservador,1.1087621518980664,84.87394957983193,0.9521791632311635,1.1804794520547945,1.105101320536982
1.5,1.1,0.95,0.75,moderado,1.1530996734172327,84.87394957983193,0.9217406280142362,1.3082191780821917,1.1543906270627766
1.5,1.1,0.95,0.75,agressivo,1.183540262868017,84.03361344537815,0.9164895733581778,1.3592465753424658,1.1858380676899756
1.5,1.1,0.95,0.75,muito agressivo,1.2413304261120193,84.87394957983193,0.8712041078474213,1.6164383561643836,1.2551075220212837
1.5,1.1,0.9,0.85,conservador,1.1252707577856766,85.71428571428571,0.9427894738754844,1.2003424657534247,1.1192228503307688
1.5,1.1,0.9,0.85,moderado,1.1585890491359179,84.87394957983193,0.9209477429243245,1.3078767123287671,1.1546771547408354
1.5,1.1,0.9,0.85,agressivo,1.1915074053271606,85.71428571428571,0.915242117338486,1.3602739726027397,1.186595877092347
1.5,1.1,0.9,0.85,muito agressivo,1.254147979201029,84.87394957983193,0.870810777692104,1.6157534246575342,1.256121579265159
1.5,1.1,0.9,0.8,conservador,1.100070585070592,85.71428571428571,0.9518984612286103,1.1743150684931507,1.094099054648536
1.5,1.1,0.9,0.8,moderado,1.1465910220830249,84.87394957983193,0.9222759124458723,1.29486301369863,1.1435482085799944
1.5,1.1,0.9,0.8,agressivo,1.1714095005170324,84.87394957983193,0.9175273235612688,1.3335616438356164,1.1652134314125202
1.5,1.1,0.9,0.8,muito agressivo,1.238598904866109,84.87394957983193,0.8721519098283893,1.5897260273972602,1.2389566474349825
1.5,1.1,0.9,0.75,conservador,1.0955964775543645,84.03361344537815,0.9536842528699778,1.163527397260274,1.0909813930746701
1.5,1.1,0.9,0.75,moderado,1.1475881082574164,84.87394957983193,0.9229518291126181,1.289041095890411,1.1421808591408955
1.5,1.1,0.9,0.75,agressivo,1.1684413926012747,84.03361344537815,0.9187590940009905,1.3256849315068493,1.162562594960639
1.5,1.1,0.9,0.75,muito agressivo,1.2366522331434886,84.87394957983193,0.8732447778848634,1.5780821917808219,1.2368316486073712
1.5,1.1,0.85,0.8,conservador,1.0916603757210077,84.87394957983193,0.9543550239315745,1.159931506849315,1.0847597375493696
1.5,1.1,0.85,0.8,moderado,1.1398331076633532,84.87394957983193,0.9251860200994918,1.2808219178082192,1.1354116898735511
1.5,1.1,0.85,0.8,agressivo,1.156280507030123,84.03361344537815,0.9213291098984103,1.3051369863013698,1.1494006262087788
1.5,1.1,0.85,0.8,muito agressivo,1.2277510655808321,84.87394957983193,0.8765325086984816,1.5616438356164384,1.226459097507431
1.5,1.1,0.85,0.75,conservador,1.0864701980323541,84.87394957983193,0.9562956717615145,1.150513698630137,1.081598231841676
1.5,1.1,0.85,0.75,moderado,1.1369816805776292,84.87394957983193,0.9274023561090645,1.2753424657534247,1.1340269536285463
1.5,1.1,0.85,0.75,agressivo,1.1536225858661255,84.87394957983193,0.922637237336083,1.2993150684931507,1.1466829081400765
1.5,1.1,0.85,0.75,muito agressivo,1.2247118176038532,84.87394957983193,0.8796784953672773,1.5506849315068494,1.2242891188392269
1.5,1.05,1.0,0.9,conservador,1.1573147053583777,85.71428571428571,0.9314428861474122,1.2460616438356165,1.1534601774004274
1.5,1.05,1.0,0.9,moderado,1.1802795680908633,84.03361344537815,0.9176379102337903,1.341095890410959,1.175690497596462
1.5,1.05,1.0,0.9,agressivo,1.2286535246515475,85.71428571428571,0.9021636317722147,1.428082191780822,1.2290848188310686
1.5,1.05,1.0,0.9,muito agressivo,1.2799190807304524,84.03361344537815,0.8668604800018777,1.6821917808219178,1.2872936494579503
1.5,1.05,1.0,0.85,conservador,1.1411765392918292,85.71428571428571,0.9399180468471721,1.2188356164383563,1.1364213974567305
1.5,1.05,1.0,0.85,moderado,1.1713227330523757,84.87394957983193,0.9195410063597271,1.326027397260274,1.1679931665647088
1.5,1.05,1.0,0.85,agressivo,1.2150500901146681,84.87394957983193,0.9108536518334412,1.4027397260273973,1.2150104352523732
1.5,1.05,1.0,0.85,muito agressivo,1.2703448423721604,84.87394957983193,0.8690393933740068,1.652054794520548,1.2758924812625971
1.5,1.05,1.0,0.8,conservador,1.1154006262309895,85.71428571428571,0.9492128760300239,1.1916095890410958,1.1120225145522211
1.5,1.05,1.0,0.8,moderado,1.1606119748177286,84.87394957983193,0.9208464309947021,1.3116438356164384,1.157111409623299
1.5,1.05,1.0,0.8,agressivo,1.193638806402971,84.87394957983193,0.9146132064777381,1.3746575342465754,1.194702886429814
1.5,1.05,1.0,0.8,muito agressivo,1.2530778593734941,84.87394957983193,0.8703371354625249,1.6232876712328768,1.2593468203256393
1.5,1.05,1.0,0.75,conservador,1.1123919256134907,84.87394957983193,0.9517411903125016,1.1852739726027397,1.1089949879793548
1.5,1.05,1.0,0.75,moderado,1.153571631091582,84.87394957983193,0.921500172585586,1.3095890410958904,1.1557742893115488
1.5,1.05,1.0,0.75,agressivo,1.1889759581107036,84.03361344537815,0.9157930251469956,1.3705479452054794,1.1921853675814227
1.5,1.05,1.0,0.75,muito agressivo,1.2527377440475973,84.87394957983193,0.8708756771875719,1.6191780821917807,1.2572983406918594
1.5,1.05,0.95,0.9,conservador,1.1522611490723262,85.71428571428571,0.9319864014377228,1.2407534246575342,1.1477038632409244
1.5,1.05,0.95,0.9,moderado,1.17331521791059,84.03361344537815,0.9181151306108393,1.3297945205479451,1.1704823368128165
1.5,1.05,0.95,0.9,agressivo,1.219508017309433,85.71428571428571,0.9027112467435686,1.4123287671232876,1.2197149402015801
1.5,1.05,0.95,0.9,muito agressivo,1.2744118043553563,84.03361344537815,0.8675249710324654,1.6595890410958904,1.2798453894969937
1.5,1.05,0.95,0.85,conservador,1.1341422657621953,85.71428571428571,0.9402597640950339,1.213013698630137,1.1304680003158778
1.5,1.05,0.95,0.85,moderado,1.163775836962562,84.03361344537815,0.9200260402853776,1.3171232876712329,1.1627029849111015
1.5,1.05,0.95,0.85,agressivo,1.2081581992135737,85.71428571428571,0.911422054501523,1.3845890410958903,1.2053532336591128
1.5,1.05,0.95,0.85,muito agressivo,1.264624728554226,84.03361344537815,0.8697205853081305,1.6342465753424658,1.2682469099734464
1.5,1.05,0.95,0.8,conservador,1.1112950175679919,85.71428571428571,0.949567853762773,1.185958904109589,1.1058014652093464
1.5,1.05,0.95,0.8,moderado,1.153360105503616,84.87394957983193,0.9213381288469382,1.3037671232876713,1.1517125174967402
1.5,1.05,0.95,0.8,agressivo,1.188531510686429,84.87394957983193,0.9155382187632465,1.3582191780821917,1.1846547072372804
1.5,1.05,0.95,0.8,muito agressivo,1.2494982566557837,84.87394957983193,0.8710324902011899,1.6075342465753424,1.2514325897995566
1.5,1.05,0.95,0.75,conservador,1.1067648657080906,84.87394957983193,0.9523276637189362,1.1761986301369862,1.1027406245659617
1.5,1.05,0.95,0.75,moderado,1.1525274168912052,84.87394957983193,0.9219959197119233,1.3,1.1503620850311158
1.5,1.05,0.95,0.75,agressivo,1.1807509801617402,84.03361344537815,0.916732572361576,1.3523972602739727,1.1820886445035257
1.5,1.05,0.95,0.75,muito agressivo,1.2457966174724477,84.87394957983193,0.8715795993977268,1.6,1.2493508540756433
1.5,1.05,0.9,0.85,conservador,1.1233223870478202,85.71428571428571,0.9428042799402913,1.1998287671232877,1.116919501786893
1.5,1.05,0.9,0.85,moderado,1.1578727527366683,84.03361344537815,0.921199830825826,1.3034246575342465,1.1506370957882417
1.5,1.05,0.9,0.85,agressivo,1.1889135663650205,85.71428571428571,0.9154737086127621,1.356849315068493,1.1828267519608608
1.5,1.05,0.9,0.85,muito agressivo,1.250282766134344,84.03361344537815,0.8711792411356796,1.606849315068493,1.2503431378796321
1.5,1.05,0.9,0.8,conservador,1.0982152395421168,85.71428571428571,0.9520423674404584,1.1738013698630136,1.0916775706995814
1.5,1.05,0.9,0.8,moderado,1.146583369736988,84.87394957983193,0.9225312862265506,1.289041095890411,1.1394131425051406
1.5,1.05,0.9,0.8,agressivo,1.1701811821623087,84.87394957983193,0.917770482508054,1.3284246575342467,1.1612665985527548
1.5,1.05,0.9,0.8,muito agressivo,1.2344629359033916,84.87394957983193,0.8725277423836734,1.5780821917808219,1.2329394963262874
1.5,1.05,0.9,0.75,conservador,1.0945108983982346,84.03361344537815,0.9538341206273843,1.1616438356164382,1.0885451747667405
1.5,1.05,0.9,0.75,moderado,1.1455675621305725,84.87394957983193,0.9232762852156043,1.2866438356164382,1.1380341421459745
1.5,1.05,0.9,0.75,agressivo,1.1652984239692041,84.03361344537815,0.9190059495665968,1.3178082191780822,1.1585936479427854
1.5,1.05,0.9,0.75,muito agressivo,1.2324821343910501,84.87394957983193,0.8737347079352474,1.5732876712328767,1.2307848847374412
1.5,1.05,0.85,0.8,conservador,1.089573592897222,85.71428571428571,0.954504824367759,1.1594178082191782,1.0822907467131881
1.5,1.05,0.85,0.8,moderado,1.139161392966651,84.87394957983193,0.92551325927546,1.276027397260274,1.1312018576395402
1.5,1.05,0.85,0.8,agressivo,1.1538497281147957,84.03361344537815,0.9215796692506789,1.3013698630136987,1.1453109306221791
1.5,1.05,0.85,0.8,muito agressivo,1.2234071638133006,84.87394957983193,0.8770292985474554,1.5520547945205478,1.2202530858678122
1.5,1.05,0.85,0.75,conservador,1.0843156537007304,84.03361344537815,0.9564482061908129,1.146917808219178,1.0791141556154564
1.5,1.05,0.85,0.75,moderado,1.1349112744205063,84.87394957983193,0.927732933683096,1.2726027397260273,1.1298052181443845
1.5,1.05,0.85,0.75,agressivo,1.1503037825685958,84.87394957983193,0.9228917121307533,1.2910958904109588,1.1425701424475108
1.5,1.05,0.85,0.75,muito agressivo,1.2213694433644056,84.87394957983193,0.8801834883909065,1.5452054794520549,1.2180524115316644
1.5,1.0,0.95,0.9,conservador,1.1510936972149082,85.71428571428571,0.9320391687430897,1.239041095890411,1.1463257913924099
1.5,1.0,0.95,0.9,moderado,1.1688432296588158,84.03361344537815,0.9182137191199182,1.3284246575342467,1.1679938622825374
1.5,1.0,0.95,0.9,agressivo,1.219091883506504,85.71428571428571,0.9027207160869449,1.4106164383561643,1.217480944436121
1.5,1.0,0.95,0.9,muito agressivo,1.271985955725679,84.03361344537815,0.8676630531749913,1.656849315068493,1.2763282990380254
1.5,1.0,0.95,0.85,conservador,1.1339534221370091,85.71428571428571,0.9402658448159547,1.2118150684931508,1.129039377961715
1.5,1.0,0.95,0.85,moderado,1.1617625727594991,84.03361344537815,0.9201262289303455,1.3143835616438355,1.1601724325990665
1.5,1.0,0.95,0.85,agressivo,1.206347390722858,85.71428571428571,0.9114318254030294,1.3842465753424658,1.2030451440944707
1.5,1.0,0.95,0.85,muito agressivo,1.2620911013182243,84.03361344537815,0.8698621101454653,1.6287671232876713,1.2646283499411712
1.5,1.0,0.95,0.8,conservador,1.10997281385544,85.71428571428571,0.9495741304865981,1.1849315068493151,1.1043038309594007
1.5,1.0,0.95,0.8,moderado,1.1512774816687052,84.03361344537815,0.9214396847329482,1.3013698630136987,1.1491259190770282
1.5,1.0,0.95,0.8,agressivo,1.1865969097344031,84.87394957983193,0.9156339065628941,1.3565068493150685,1.1822452140173798
1.5,1.0,0.95,0.8,muito agressivo,1.2468073792613972,84.03361344537815,0.8711769431036765,1.6027397260273972,1.247674994211768
1.5,1.0,0.95,0.75,conservador,1.1054506416664593,84.87394957983193,0.9523880880949768,1.1743150684931507,1.1012343908849342
1.5,1.0,0.95,0.75,moderado,1.149978692529021,84.87394957983193,0.9220983075256947,1.295890410958904,1.147768617646042
1.5,1.0,0.95,0.75,agressivo,1.1788628830140406,84.03361344537815,0.9168297573944019,1.3462328767123288,1.1796665455504396
1.5,1.0,0.95,0.75,muito agressivo,1.244893686499758,84.87394957983193,0.8717258275686551,1.5917808219178082,1.2455760264632854
1.5,1.0,0.9,0.85,conservador,1.122037513394691,85.71428571428571,0.9428104202170816,1.1996575342465754,1.1154478120847704
1.5,1.0,0.9,0.85,moderado,1.1557093999310966,84.03361344537815,0.9213008910353498,1.2986301369863014,1.1480360604763873
1.5,1.0,0.9,0.85,agressivo,1.1888540285747629,85.71428571428571,0.9155650516333147,1.351027397260274,1.1803915762866
1.5,1.0,0.9,0.85,muito agressivo,1.2475718613855726,84.03361344537815,0.871322691441849,1.5972602739726027,1.2465531829104652
1.5,1.0,0.9,0.8,conservador,1.0974838562208222,85.71428571428571,0.9521002377126857,1.1736301369863014,1.0901341266267355
1.5,1.0,0.9,0.8,moderado,1.1446853332341307,84.87394957983193,0.9226337354847508,1.2845890410958904,1.1367540253719715
1.5,1.0,0.9,0.8,agressivo,1.1680575469021404,84.87394957983193,0.9178677852917212,1.3243150684931506,1.1587227290519664
1.5,1.0,0.9,0.8,muito agressivo,1.2315817486308773,84.87394957983193,0.8726741963980262,1.569178082191781,1.229002040541849
1.5,1.0,0.9,0.75,conservador,1.0933891046335136,84.03361344537815,0.9538951430405037,1.1594178082191782,1.0869927875073842
1.5,1.0,0.9,0.75,moderado,1.1393492339857247,84.87394957983193,0.9234205413268097,1.2815068493150685,1.1353679065102338
1.5,1.0,0.9,0.75,agressivo,1.1631889848223627,84.03361344537815,0.9191047970574415,1.316095890410959,1.156036262260575
1.5,1.0,0.9,0.75,muito agressivo,1.2295795117364257,84.87394957983193,0.8739501939527525,1.563013698630137,1.2268291446426351
1.5,1.0,0.85,0.8,conservador,1.0881395986452571,85.71428571428571,0.9545658377567252,1.1592465753424657,1.0807183627236205
1.5,1.0,0.85,0.8,moderado,1.1368654599228096,84.87394957983193,0.9256588206365267,1.270890410958904,1.1284968691497415
1.5,1.0,0.85,0.8,agressivo,1.1528746220379633,84.03361344537815,0.9216801362475284,1.2965753424657533,1.1426793720131552
1.5,1.0,0.85,0.8,muito agressivo,1.2203941181016622,84.87394957983193,0.877247982238248,1.5417808219178082,1.2161984056209163
1.5,1.0,0.85,0.75,conservador,1.082904281420864,84.03361344537815,0.9565103874980434,1.1460616438356164,1.0775326169517456
1.5,1.0,0.85,0.75,moderado,1.13140519856677,84.87394957983193,0.9278800477281743,1.2684931506849315,1.1270929578860265
1.5,1.0,0.85,0.75,agressivo,1.1480848150096963,84.03361344537815,0.9229938196214581,1.2886986301369863,1.139924486973626
1.5,1.0,0.85,0.75,muito agressivo,1.2183338754614719,84.87394957983193,0.8804059575288908,1.536986301369863,1.2139787809349163
1.4,1.2,1.0,0.9,conservador,1.160486186478207,84.03361344537815,0.9224831744705312,1.2443493150684932,1.1570580091619984
1.4,1.2,1.0,0.9,moderado,1.1811141142683708,84.87394957983193,0.9127514365301798,1.3366438356164383,1.1825327176113254
1.4,1.2,1.0,0.9,agressivo,1.2282176565079255,84.87394957983193,0.8920616256501395,1.420890410958904,1.23593111141139
1.4,1.2,1.0,0.9,muito agressivo,1.286592107303364,84.87394957983193,0.8575432134950886,1.6732876712328768,1.2996982282063803
1.4,1.2,1.0,0.85,conservador,1.1425575867138258,84.87394957983193,0.9338747092295815,1.2142123287671234,1.1400129613562462
1.4,1.2,1.0,0.85,moderado,1.174142345271851,84.87394957983193,0.9175463508247195,1.3202054794520548,1.174832475791877
1.4,1.2,1.0,0.85,agressivo,1.2176188443645155,84.87394957983193,0.9016149865001957,1.3962328767123289,1.2218593405706064
1.4,1.2,1.0,0.85,muito agressivo,1.2717048257386017,84.87394957983193,0.8644065016054884,1.6404109589041096,1.2883154396480518
1.4,1.2,1.0,0.8,conservador,1.1185890501400015,85.71428571428571,0.9442944378718979,1.1875,1.1155905205636383
1.4,1.2,1.0,0.8,moderado,1.1613793086537578,84.03361344537815,0.9216778419869196,1.3068493150684932,1.1639349459718271
1.4,1.2,1.0,0.8,agressivo,1.1982874508010424,84.87394957983193,0.9068719188762915,1.3674657534246575,1.2015305818358653
1.4,1.2,1.0,0.8,muito agressivo,1.2558848717101991,84.03361344537815,0.8703412321576661,1.6136986301369862,1.2717568873648024
1.4,1.2,1.0,0.75,conservador,1.1133850543936648,84.87394957983193,0.9478392584167668,1.1820205479452055,1.1125596983240096
1.4,1.2,1.0,0.75,moderado,1.1594690787823694,84.03361344537815,0.9242088867882782,1.3027397260273972,1.1625956606965546
1.4,1.2,1.0,0.75,agressivo,1.193290233145702,84.87394957983193,0.90890686674723,1.3626712328767123,1.1990098670681557
1.4,1.2,1.0,0.75,muito agressivo,1.2540868835252832,84.03361344537815,0.8739913992388374,1.6054794520547946,1.2697060025482578
1.4,1.2,0.95,0.9,conservador,1.1554461529664728,84.87394957983193,0.9228023200596178,1.233390410958904,1.1513052026226922
1.4,1.2,0.95,0.9,moderado,1.176845322494754,84.87394957983193,0.9130554327649297,1.3277397260273973,1.1773324709410482
1.4,1.2,0.95,0.9,agressivo,1.2240339308514847,84.87394957983193,0.892607393679426,1.4027397260273973,1.2265828931426583
1.4,1.2,0.95,0.9,muito agressivo,1.285057464506761,84.87394957983193,0.8579845603254914,1.6554794520547946,1.2922947363704318
1.4,1.2,0.95,0.85,conservador,1.1373395210111361,84.87394957983193,0.934236739321842,1.2082191780821918,1.1340623920965658
1.4,1.2,0.95,0.85,moderado,1.169832842160922,84.87394957983193,0.9178565401344121,1.3150684931506849,1.1695497140657762
1.4,1.2,0.95,0.85,agressivo,1.2139571951945105,85.71428571428571,0.9021666243611416,1.377054794520548,1.2122223234306764
1.4,1.2,0.95,0.85,muito agressivo,1.27534601218377,84.87394957983193,0.8648624756869112,1.63013698630137,1.2807132159469616
1.4,1.2,0.95,0.8,conservador,1.1144995006524134,85.71428571428571,0.9446365129432093,1.1794520547945206,1.1093712366299144
1.4,1.2,0.95,0.8,moderado,1.1594265756323618,84.03361344537815,0.9219936128145564,1.3006849315068494,1.1585427277050135
1.4,1.2,0.95,0.8,agressivo,1.1940434364955224,85.71428571428571,0.9078259617854659,1.348972602739726,1.191500172338288
1.4,1.2,0.95,0.8,muito agressivo,1.2602770090906024,84.03361344537815,0.8708105864084217,1.6013698630136985,1.2638835375243411
1.4,1.2,0.95,0.75,conservador,1.1099659509110087,84.87394957983193,0.9484420308152279,1.1727739726027397,1.1063069628507238
1.4,1.2,0.95,0.75,moderado,1.1555003229110876,84.03361344537815,0.9245281869184264,1.2934931506849314,1.1571900364734924
1.4,1.2,0.95,0.75,agressivo,1.1867442455870432,84.87394957983193,0.9098774337787154,1.3455479452054795,1.1889306004575797
1.4,1.2,0.95,0.75,muito agressivo,1.2483504211205325,84.03361344537815,0.8744693184561413,1.586986301369863,1.261799075776766
1.4,1.2,0.9,0.85,conservador,1.1265449246221837,85.71428571428571,0.936975114509563,1.1934931506849316,1.1205138343839056
1.4,1.2,0.9,0.85,moderado,1.1634889093163479,84.87394957983193,0.9201550893031245,1.2941780821917808,1.1574892093458682
1.4,1.2,0.9,0.85,agressivo,1.1951173566164321,85.71428571428571,0.9068726284303026,1.3421232876712328,1.1897171428248916
1.4,1.2,0.9,0.85,muito agressivo,1.2611724578747685,84.87394957983193,0.8682035353210706,1.5883561643835618,1.262870252641287
1.4,1.2,0.9,0.8,conservador,1.1011891511026923,85.71428571428571,0.9474050248829321,1.1674657534246575,1.0952448677156963
1.4,1.2,0.9,0.8,moderado,1.1516165457802419,84.03361344537815,0.9243375372686057,1.2797945205479453,1.1462470339531914
1.4,1.2,0.9,0.8,agressivo,1.17629598136722,85.71428571428571,0.9106516274760121,1.314041095890411,1.1681275350758848
1.4,1.2,0.9,0.8,muito agressivo,1.2454083988640692,84.03361344537815,0.8742606647940429,1.5595890410958904,1.2454452339716373
1.4,1.2,0.9,0.75,conservador,1.0967540904324928,84.87394957983193,0.950302753039344,1.1546232876712328,1.092108727452107
1.4,1.2,0.9,0.75,moderado,1.147349965113325,84.03361344537815,0.9269008404884121,1.2763698630136986,1.1448655614799172
1.4,1.2,0.9,0.75,agressivo,1.1714043511663663,84.87394957983193,0.9134604560417905,1.3075342465753426,1.1654503237129965
1.4,1.2,0.9,0.75,muito agressivo,1.2434334617925693,84.03361344537815,0.8779893329184363,1.5527397260273972,1.2432871198996718
1.4,1.2,0.85,0.8,conservador,1.092805035906298,85.71428571428571,0.9507671822836332,1.1530821917808218,1.0858513706404762
1.4,1.2,0.85,0.8,moderado,1.1448706044651396,84.87394957983193,0.9294007642252011,1.2674657534246576,1.1380292629555155
1.4,1.2,0.85,0.8,agressivo,1.1599721634342712,84.87394957983193,0.9181884191215107,1.288013698630137,1.1521624759972018
1.4,1.2,0.85,0.8,muito agressivo,1.234425935402915,84.87394957983193,0.8817697605445436,1.534931506849315,1.2327650466660791
1.4,1.2,0.85,0.75,conservador,1.0875421964584642,84.87394957983193,0.955982093631607,1.1414383561643835,1.0826708306730677
1.4,1.2,0.85,0.75,moderado,1.139766185987641,84.87394957983193,0.9310931680287194,1.2636986301369864,1.1366300101643037
1.4,1.2,0.85,0.75,agressivo,1.1564433322155645,84.87394957983193,0.923179116986086,1.2815068493150685,1.1494169019167741
1.4,1.2,0.85,0.75,muito agressivo,1.230911692927683,84.87394957983193,0.884430842111213,1.5273972602739727,1.230560321083338
1.4,1.1,1.0,0.9,conservador,1.1582686978308032,83.19327731092437,0.9252366496147167,1.2357876712328768,1.1561331537776527
1.4,1.1,1.0,0.9,moderado,1.1788390403447646,84.87394957983193,0.9176450885823388,1.3167808219178083,1.1811868991260446
1.4,1.1,1.0,0.9,agressivo,1.2294023587056784,84.87394957983193,0.8967048330167664,1.4065068493150685,1.2354253430527489
1.4,1.1,1.0,0.9,muito agressivo,1.2780807731090729,84.87394957983193,0.8647821190770487,1.6335616438356164,1.3004310285002694
1.4,1.1,1.0,0.85,conservador,1.1402413284029378,84.87394957983193,0.9367240005801455,1.2077054794520548,1.1389336232595664
1.4,1.1,1.0,0.85,moderado,1.1704501261220526,84.87394957983193,0.922537736821506,1.3044520547945206,1.1733590466265453
1.4,1.1,1.0,0.85,agressivo,1.2157526219297186,84.87394957983193,0.9064339535374253,1.3818493150684932,1.2211396651644617
1.4,1.1,1.0,0.85,muito agressivo,1.2662544242318943,84.87394957983193,0.8718810270544777,1.608904109589041,1.2887653729316766
1.4,1.1,1.0,0.8,conservador,1.116073193197402,85.71428571428571,0.9472567901847024,1.1809931506849316,1.1142869282852912
1.4,1.1,1.0,0.8,moderado,1.1577472157578912,84.87394957983193,0.9267576960045026,1.290068493150685,1.162280744994192
1.4,1.1,1.0,0.8,agressivo,1.193887668783923,85.71428571428571,0.9112187646403619,1.353082191780822,1.2004955664721781
1.4,1.1,1.0,0.8,muito agressivo,1.2515781165413513,84.87394957983193,0.8780324806247113,1.58013698630137,1.2717834137143325
1.4,1.1,1.0,0.75,conservador,1.113039235305869,85.71428571428571,0.9505569251381731,1.1748287671232878,1.1112278419024422
1.4,1.1,1.0,0.75,moderado,1.1561156513495785,84.03361344537815,0.9293448451788486,1.2873287671232876,1.1609190926982003
1.4,1.1,1.0,0.75,agressivo,1.1915080665702245,84.87394957983193,0.9133291674145949,1.3496575342465753,1.1979351425201543
1.4,1.1,1.0,0.75,muito agressivo,1.250886591264393,84.03361344537815,0.8818218977997301,1.5746575342465754,1.269679284937549
1.4,1.1,0.95,0.9,conservador,1.1531797160467177,84.03361344537815,0.9255587646639938,1.225513698630137,1.150327177490394
1.4,1.1,0.95,0.9,moderado,1.1731278544687822,84.87394957983193,0.9179547806608401,1.305821917808219,1.1758985530650266
1.4,1.1,0.95,0.9,agressivo,1.2238292340422998,84.87394957983193,0.897249118550578,1.390068493150685,1.2259337271298263
1.4,1.1,0.95,0.9,muito agressivo,1.280917478145906,84.87394957983193,0.865237135614966,1.6116438356164384,1.2928458019239149
1.4,1.1,0.95,0.85,conservador,1.135760363821255,84.87394957983193,0.9370896364228336,1.1996575342465754,1.1329264178254481
1.4,1.1,0.95,0.85,moderado,1.1668005258153988,84.87394957983193,0.9228538015303451,1.2934931506849314,1.1679855079591155
1.4,1.1,0.95,0.85,agressivo,1.2107757925232738,85.71428571428571,0.9069950440231367,1.359931506849315,1.21135047432418
1.4,1.1,0.95,0.85,muito agressivo,1.2694369551978668,84.87394957983193,0.8723513788506431,1.586986301369863,1.2809712358398264
1.4,1.1,0.95,0.8,conservador,1.111882653824619,85.71428571428571,0.9476022084065607,1.1720890410958904,1.1080062112733702
1.4,1.1,0.95,0.8,moderado,1.1554396868585006,84.87394957983193,0.927079507781056,1.2794520547945205,1.156794174127996
1.4,1.1,0.95,0.8,agressivo,1.190892084957545,85.71428571428571,0.912193257520713,1.3325342465753425,1.1903007910818701
1.4,1.1,0.95,0.8,muito agressivo,1.2512853533111812,84.87394957983193,0.878516880861869,1.558904109589041,1.263703963236895
1.4,1.1,0.95,0.75,conservador,1.1070950889206945,85.71428571428571,0.951167026444794,1.1638698630136985,1.1049130678947872
1.4,1.1,0.95,0.75,moderado,1.1486349583151605,84.03361344537815,0.9296702926533625,1.2777397260273973,1.1554186751612159
1.4,1.1,0.95,0.75,agressivo,1.182649005240767,85.71428571428571,0.9143207992284661,1.3277397260273973,1.1876899756821055
1.4,1.1,0.95,0.75,muito agressivo,1.2438366533896055,84.03361344537815,0.8823153006289156,1.5554794520547945,1.2615644785778521
1.4,1.1,0.9,0.85,conservador,1.1240154681077008,85.71428571428571,0.9398566641707791,1.1866438356164384,1.1192484203608963
1.4,1.1,0.9,0.85,moderado,1.1598311399444348,84.87394957983193,0.9251988034718043,1.276027397260274,1.1557166390113813
1.4,1.1,0.9,0.85,agressivo,1.1931919601608199,85.71428571428571,0.9112310109305124,1.3277397260273973,1.1884804757191407
1.4,1.1,0.9,0.85,muito agressivo,1.2564118550738257,84.87394957983193,0.8758063917490474,1.5520547945205478,1.2626626211178777
1.4,1.1,0.9,0.8,conservador,1.0993243776097688,85.71428571428571,0.9501024149804087,1.1606164383561643,1.0937399739103606
1.4,1.1,0.9,0.8,moderado,1.148718902370919,84.87394957983193,0.9294712431786086,1.2619863013698631,1.1442823503842474
1.4,1.1,0.9,0.8,agressivo,1.1722212134812895,85.71428571428571,0.9150957100758871,1.3006849315068494,1.1665358071485703
1.4,1.1,0.9,0.8,muito agressivo,1.240263650926005,84.87394957983193,0.8820864438291224,1.523972602739726,1.2447681506351238
1.4,1.1,0.9,0.75,conservador,1.0950512898720768,85.71428571428571,0.9530555086050327,1.1467465753424657,1.090573648976324
1.4,1.1,0.9,0.75,moderado,1.1447446648023898,84.03361344537815,0.9320916313513827,1.2585616438356164,1.14287711384784
1.4,1.1,0.9,0.75,agressivo,1.1673610318871919,85.71428571428571,0.9183623847475263,1.292808219178082,1.1638138912610452
1.4,1.1,0.9,0.75,muito agressivo,1.2382401714706914,84.03361344537815,0.8859584304252924,1.5171232876712328,1.242551023977694
1.4,1.1,0.85,0.8,conservador,1.0899365470199962,85.71428571428571,0.9535178033688287,1.1462328767123289,1.084253592302354
1.4,1.1,0.85,0.8,moderado,1.1408420437245868,84.03361344537815,0.9346401934152309,1.25,1.1359199041852415
1.4,1.1,0.85,0.8,agressivo,1.1569340625705808,85.71428571428571,0.9231796382710226,1.2736301369863015,1.150297039291704
1.4,1.1,0.85,0.8,muito agressivo,1.2289879286149765,84.03361344537815,0.8898637404182209,1.5,1.2317360697033604
1.4,1.1,0.85,0.75,conservador,1.0847247118982228,85.71428571428571,0.9589707120333029,1.134417808219178,1.0810420467309452
1.4,1.1,0.85,0.75,moderado,1.1354411693019384,84.03361344537815,0.9354806080158455,1.2458904109589042,1.1344962904120985
1.4,1.1,0.85,0.75,agressivo,1.1521534823381117,84.87394957983193,0.928280178359891,1.2647260273972603,1.1475045094884215
1.4,1.1,0.85,0.75,muito agressivo,1.220393523003927,84.03361344537815,0.8909634471950006,1.4917808219178081,1.229469748283689
1.4,1.05,1.0,0.9,conservador,1.1565207590510354,84.87394957983193,0.9252366496147167,1.2313356164383562,1.1539843283946218
1.4,1.05,1.0,0.9,moderado,1.1795011134002562,84.87394957983193,0.9176715302035695,1.3068493150684932,1.177285762677995
1.4,1.05,1.0,0.9,agressivo,1.2290067616503657,84.87394957983193,0.8967048330167664,1.3965753424657534,1.2319980949581073
1.4,1.05,1.0,0.9,muito agressivo,1.2830223257855082,84.87394957983193,0.8648207447034236,1.6136986301369862,1.2950424406648786
1.4,1.05,1.0,0.85,conservador,1.1384200917273986,84.87394957983193,0.9367396922622359,1.20513698630137,1.1367011314955642
1.4,1.05,1.0,0.85,moderado,1.1695507620787753,84.87394957983193,0.9225646091883276,1.2945205479452055,1.1693869467496398
1.4,1.05,1.0,0.85,agressivo,1.216160837000011,85.71428571428571,0.9064339535374253,1.371917808219178,1.217590091658722
1.4,1.05,1.0,0.85,muito agressivo,1.2677315092949852,84.87394957983193,0.8719206425981451,1.5890410958904109,1.2832049112914545
1.4,1.05,1.0,0.8,conservador,1.1152019353202076,85.71428571428571,0.9472567901847024,1.177568493150685,1.1119396227022198
1.4,1.05,1.0,0.8,moderado,1.1572729139027536,84.87394957983193,0.9267849454485229,1.2801369863013699,1.1582136102765215
1.4,1.05,1.0,0.8,agressivo,1.1956268721089118,85.71428571428571,0.9114489493907952,1.343150684931507,1.1967774134482885
1.4,1.05,1.0,0.8,muito agressivo,1.249637537513982,84.87394957983193,0.8780729675970746,1.5602739726027397,1.2659853035614452
1.4,1.05,1.0,0.75,conservador,1.1110522229569977,85.71428571428571,0.9506986727977068,1.16986301369863,1.1088662141469932
1.4,1.05,1.0,0.75,moderado,1.1555975499867028,84.03361344537815,0.9293723281607424,1.2784246575342466,1.1568402987347353
1.4,1.05,1.0,0.75,agressivo,1.1887586802969121,84.87394957983193,0.9135631114622448,1.3397260273972602,1.1941960038418677
1.4,1.05,1.0,0.75,muito agressivo,1.248447912110336,84.03361344537815,0.8818629270986496,1.5568493150684932,1.2638516632157135
1.4,1.05,0.95,0.9,conservador,1.1513951939965543,84.87394957983193,0.9255587646639938,1.2231164383561643,1.1481469457278106
1.4,1.05,0.95,0.9,moderado,1.1732077578701954,85.71428571428571,0.9179812858882879,1.2982876712328768,1.1719437310897465
1.4,1.05,0.95,0.9,agressivo,1.2212464925780024,85.71428571428571,0.8972743685355564,1.3818493150684932,1.2224150893936803
1.4,1.05,0.95,0.9,muito agressivo,1.2774024819993426,85.71428571428571,0.8652759115903631,1.5965753424657534,1.287330672204794
1.4,1.05,0.95,0.85,conservador,1.1347743242201016,85.71428571428571,0.9371053693836523,1.1957191780821919,1.1306608822483484
1.4,1.05,0.95,0.85,moderado,1.1669065453626173,84.87394957983193,0.9228807393093658,1.283904109589041,1.1639584256070026
1.4,1.05,0.95,0.85,agressivo,1.2080495566030842,85.71428571428571,0.9069950440231367,1.354109589041096,1.207705196841149
1.4,1.05,0.95,0.85,muito agressivo,1.2672720029075462,84.87394957983193,0.8723911516253136,1.5678082191780822,1.275278974934302
1.4,1.05,0.95,0.8,conservador,1.1098393728239997,85.71428571428571,0.9476022084065607,1.1690068493150685,1.105623652365027
1.4,1.05,0.95,0.8,moderado,1.1549714189153915,84.87394957983193,0.9271068242707988,1.270890410958904,1.1526703664349953
1.4,1.05,0.95,0.8,agressivo,1.1879565941447054,85.71428571428571,0.9124245235570932,1.3277397260273973,1.186481114032134
1.4,1.05,0.95,0.8,muito agressivo,1.251580149677594,84.87394957983193,0.878557531396015,1.5417808219178082,1.2577669699914709
1.4,1.05,0.95,0.75,conservador,1.1053367305928097,85.71428571428571,0.9513091564900685,1.1609589041095891,1.1025159094609183
1.4,1.05,0.95,0.75,moderado,1.1509308012137964,84.03361344537815,0.9296978437167513,1.2678082191780822,1.1512830007279717
1.4,1.05,0.95,0.75,agressivo,1.1825318346967635,85.71428571428571,0.9145558566355665,1.3178082191780822,1.183848584866245
1.4,1.05,0.95,0.75,muito agressivo,1.2421271926832298,84.03361344537815,0.8823564975586443,1.5356164383561643,1.2555970910244956
1.4,1.05,0.9,0.85,conservador,1.1230828266742299,85.71428571428571,0.9398725485648458,1.1863013698630136,1.1169103614968996
1.4,1.05,0.9,0.85,moderado,1.156511660337576,84.87394957983193,0.9252259729383174,1.270890410958904,1.1515688304746916
1.4,1.05,0.9,0.85,agressivo,1.1904241350734592,85.71428571428571,0.9114599359199278,1.3232876712328767,1.1846184243532671
1.4,1.05,0.9,0.85,muito agressivo,1.2524175436367628,84.87394957983193,0.8758467100056125,1.5417808219178082,1.2566720414769685
1.4,1.05,0.9,0.8,conservador,1.0971597239349942,85.71428571428571,0.9502431999146415,1.1602739726027398,1.091280136676878
1.4,1.05,0.9,0.8,moderado,1.145272380102222,84.87394957983193,0.9294987973552732,1.2565068493150684,1.1400341842426513
1.4,1.05,0.9,0.8,agressivo,1.1689692986626994,85.71428571428571,0.9153308296958352,1.2972602739726027,1.1624863907859575
1.4,1.05,0.9,0.8,muito agressivo,1.2359767640516637,84.87394957983193,0.8821276626587672,1.513013698630137,1.238517164103739
1.4,1.05,0.9,0.75,conservador,1.093067644338642,85.71428571428571,0.9531990125338171,1.144691780821918,1.0880986156040746
1.4,1.05,0.9,0.75,moderado,1.143880279682455,84.03361344537815,0.9321194238934679,1.2506849315068493,1.1386166353546523
1.4,1.05,0.9,0.75,agressivo,1.1641325727900815,85.71428571428571,0.9183889435803078,1.2852739726027398,1.159741139665067
1.4,1.05,0.9,0.75,muito agressivo,1.2339163480640423,84.03361344537815,0.8860002102511869,1.5013698630136987,1.2362676909311694
1.4,1.05,0.85,0.8,conservador,1.087706832227944,85.71428571428571,0.9536611948215746,1.145890410958904,1.0817447505882212
1.4,1.05,0.85,0.8,moderado,1.1372975493318163,84.03361344537815,0.9346682120262051,1.2431506849315068,1.1315927122800826
1.4,1.05,0.85,0.8,agressivo,1.1534965408360047,85.71428571428571,0.9232066164131371,1.2684931506849315,1.14609681552285
1.4,1.05,0.85,0.8,muito agressivo,1.2258614395399903,84.03361344537815,0.8899060773762452,1.4863013698630136,1.2252787999485226
1.4,1.05,0.85,0.75,conservador,1.08362549720781,85.71428571428571,0.9589869569633102,1.1308219178082193,1.0785176411966717
1.4,1.05,0.85,0.75,moderado,1.1358804030537237,84.03361344537815,0.9357474354852987,1.2376712328767123,1.1301565118378165
1.4,1.05,0.85,0.75,agressivo,1.148740004561904,85.71428571428571,0.9283076179254347,1.2585616438356164,1.1432799128297568
1.4,1.05,0.85,0.75,muito agressivo,1.222353763370639,84.03361344537815,0.8913724382329302,1.4753424657534246,1.2229788905679384
1.4,1.0,0.95,0.9,conservador,1.1502106454104706,84.87394957983193,0.9255587646639938,1.2220890410958904,1.1467493807319074
1.4,1.0,0.95,0.9,moderado,1.1723484789225431,85.71428571428571,0.9179921777220432,1.2955479452054794,1.169391169791777
1.4,1.0,0.95,0.9,agressivo,1.2194828376660967,85.71428571428571,0.8972849533698964,1.3763698630136987,1.2201303876304095
1.4,1.0,0.95,0.9,muito agressivo,1.2749027270167494,85.71428571428571,0.8652914351434299,1.591095890410959,1.2836917613406378
1.4,1.0,0.95,0.85,conservador,1.1335243983749501,85.71428571428571,0.9371120660453799,1.1950342465753425,1.1292112750310694
1.4,1.0,0.95,0.85,moderado,1.165444143940496,85.71428571428571,0.9228918207818249,1.2821917808219179,1.1613614809204715
1.4,1.0,0.95,0.85,agressivo,1.2061962077761332,85.71428571428571,0.9069950440231367,1.3503424657534246,1.2053426129248912
1.4,1.0,0.95,0.85,muito agressivo,1.2646563799073065,85.71428571428571,0.8724071017232111,1.5643835616438355,1.2715298673363178
1.4,1.0,0.95,0.8,conservador,1.1084957190894917,85.71428571428571,0.9476022084065607,1.167808219178082,1.1041029403851805
1.4,1.0,0.95,0.8,moderado,1.1539231893986652,84.87394957983193,0.9271180704664382,1.2684931506849315,1.1500142574703514
1.4,1.0,0.95,0.8,agressivo,1.185973513602843,85.71428571428571,0.9125194005618966,1.3222602739726028,1.1840117795037903
1.4,1.0,0.95,0.8,muito agressivo,1.2487949554612718,84.87394957983193,0.8785738529816687,1.536986301369863,1.2538664430311635
1.4,1.0,0.95,0.75,conservador,1.1040011699525207,85.71428571428571,0.95136837677543,1.1585616438356163,1.1009863330503442
1.4,1.0,0.95,0.75,moderado,1.1487825544025314,84.03361344537815,0.929709191374868,1.2619863013698631,1.148619637579573
1.4,1.0,0.95,0.75,agressivo,1.1817647468030663,85.71428571428571,0.9146523673311289,1.3150684931506849,1.1813659693394112
1.4,1.0,0.95,0.75,muito agressivo,1.2450610969215137,84.03361344537815,0.8823730485604898,1.523972602739726,1.25167777346864
1.4,1.0,0.9,0.85,conservador,1.1217639760526854,85.71428571428571,0.9398793138831087,1.1861301369863013,1.1154163876965513
1.4,1.0,0.9,0.85,moderado,1.154288180809924,85.71428571428571,0.9252371567140751,1.265068493150685,1.1488974874511044
1.4,1.0,0.9,0.85,agressivo,1.1883873999855443,85.71428571428571,0.9115538241752288,1.3229452054794522,1.1821220799223657
1.4,1.0,0.9,0.85,muito agressivo,1.2502056509826152,85.71428571428571,0.8758628959279686,1.5301369863013699,1.2527365194168376
1.4,1.0,0.9,0.8,conservador,1.0967359844523326,85.71428571428571,0.9503018417549094,1.1601027397260273,1.0897121887926777
1.4,1.0,0.9,0.8,moderado,1.1429702569737505,84.87394957983193,0.9295101485728556,1.2513698630136987,1.1373014664643488
1.4,1.0,0.9,0.8,agressivo,1.1667879433409472,85.71428571428571,0.9154274048227138,1.2969178082191781,1.1598754039166213
1.4,1.0,0.9,0.8,muito agressivo,1.2342071708326883,84.87394957983193,0.8821442301981058,1.5027397260273974,1.2344205527023875
1.4,1.0,0.9,0.75,conservador,1.0916508265622658,85.71428571428571,0.953258845585437,1.1436643835616438,1.0865214434063775
1.4,1.0,0.9,0.75,moderado,1.1415684178156729,84.03361344537815,0.9321308782873015,1.248972602739726,1.1358763922834068
1.4,1.0,0.9,0.75,agressivo,1.1627747630296563,85.71428571428571,0.9183998616068417,1.2821917808219179,1.1571158851741374
1.4,1.0,0.9,0.75,muito agressivo,1.2309023141505286,84.03361344537815,0.8860170136652085,1.497945205479452,1.2321510849431854
1.4,1.0,0.85,0.8,conservador,1.0871888813447774,85.71428571428571,0.9537209929859807,1.1457191780821918,1.0801469477684904
1.4,1.0,0.85,0.8,moderado,1.1349344240933976,84.03361344537815,0.9346797673291881,1.2383561643835617,1.1288114918221364
1.4,1.0,0.85,0.8,agressivo,1.1511995525755736,85.71428571428571,0.9232177213071188,1.268150684931507,1.1433932281704682
1.4,1.0,0.85,0.8,muito agressivo,1.225170554453065,84.03361344537815,0.8899231253267188,1.4767123287671233,1.2210539950849943
1.4,1.0,0.85,0.75,conservador,1.0821685560352665,85.71428571428571,0.9589937383051103,1.1292808219178083,1.0769103925151142
1.4,1.0,0.85,0.75,moderado,1.1335072366763452,84.03361344537815,0.9358538860629338,1.2345890410958904,1.1273675993867334
1.4,1.0,0.85,0.75,agressivo,1.1464579648876378,85.71428571428571,0.9283189224098276,1.25513698630137,1.1405614272432716
1.4,1.0,0.85,0.75,muito agressivo,1.219195556885918,84.03361344537815,0.8915314410330432,1.4691780821917808,1.21873332648904
1.3,1.2,1.0,0.9,conservador,1.15842810182506,84.03361344537815,0.912448971364836,1.2279109589041095,1.1555877568617619
1.3,1.2,1.0,0.9,moderado,1.1810314443988186,84.03361344537815,0.8971676668663952,1.3,1.1803720259553716
1.3,1.2,1.0,0.9,agressivo,1.233031197821367,84.03361344537815,0.87341468969073,1.3897260273972603,1.235086571018038
1.3,1.2,1.0,0.9,muito agressivo,1.2819500808331887,84.03361344537815,0.8293110891344273,1.6,1.300755023393835
1.3,1.2,1.0,0.85,conservador,1.1405185268584628,84.87394957983193,0.9247737688958699,1.2008561643835616,1.1383016201748122
1.3,1.2,1.0,0.85,moderado,1.171509931236261,84.03361344537815,0.9027983952387383,1.2876712328767124,1.172471781252866
1.3,1.2,1.0,0.85,agressivo,1.2179008890653344,84.03361344537815,0.8806795687716222,1.365068493150685,1.220679727530645
1.3,1.2,1.0,0.85,muito agressivo,1.270309239276996,84.03361344537815,0.8372896477232977,1.5753424657534247,1.2889266082441748
1.3,1.2,1.0,0.8,conservador,1.1170375511203485,84.03361344537815,0.9327347115156064,1.1741438356164384,1.1135292914454347
1.3,1.2,1.0,0.8,moderado,1.1609656493024108,84.03361344537815,0.9079679118770869,1.2732876712328767,1.1612910171292965
1.3,1.2,1.0,0.8,agressivo,1.1951915889337805,84.03361344537815,0.8869130771602589,1.3363013698630137,1.1998571226925177
1.3,1.2,1.0,0.8,muito agressivo,1.2554022547527226,84.03361344537815,0.8448357804653268,1.5465753424657533,1.271701085104976
1.3,1.2,1.0,0.75,conservador,1.1100747249913225,84.03361344537815,0.9381405446706116,1.1664383561643836,1.110454369962909
1.3,1.2,1.0,0.75,moderado,1.1566352885638311,83.19327731092437,0.9111886271129511,1.2712328767123289,1.1599166866979749
1.3,1.2,1.0,0.75,agressivo,1.1927865615778932,84.03361344537815,0.8919869695095439,1.332876712328767,1.197274216570204
1.3,1.2,1.0,0.75,muito agressivo,1.2535327774511797,83.19327731092437,0.8495710512754876,1.5424657534246575,1.2695663160286124
1.3,1.2,0.95,0.9,conservador,1.1534982410905563,84.03361344537815,0.9128446534105029,1.2174657534246576,1.1497519226455308
1.3,1.2,0.95,0.9,moderado,1.1790455290470803,84.03361344537815,0.8975130441487436,1.289041095890411,1.1750335999314843
1.3,1.2,0.95,0.9,agressivo,1.2253004871922437,84.03361344537815,0.8747977041888804,1.377054794520548,1.22551355570456
1.3,1.2,0.95,0.9,muito agressivo,1.2849081108455558,84.03361344537815,0.830127497789414,1.5780821917808219,1.2930650067550158
1.3,1.2,0.95,0.85,conservador,1.1368778999036502,84.87394957983193,0.9254775651862385,1.1922945205479452,1.1322626054059144
1.3,1.2,0.95,0.85,moderado,1.171663044428553,84.03361344537815,0.903117131054386,1.2784246575342466,1.1670466292170236
1.3,1.2,0.95,0.85,agressivo,1.212117428327815,84.03361344537815,0.8818341665880556,1.3455479452054795,1.2108041215907321
1.3,1.2,0.95,0.85,muito agressivo,1.2734092289065897,84.03361344537815,0.8378253382253388,1.5568493150684932,1.2810217227909995
1.3,1.2,0.95,0.8,conservador,1.1119288360540889,84.03361344537815,0.933465049113212,1.163527397260274,1.1072140646803768
1.3,1.2,0.95,0.8,moderado,1.1601974849587144,84.03361344537815,0.9082929078492763,1.2643835616438357,1.1557507853454763
1.3,1.2,0.95,0.8,agressivo,1.1920192539437124,84.03361344537815,0.8881058428690288,1.3188356164383561,1.1895689623529497
1.3,1.2,0.95,0.8,muito agressivo,1.25527404107211,84.03361344537815,0.8453245460464319,1.5287671232876712,1.2635025753401359
1.3,1.2,0.95,0.75,conservador,1.1074252732813652,84.03361344537815,0.9385504443962064,1.1554794520547946,1.1041047452940738
1.3,1.2,0.95,0.75,moderado,1.1537224320307446,84.03361344537815,0.9115176208447132,1.2626712328767122,1.1543623558321872
1.3,1.2,0.95,0.75,agressivo,1.184826988210294,84.03361344537815,0.8926641619374474,1.310958904109589,1.1869347873345888
1.3,1.2,0.95,0.75,muito agressivo,1.2475604053010616,84.03361344537815,0.8500699013935739,1.5253424657534247,1.2613314076093374
1.3,1.2,0.9,0.85,conservador,1.1251916606810286,84.87394957983193,0.9279685345916041,1.1791095890410959,1.1185119537703965
1.3,1.2,0.9,0.85,moderado,1.160612836811405,84.87394957983193,0.9058727349841034,1.260958904109589,1.1546593630967625
1.3,1.2,0.9,0.85,agressivo,1.1945369851478969,84.03361344537815,0.8858484852219672,1.3106164383561645,1.187727039458946
1.3,1.2,0.9,0.85,muito agressivo,1.261289359250528,84.87394957983193,0.8418149822998788,1.521917808219178,1.2624444048262877
1.3,1.2,0.9,0.8,conservador,1.0992516252109872,84.87394957983193,0.936061448185369,1.1530821917808218,1.092869301823789
1.3,1.2,0.9,0.8,moderado,1.1493652441777282,84.87394957983193,0.91110543197028,1.246917808219178,1.1431161164023633
1.3,1.2,0.9,0.8,agressivo,1.1730711585510838,84.87394957983193,0.8922710855956761,1.2828767123287672,1.1655811477194018
1.3,1.2,0.9,0.8,muito agressivo,1.245602308388874,84.87394957983193,0.8495179172697732,1.4938356164383562,1.2442793766718325
1.3,1.2,0.9,0.75,conservador,1.095158218763971,84.87394957983193,0.9416881006494051,1.1392123287671232,1.0896860603502132
1.3,1.2,0.9,0.75,moderado,1.1479718716762168,84.87394957983193,0.9143664866196973,1.2452054794520548,1.1416974014640613
1.3,1.2,0.9,0.75,agressivo,1.1682309160400577,84.87394957983193,0.897835020410062,1.2763698630136986,1.162833891660734
1.3,1.2,0.9,0.75,muito agressivo,1.2415710131862006,84.87394957983193,0.8543548589379663,1.4904109589041097,1.242028225705882
1.3,1.2,0.85,0.8,conservador,1.089795756491006,84.87394957983193,0.9411294852949214,1.1386986301369864,1.083330810242811
1.3,1.2,0.85,0.8,moderado,1.1413914737852138,84.87394957983193,0.9165460904403009,1.236986301369863,1.1346715030243424
1.3,1.2,0.85,0.8,agressivo,1.1576030329576172,84.87394957983193,0.9028964583091926,1.2571917808219177,1.1491870056779294
1.3,1.2,0.85,0.8,muito agressivo,1.2367788342256498,84.87394957983193,0.8582879013464592,1.473972602739726,1.2310440607250497
1.3,1.2,0.85,0.75,conservador,1.0856852136739585,84.87394957983193,0.9484596320338451,1.1258561643835616,1.080101885834642
1.3,1.2,0.85,0.75,moderado,1.1372598861507923,84.03361344537815,0.9184499276315772,1.2352739726027397,1.1332340688234663
1.3,1.2,0.85,0.75,agressivo,1.1528433214413365,84.87394957983193,0.9092199158478677,1.251027397260274,1.1463678466463656
1.3,1.2,0.85,0.75,muito agressivo,1.2265351474902082,84.03361344537815,0.8608622835662869,1.4705479452054795,1.228742197387584
1.3,1.1,1.0,0.9,conservador,1.1563620972020625,83.19327731092437,0.9122917766436022,1.2200342465753424,1.1546389749915082
1.3,1.1,1.0,0.9,moderado,1.175956982726581,84.03361344537815,0.9025646685341574,1.2856164383561643,1.1789598396590635
1.3,1.1,1.0,0.9,agressivo,1.2298899969461394,83.19327731092437,0.8751938334772376,1.3753424657534246,1.2345565918235037
1.3,1.1,1.0,0.9,muito agressivo,1.2772489706596637,84.03361344537815,0.8373019578193591,1.5712328767123287,1.301545562611832
1.3,1.1,1.0,0.85,conservador,1.1381609292428967,84.03361344537815,0.924168679832922,1.1948630136986302,1.1371939762528835
1.3,1.1,1.0,0.85,moderado,1.16764143759758,84.03361344537815,0.9082904464259707,1.2732876712328767,1.1709252533703156
1.3,1.1,1.0,0.85,agressivo,1.2121964319291345,83.19327731092437,0.8857924922995739,1.3506849315068492,1.219925467684199
1.3,1.1,1.0,0.85,muito agressivo,1.269640288850574,84.03361344537815,0.845559344305547,1.5465753424657533,1.289411413351537
1.3,1.1,1.0,0.8,conservador,1.115065296354634,83.19327731092437,0.9359419229614955,1.166609589041096,1.1121909493775834
1.3,1.1,1.0,0.8,moderado,1.1569351310676768,84.03361344537815,0.91356500519672,1.2589041095890412,1.1595541668303697
1.3,1.1,1.0,0.8,agressivo,1.1917174595135929,84.03361344537815,0.8921939266993743,1.321917808219178,1.1987719219438417
1.3,1.1,1.0,0.8,muito agressivo,1.2543999075643635,84.03361344537815,0.8533701736544916,1.5178082191780822,1.2717272145242888
1.3,1.1,1.0,0.75,conservador,1.1091601456255427,84.03361344537815,0.9413104997180102,1.1592465753424657,1.109086939640823
1.3,1.1,1.0,0.75,moderado,1.15560827606435,84.03361344537815,0.9168528275022881,1.2558219178082193,1.1581562798688656
1.3,1.1,1.0,0.75,agressivo,1.189438960948567,84.03361344537815,0.8972772044322714,1.3171232876712329,1.1961473121787147
1.3,1.1,1.0,0.75,muito agressivo,1.249000743907299,84.03361344537815,0.8582771492455105,1.5116438356164383,1.269534695573471
1.3,1.1,0.95,0.9,conservador,1.1511920898474894,84.03361344537815,0.9130707872753175,1.209417808219178,1.1487484400207937
1.3,1.1,0.95,0.9,moderado,1.175060388038126,84.03361344537815,0.9029166452059292,1.2746575342465754,1.1735285761979057
1.3,1.1,0.95,0.9,agressivo,1.2220280484168875,83.19327731092437,0.8760915337990262,1.3613013698630136,1.2248331608821283
1.3,1.1,0.95,0.9,muito agressivo,1.279970996535025,84.03361344537815,0.8381082085857428,1.5493150684931507,1.2936593037653847
1.3,1.1,0.95,0.85,conservador,1.1344246271962684,84.03361344537815,0.9245572278246758,1.184417808219178,1.1310966507385363
1.3,1.1,0.95,0.85,moderado,1.1665960139398057,84.03361344537815,0.9086150697245111,1.2623287671232877,1.1654043775064968
1.3,1.1,0.95,0.85,agressivo,1.2086447002607767,83.19327731092437,0.886971643784114,1.3335616438356164,1.2098900293123767
1.3,1.1,0.95,0.85,muito agressivo,1.267415091657645,84.03361344537815,0.846078233960502,1.5246575342465754,1.281298825180241
1.3,1.1,0.95,0.8,conservador,1.1092620443119396,84.03361344537815,0.9366810435738689,1.1559931506849315,1.1058124126335749
1.3,1.1,0.95,0.8,moderado,1.1533290502121751,84.03361344537815,0.9138960668720151,1.247945205479452,1.153914354740646
1.3,1.1,0.95,0.8,agressivo,1.1882522145320742,84.03361344537815,0.8934125661212396,1.3068493150684932,1.1883108289022624
1.3,1.1,0.95,0.8,muito agressivo,1.2517949217049276,84.03361344537815,0.8538745319303656,1.4958904109589042,1.2633049873278335
1.3,1.1,0.95,0.75,conservador,1.1041841620461958,84.03361344537815,0.94172469048209,1.1486301369863015,1.1026733736518846
1.3,1.1,0.95,0.75,moderado,1.1508658544947687,84.03361344537815,0.9171880023043582,1.2462328767123287,1.1525018931502016
1.3,1.1,0.95,0.75,agressivo,1.1807315801624234,84.03361344537815,0.8979671964541094,1.2965753424657533,1.1856333001009514
1.3,1.1,0.95,0.75,muito agressivo,1.2428490284583957,84.03361344537815,0.8587920940120833,1.4924657534246575,1.2610740586122504
1.3,1.1,0.9,0.85,conservador,1.122584059522353,84.03361344537815,0.9278096676853794,1.1722602739726027,1.1172127126068843
1.3,1.1,0.9,0.85,moderado,1.1563085765095125,84.87394957983193,0.9114245015115745,1.2472602739726026,1.1527973228562387
1.3,1.1,0.9,0.85,agressivo,1.1906574620133576,84.03361344537815,0.8910839496909031,1.2952054794520549,1.1864292906665836
1.3,1.1,0.9,0.85,muito agressivo,1.2621085402108094,84.87394957983193,0.8502351424189961,1.4945205479452055,1.2622161903248668
1.3,1.1,0.9,0.8,conservador,1.0975345319548258,84.03361344537815,0.9393125903933268,1.1462328767123289,1.0913234898106081
1.3,1.1,0.9,0.8,moderado,1.1448814229721544,84.87394957983193,0.9167640763702127,1.233904109589041,1.14105151490286
1.3,1.1,0.9,0.8,agressivo,1.1688624028656927,84.03361344537815,0.8976812937646261,1.2691780821917809,1.1639097287029743
1.3,1.1,0.9,0.8,muito agressivo,1.2448941310283124,84.87394957983193,0.8582106167541801,1.4678082191780821,1.243540412428297
1.3,1.1,0.9,0.75,conservador,1.0923267715392821,84.87394957983193,0.944896463561805,1.1311643835616438,1.0881091568228083
1.3,1.1,0.9,0.75,moderado,1.1425841169867004,84.87394957983193,0.9200432131445625,1.2256849315068492,1.1396077351462257
1.3,1.1,0.9,0.75,agressivo,1.1644090161502354,84.87394957983193,0.9032404302570088,1.2606164383561644,1.1611153902881732
1.3,1.1,0.9,0.75,muito agressivo,1.2361249409016755,84.87394957983193,0.8632244535828704,1.4513698630136986,1.241224977832233
1.3,1.1,0.85,0.8,conservador,1.0878805850709465,84.87394957983193,0.9444016437071289,1.1318493150684932,1.0816892599408503
1.3,1.1,0.85,0.8,moderado,1.136769663840026,84.87394957983193,0.9221574038420971,1.218150684931507,1.1324541423632537
1.3,1.1,0.85,0.8,agressivo,1.153133284913919,84.87394957983193,0.9083990146149794,1.2410958904109588,1.1472269606722856
1.3,1.1,0.85,0.8,muito agressivo,1.229165504277549,84.87394957983193,0.866782470565867,1.4363013698630136,1.2299212817755347
1.3,1.1,0.85,0.75,conservador,1.083517587224129,84.87394957983193,0.9517245755202091,1.1181506849315068,1.0784283872216212
1.3,1.1,0.85,0.75,moderado,1.1316184616925618,84.87394957983193,0.9242046402611188,1.211986301369863,1.1309909982236794
1.3,1.1,0.85,0.75,agressivo,1.148406834526475,84.87394957983193,0.9148345539624173,1.235958904109589,1.144358289790069
1.3,1.1,0.85,0.75,muito agressivo,1.2242717664518805,84.87394957983193,0.8695058310600534,1.423972602739726,1.227552198118641
1.3,1.05,1.0,0.9,conservador,1.1558782801010017,84.03361344537815,0.9124472418637734,1.2148972602739727,1.1524581469708437
1.3,1.05,1.0,0.9,moderado,1.1765413945077825,84.03361344537815,0.9025957175392785,1.2756849315068493,1.174950977151269
1.3,1.05,1.0,0.9,agressivo,1.2273358281410758,83.19327731092437,0.8751938334772376,1.3705479452054794,1.2310452307712048
1.3,1.05,1.0,0.9,muito agressivo,1.2783616849383777,84.03361344537815,0.8375050309350865,1.5513698630136987,1.295945654270508
1.3,1.05,1.0,0.85,conservador,1.1367061350743075,84.03361344537815,0.924168679832922,1.1902397260273974,1.134927164151011
1.3,1.05,1.0,0.85,moderado,1.165861885485656,84.03361344537815,0.9082904464259707,1.2633561643835616,1.1668417327595029
1.3,1.05,1.0,0.85,agressivo,1.2141700189429205,83.19327731092437,0.8860530120918388,1.3407534246575343,1.2162858640948155
1.3,1.05,1.0,0.85,muito agressivo,1.2707093780745549,84.03361344537815,0.845559344305547,1.5267123287671234,1.2836253337929793
1.3,1.05,1.0,0.8,conservador,1.1130284182387624,84.03361344537815,0.9361032790973765,1.161472602739726,1.109806085160799
1.3,1.05,1.0,0.8,moderado,1.1537126656254517,84.03361344537815,0.91356500519672,1.248972602739726,1.1553706323777149
1.3,1.05,1.0,0.8,agressivo,1.1917210718832212,84.03361344537815,0.8924626219047762,1.3123287671232877,1.194955416982638
1.3,1.05,1.0,0.8,muito agressivo,1.2553669713830784,84.03361344537815,0.8533701736544916,1.497945205479452,1.2656832512716163
1.3,1.05,1.0,0.75,conservador,1.1081957539776117,84.03361344537815,0.9413288296676411,1.1542808219178082,1.106687343549124
1.3,1.05,1.0,0.75,moderado,1.1525304641330687,84.87394957983193,0.9168528275022881,1.2472602739726026,1.1539604713211145
1.3,1.05,1.0,0.75,agressivo,1.1878726549641199,84.03361344537815,0.8973076444393233,1.3085616438356165,1.1923087712104146
1.3,1.05,1.0,0.75,muito agressivo,1.2457155266883522,84.87394957983193,0.8582771492455105,1.4945205479452055,1.2634586739250921
1.3,1.05,0.95,0.9,conservador,1.1493769168692578,84.03361344537815,0.9133572529990165,1.207876712328767,1.1465353326212322
1.3,1.05,0.95,0.9,moderado,1.1718714621053452,84.03361344537815,0.9029477732874583,1.2722602739726028,1.1694632110723528
1.3,1.05,0.95,0.9,agressivo,1.2193739655457514,84.03361344537815,0.8771382400379141,1.351027397260274,1.221225977854669
1.3,1.05,0.95,0.9,muito agressivo,1.2769460847039644,84.03361344537815,0.8406739884976102,1.5445205479452055,1.2879223787719043
1.3,1.05,0.95,0.85,conservador,1.1325004686020381,84.03361344537815,0.9245752603839099,1.1801369863013698,1.1287958544290588
1.3,1.05,0.95,0.85,moderado,1.164276753956369,84.87394957983193,0.9086150697245111,1.2568493150684932,1.1612629560474967
1.3,1.05,0.95,0.85,agressivo,1.2058400164891598,84.03361344537815,0.8871743896955665,1.3263698630136986,1.2061499728199059
1.3,1.05,0.95,0.85,muito agressivo,1.2684849972648409,84.87394957983193,0.8464058941849382,1.5136986301369864,1.2753697943796427
1.3,1.05,0.95,0.8,conservador,1.1081045298522525,84.03361344537815,0.9368428480995322,1.1530821917808218,1.1033912619942354
1.3,1.05,0.95,0.8,moderado,1.1530530945537967,84.87394957983193,0.9138960668720151,1.2434931506849316,1.1496710958596603
1.3,1.05,0.95,0.8,agressivo,1.185227707389126,84.03361344537815,0.8936825968773091,1.2976027397260275,1.1843876154422817
1.3,1.05,0.95,0.8,muito agressivo,1.250683761070313,84.87394957983193,0.8538745319303656,1.486986301369863,1.2571100577375334
1.3,1.05,0.95,0.75,conservador,1.1027083403099773,84.03361344537815,0.9418576380809941,1.1470890410958905,1.1002372019932372
1.3,1.05,0.95,0.75,moderado,1.14756149162065,84.87394957983193,0.9171880023043582,1.2363013698630136,1.1482461362429792
1.3,1.05,0.95,0.75,agressivo,1.1811643626425499,84.03361344537815,0.8979977898044614,1.2897260273972602,1.1816872673379957
1.3,1.05,0.95,0.75,muito agressivo,1.2428579820830334,84.87394957983193,0.8587920940120833,1.4726027397260273,1.2548460704246098
1.3,1.05,0.9,0.85,conservador,1.1205453272779777,84.87394957983193,0.9278162733325661,1.1719178082191781,1.1148373084064147
1.3,1.05,0.9,0.85,moderado,1.1528792115779558,84.87394957983193,0.9114245015115745,1.2380136986301369,1.1485287018090513
1.3,1.05,0.9,0.85,agressivo,1.1875458493863102,84.87394957983193,0.8913505548616537,1.2945205479452055,1.182461425869914
1.3,1.05,0.9,0.85,muito agressivo,1.257768144333359,84.87394957983193,0.850439677240107,1.476027397260274,1.2559629139969677
1.3,1.05,0.9,0.8,conservador,1.0954917343217956,84.87394957983193,0.9394761029830766,1.145890410958904,1.0888227744324173
1.3,1.05,0.9,0.8,moderado,1.1413179856266922,84.87394957983193,0.9167640763702127,1.2236301369863014,1.136677135004039
1.3,1.05,0.9,0.8,agressivo,1.1655049365853833,84.87394957983193,0.8979564076544775,1.2684931506849315,1.1597447480110479
1.3,1.05,0.9,0.8,muito agressivo,1.240227026381377,84.87394957983193,0.8582106167541801,1.4472602739726028,1.2370034552662632
1.3,1.05,0.9,0.75,conservador,1.0909021514218349,84.87394957983193,0.9449150423830588,1.1294520547945206,1.0855927981545115
1.3,1.05,0.9,0.75,moderado,1.1398857053680893,84.87394957983193,0.9200934265074674,1.2219178082191782,1.1352203759127608
1.3,1.05,0.9,0.75,agressivo,1.1627389147857645,84.87394957983193,0.9032716079063765,1.2523972602739726,1.1569258429921319
1.3,1.05,0.9,0.75,muito agressivo,1.237423244977719,84.87394957983193,0.8632244535828704,1.4438356164383561,1.2346527442076212
1.3,1.05,0.85,0.8,conservador,1.0857558704064407,84.87394957983193,0.9445685712785363,1.1315068493150684,1.07913807837489
1.3,1.05,0.85,0.8,moderado,1.13310265818708,85.71428571428571,0.9224446276316177,1.2113013698630137,1.1279964015054151
1.3,1.05,0.85,0.8,agressivo,1.1495798944357478,84.87394957983193,0.9084307332830006,1.2397260273972603,1.1429030832077092
1.3,1.05,0.85,0.8,muito agressivo,1.2278977220663805,85.71428571428571,0.8672255190203747,1.4226027397260275,1.223159142317408
1.3,1.05,0.85,0.75,conservador,1.081221902247957,84.87394957983193,0.9517245755202091,1.115068493150685,1.0758611786917487
1.3,1.05,0.85,0.75,moderado,1.131643947478689,85.71428571428571,0.9244109006797532,1.2092465753424657,1.1265199814921307
1.3,1.05,0.85,0.75,agressivo,1.1456434336605361,84.87394957983193,0.9148345539624173,1.2267123287671233,1.1400087255659987
1.3,1.05,0.85,0.75,muito agressivo,1.219487680038889,85.71428571428571,0.869956257804214,1.4184931506849314,1.2207533678504427
1.3,1.0,0.95,0.9,conservador,1.1481725384582502,84.03361344537815,0.9146386462213824,1.2077054794520548,1.1451168596680101
1.3,1.0,0.95,0.9,moderado,1.1697263803941964,84.87394957983193,0.902961437062804,1.2664383561643835,1.1668394959475146
1.3,1.0,0.95,0.9,agressivo,1.219039688236759,84.03361344537815,0.8795813866747143,1.3452054794520547,1.218883693485667
1.3,1.0,0.95,0.9,muito agressivo,1.2763386616417896,84.87394957983193,0.8444275864211203,1.5328767123287672,1.2841344253619664
1.3,1.0,0.95,0.85,conservador,1.1312288199715763,84.03361344537815,0.9245833503923109,1.1789383561643836,1.1273238826673198
1.3,1.0,0.95,0.85,moderado,1.1620749093896126,84.87394957983193,0.9086150697245111,1.2541095890410958,1.1585925160315667
1.3,1.0,0.95,0.85,agressivo,1.2039342631496188,84.03361344537815,0.8874183307460558,1.3205479452054794,1.2037259541635101
1.3,1.0,0.95,0.85,muito agressivo,1.2683880509459244,84.87394957983193,0.848460723754718,1.5082191780821919,1.2714622239186013
1.3,1.0,0.95,0.8,conservador,1.1067222419384937,84.03361344537815,0.9369144374475195,1.1529109589041096,1.101846159046175
1.3,1.0,0.95,0.8,moderado,1.1507724078824901,84.87394957983193,0.9138960668720151,1.2397260273972603,1.146938350765378
1.3,1.0,0.95,0.8,agressivo,1.1849071593712763,84.03361344537815,0.8938109331253157,1.2917808219178082,1.1818514603943793
1.3,1.0,0.95,0.8,muito agressivo,1.2524352091603104,84.87394957983193,0.8543218759064242,1.4794520547945205,1.2530378330494691
1.3,1.0,0.95,0.75,conservador,1.1013484052187261,84.03361344537815,0.9419309087124428,1.1441780821917809,1.098682978393512
1.3,1.0,0.95,0.75,moderado,1.1479958149304719,84.87394957983193,0.9171880023043582,1.234931506849315,1.1455057493497949
1.3,1.0,0.95,0.75,agressivo,1.180581964319556,84.03361344537815,0.898011207071342,1.2883561643835617,1.1791371519633054
1.3,1.0,0.95,0.75,muito agressivo,1.2423873638739475,84.87394957983193,0.8589606138882403,1.4698630136986301,1.2507533907807724
1.3,1.0,0.9,0.85,conservador,1.119202769084664,85.71428571428571,0.9278244528103831,1.1717465753424658,1.1133196941371288
1.3,1.0,0.9,0.85,moderado,1.1505836464083692,84.87394957983193,0.9114245015115745,1.2332191780821917,1.1457798585380972
1.3,1.0,0.9,0.85,agressivo,1.1854474651375153,84.87394957983193,0.8916042654029238,1.2941780821917808,1.1798968077881251
1.3,1.0,0.9,0.85,muito agressivo,1.254729607448528,84.87394957983193,0.8515062807264151,1.4664383561643837,1.2518525458170409
1.3,1.0,0.9,0.8,conservador,1.0940227994991611,84.87394957983193,0.9395484882880322,1.1457191780821918,1.0872290376306717
1.3,1.0,0.9,0.8,moderado,1.138939406975016,85.71428571428571,0.9167640763702127,1.2195205479452054,1.1338635993360515
1.3,1.0,0.9,0.8,agressivo,1.163254227262075,84.87394957983193,0.89807707724007,1.268150684931507,1.1570594939873158
1.3,1.0,0.9,0.8,muito agressivo,1.2369826811087516,85.71428571428571,0.8585147885713351,1.439041095890411,1.2327174496619295
1.3,1.0,0.9,0.75,conservador,1.0894437153474275,84.87394957983193,0.9449232755094914,1.1292808219178083,1.0839895653102274
1.3,1.0,0.9,0.75,moderado,1.1374968424775782,85.71428571428571,0.9200934265074674,1.216095890410959,1.1323989055118573
1.3,1.0,0.9,0.75,agressivo,1.160468929204118,84.87394957983193,0.9032852959660754,1.2517123287671232,1.154225565073371
1.3,1.0,0.9,0.75,muito agressivo,1.2347572058576977,85.71428571428571,0.8632490664820652,1.4321917808219178,1.230344914175268
1.3,1.0,0.85,0.8,conservador,1.0842450401407497,84.87394957983193,0.9446425457088475,1.1313356164383561,1.077513595575268
1.3,1.0,0.85,0.8,moderado,1.1306595821412062,85.71428571428571,0.9225688228820894,1.2065068493150686,1.12513169171579
1.3,1.0,0.85,0.8,agressivo,1.1484818441555154,85.71428571428571,0.9084446731684089,1.2393835616438356,1.1401202408642692
1.3,1.0,0.85,0.8,muito agressivo,1.224492828538384,85.71428571428571,0.8674139322225978,1.413013698630137,1.2187330757778168
1.3,1.0,0.85,0.75,conservador,1.0797217044952672,85.71428571428571,0.9517245755202091,1.1148972602739726,1.0742269686449
1.3,1.0,0.85,0.75,moderado,1.1291902597750534,85.71428571428571,0.9245364111701257,1.2037671232876712,1.1236471566985589
1.3,1.0,0.85,0.75,agressivo,1.1443196809244989,85.71428571428571,0.9148345539624173,1.222945205479452,1.1372101783289106
1.3,1.0,0.85,0.75,muito agressivo,1.2218704753898524,85.71428571428571,0.8701479739525615,1.4075342465753424,1.2163046046962904
1.2,1.1,1.0,0.9,conservador,1.1557070678352659,82.35294117647058,0.9256134525732719,1.2023972602739725,1.1560432822057838
1.2,1.1,1.0,0.9,moderado,1.176622969085859,81.5126050420168,0.9185512694763461,1.257876712328767,1.1824753121506246
1.2,1.1,1.0,0.9,agressivo,1.228018664686448,82.35294117647058,0.8917790552021807,1.347945205479452,1.2396541981943487
1.2,1.1,1.0,0.9,muito agressivo,1.2855452325828232,81.5126050420168,0.8601735777868286,1.5157534246575342,1.3146476492844392
1.2,1.1,1.0,0.85,conservador,1.1377069406487494,82.35294117647058,0.9361921149522991,1.1777397260273972,1.138313580855136
1.2,1.1,1.0,0.85,moderado,1.1690439699358006,81.5126050420168,0.9236174586321584,1.2455479452054794,1.1741968971250027
1.2,1.1,1.0,0.85,agressivo,1.2147053978644131,81.5126050420168,0.9007136687100744,1.3229452054794522,1.2246251137470572
1.2,1.1,1.0,0.85,muito agressivo,1.2750701047425426,81.5126050420168,0.8677187270663904,1.4910958904109588,1.3019740359748904
1.2,1.1,1.0,0.8,conservador,1.1125815432861683,81.5126050420168,0.9455343659328584,1.148972602739726,1.112884058544259
1.2,1.1,1.0,0.8,moderado,1.1578291751173997,81.5126050420168,0.9279742153158277,1.231164383561644,1.1624692026602428
1.2,1.1,1.0,0.8,agressivo,1.1943828747633793,81.5126050420168,0.9085214066009737,1.2941780821917808,1.2028597963114669
1.2,1.1,1.0,0.8,muito agressivo,1.25877462593619,81.5126050420168,0.874240793051213,1.4623287671232876,1.2834346447840228
1.2,1.1,1.0,0.75,conservador,1.1080903416178196,81.5126050420168,0.9513754355984838,1.145376712328767,1.1097259563820503
1.2,1.1,1.0,0.75,moderado,1.1523216992414123,81.5126050420168,0.930639995051694,1.2294520547945205,1.1610269559842037
1.2,1.1,1.0,0.75,agressivo,1.1918323945566143,81.5126050420168,0.9133644460437491,1.2907534246575343,1.2001575267705835
1.2,1.1,1.0,0.75,muito agressivo,1.256730000129745,81.5126050420168,0.8782531819825155,1.4589041095890412,1.2811334417917764
1.2,1.1,0.95,0.9,conservador,1.1504120458105371,82.35294117647058,0.9233172747852899,1.1916095890410958,1.1500597026561186
1.2,1.1,0.95,0.9,moderado,1.1726183234386625,81.5126050420168,0.9192821106294607,1.246917808219178,1.176884832242624
1.2,1.1,0.95,0.9,agressivo,1.2226180598383969,81.5126050420168,0.8930766228597372,1.326027397260274,1.2296826850911735
1.2,1.1,0.95,0.9,muito agressivo,1.279549828008967,81.5126050420168,0.8612944439378624,1.4938356164383562,1.3064509483626172
1.2,1.1,0.95,0.85,conservador,1.132194744590607,82.35294117647058,0.9369764783284484,1.1667808219178082,1.1321161692208954
1.2,1.1,0.95,0.85,moderado,1.1641999676371895,81.5126050420168,0.924364048449126,1.2345890410958904,1.1685110085887773
1.2,1.1,0.95,0.85,agressivo,1.2062813585945555,81.5126050420168,0.9020638398621807,1.3013698630136987,1.2143229293155244
1.2,1.1,0.95,0.85,muito agressivo,1.2709747476889355,81.5126050420168,0.8688809072153579,1.4691780821917808,1.2935275536416273
1.2,1.1,0.95,0.8,conservador,1.1075857266047848,81.5126050420168,0.9463501543165768,1.138013698630137,1.1063955632950047
1.2,1.1,0.95,0.8,moderado,1.1528273503291084,81.5126050420168,0.9287350724235026,1.2202054794520547,1.1566565400651
1.2,1.1,0.95,0.8,agressivo,1.1854182538576852,81.5126050420168,0.909920559294414,1.2726027397260273,1.1921055774907976
1.2,1.1,0.95,0.8,muito agressivo,1.2552056720900309,81.5126050420168,0.8754411396981249,1.4404109589041096,1.2746450525064588
1.2,1.1,0.95,0.75,conservador,1.102229769725349,81.5126050420168,0.9522117414232009,1.134417808219178,1.1032011812417413
1.2,1.1,0.95,0.75,moderado,1.1507061526640394,81.5126050420168,0.931409907515707,1.2184931506849315,1.155198749845641
1.2,1.1,0.95,0.75,agressivo,1.1827995207650117,81.5126050420168,0.9147953787598002,1.268835616438356,1.1893470529481447
1.2,1.1,0.95,0.75,muito agressivo,1.2500579005996786,81.5126050420168,0.8794781429153731,1.436986301369863,1.2723012148306951
1.2,1.1,0.9,0.85,conservador,1.1216624406848232,82.35294117647058,0.9398309238902156,1.1452054794520548,1.117997614296674
1.2,1.1,0.9,0.85,moderado,1.15451418516941,82.35294117647058,0.9270671822233543,1.2126712328767124,1.1555137964047102
1.2,1.1,0.9,0.85,agressivo,1.1892288342655888,82.35294117647058,0.90693563995728,1.2575342465753425,1.19019506411962
1.2,1.1,0.9,0.85,muito agressivo,1.260635519124087,82.35294117647058,0.8730020474727489,1.4253424657534246,1.2735817315809965
1.2,1.1,0.9,0.8,conservador,1.0948183666638378,82.35294117647058,0.9493307495016833,1.1181506849315068,1.0916504425758955
1.2,1.1,0.9,0.8,moderado,1.1426720392831173,81.5126050420168,0.9314952717846442,1.1982876712328767,1.1433864055175924
1.2,1.1,0.9,0.8,agressivo,1.1653567102978133,82.35294117647058,0.9149892066978131,1.2287671232876711,1.1669771860602955
1.2,1.1,0.9,0.8,muito agressivo,1.2418419592524697,81.5126050420168,0.8797139165352529,1.3965753424657534,1.2539410961000712
1.2,1.1,0.9,0.75,conservador,1.0914467226193534,82.35294117647058,0.9552747004073529,1.1126712328767123,1.0883780357646278
1.2,1.1,0.9,0.75,moderado,1.1394783802495172,81.5126050420168,0.9342062810265828,1.1965753424657535,1.1418951809009015
1.2,1.1,0.9,0.75,agressivo,1.1635917979904447,82.35294117647058,0.9199917216797296,1.2253424657534246,1.1640942533134917
1.2,1.1,0.9,0.75,muito agressivo,1.2395956050108488,81.5126050420168,0.8838486409582961,1.393150684931507,1.2515031510028967
1.2,1.1,0.85,0.8,conservador,1.0850039817127348,82.35294117647058,0.9551647926582701,1.104109589041096,1.0818415798638756
1.2,1.1,0.85,0.8,moderado,1.1330572959803518,81.5126050420168,0.9368832687144787,1.185958904109589,1.1345077280861429
1.2,1.1,0.85,0.8,agressivo,1.1502756961759824,82.35294117647058,0.9250333588323938,1.204109589041096,1.14976651982374
1.2,1.1,0.85,0.8,muito agressivo,1.2292523754969114,81.5126050420168,0.8881145003121341,1.371917808219178,1.2396187240107628
1.2,1.1,0.85,0.75,conservador,1.0813408148911028,81.5126050420168,0.9612756411039305,1.1003424657534246,1.078520917515655
1.2,1.1,0.85,0.75,moderado,1.1311203625784307,81.5126050420168,0.9396674056546901,1.1842465753424658,1.13299580765317
1.2,1.1,0.85,0.75,agressivo,1.1463092872751595,81.5126050420168,0.9303006934416503,1.2003424657534247,1.146804256149202
1.2,1.1,0.85,0.75,muito agressivo,1.2269340409392362,81.5126050420168,0.8924504120559302,1.3684931506849316,1.237120817331969
1.2,1.05,1.0,0.9,conservador,1.1538815274708407,82.35294117647058,0.9257759154456727,1.197431506849315,1.1538289164327078
1.2,1.05,1.0,0.9,moderado,1.1734079734794616,82.35294117647058,0.9188680184118683,1.247945205479452,1.178352842818154
1.2,1.05,1.0,0.9,agressivo,1.2281168211553175,82.35294117647058,0.8920616284347712,1.338013698630137,1.2360596399203656
1.2,1.05,1.0,0.9,muito agressivo,1.2819905924036963,82.35294117647058,0.8606658864796541,1.4958904109589042,1.3088564524892428
1.2,1.05,1.0,0.85,conservador,1.1357933102652362,82.35294117647058,0.936361433384595,1.1727739726027397,1.1360103206193035
1.2,1.05,1.0,0.85,moderado,1.1657359779831775,82.35294117647058,0.9239406677212273,1.2356164383561643,1.1699949671806047
1.2,1.05,1.0,0.85,agressivo,1.2119377782621352,82.35294117647058,0.901007050546785,1.313013698630137,1.2208947486999169
1.2,1.05,1.0,0.85,muito agressivo,1.2742871109647531,82.35294117647058,0.868228116394265,1.4712328767123288,1.2959777046103904
1.2,1.05,1.0,0.8,conservador,1.1112999761788447,82.35294117647058,0.9457101232327637,1.1440068493150686,1.1104586203374782
1.2,1.05,1.0,0.8,moderado,1.1543910191962565,81.5126050420168,0.9283032846061481,1.2212328767123288,1.1581606945856315
1.2,1.05,1.0,0.8,agressivo,1.1913960996366957,81.5126050420168,0.9088248604389979,1.2842465753424657,1.1989416863091304
1.2,1.05,1.0,0.8,muito agressivo,1.2588028435335779,81.5126050420168,0.8747659804645342,1.4424657534246574,1.2771528874391025
1.2,1.05,1.0,0.75,conservador,1.1060328505989532,81.5126050420168,0.9515553972793892,1.1404109589041096,1.1072852624062572
1.2,1.05,1.0,0.75,moderado,1.1512256974691404,81.5126050420168,0.9309727867049483,1.2195205479452054,1.1567053608187257
1.2,1.05,1.0,0.75,agressivo,1.188817856949379,81.5126050420168,0.9136744367759422,1.2808219178082192,1.1962160057113442
1.2,1.05,1.0,0.75,muito agressivo,1.2525214480412588,81.5126050420168,0.8787885641074651,1.439041095890411,1.2748161380240017
1.2,1.05,0.95,0.9,conservador,1.1485474768343855,82.35294117647058,0.9225726775300724,1.1866438356164384,1.147811981342209
1.2,1.05,0.95,0.9,moderado,1.1706593073655454,82.35294117647058,0.919599713895521,1.2373287671232878,1.1727022682982646
1.2,1.05,0.95,0.9,agressivo,1.2207255893108377,82.35294117647058,0.893360615846969,1.316095890410959,1.2259867749511886
1.2,1.05,0.95,0.9,muito agressivo,1.28028450920197,82.35294117647058,0.8617890199948812,1.4746575342465753,1.300509316779306
1.2,1.05,0.95,0.85,conservador,1.13130098236972,82.35294117647058,0.9365593833346508,1.1618150684931507,1.1297777597863432
1.2,1.05,0.95,0.85,moderado,1.1627798491103598,82.35294117647058,0.9246881403479523,1.2246575342465753,1.1642474454292728
1.2,1.05,0.95,0.85,agressivo,1.2038188782856396,82.35294117647058,0.9023587310908485,1.2914383561643836,1.2104861483682592
1.2,1.05,0.95,0.85,muito agressivo,1.2717879835720036,82.35294117647058,0.8693926942724832,1.4493150684931506,1.2873738625540265
1.2,1.05,0.95,0.8,conservador,1.105445506362381,81.5126050420168,0.9465264170757673,1.1332191780821919,1.1039325504731168
1.2,1.05,0.95,0.8,moderado,1.1498423862322111,81.5126050420168,0.9290650509256414,1.2102739726027398,1.1522843893168346
1.2,1.05,0.95,0.8,agressivo,1.1845264740778696,81.5126050420168,0.9102256087989976,1.2626712328767122,1.1880741936036316
1.2,1.05,0.95,0.8,muito agressivo,1.254018162982156,81.5126050420168,0.875968849262382,1.4205479452054794,1.2681965378787703
1.2,1.05,0.95,0.75,conservador,1.1013470999211699,81.5126050420168,0.9523922286102978,1.1296232876712329,1.1007226077952255
1.2,1.05,0.95,0.75,moderado,1.147891200001577,81.5126050420168,0.9317436254164132,1.2085616438356164,1.1508132650703264
1.2,1.05,0.95,0.75,agressivo,1.179661238939382,81.5126050420168,0.9151070225101369,1.2589041095890412,1.1852913981207711
1.2,1.05,0.95,0.75,muito agressivo,1.246207363275479,81.5126050420168,0.8800161293606394,1.417123287671233,1.2658159783760607
1.2,1.05,0.9,0.85,conservador,1.1195528277463178,82.35294117647058,0.9390501343014064,1.143835616438356,1.1155819900783295
1.2,1.05,0.9,0.85,moderado,1.1509216080692288,82.35294117647058,0.9273946811539137,1.2030821917808219,1.1511146632064941
1.2,1.05,0.9,0.85,agressivo,1.1859910399212117,82.35294117647058,0.9072363892702672,1.247945205479452,1.1861163948823017
1.2,1.05,0.9,0.85,muito agressivo,1.2583024793077557,82.35294117647058,0.8735230637384889,1.4061643835616437,1.2670695356743085
1.2,1.05,0.9,0.8,conservador,1.0925341401124657,82.35294117647058,0.9495089711417176,1.1178082191780823,1.0891049889436588
1.2,1.05,0.9,0.8,moderado,1.1389370095982358,82.35294117647058,0.9318287622228616,1.1886986301369864,1.1388743575793105
1.2,1.05,0.9,0.8,agressivo,1.1632073620121524,82.35294117647058,0.9153004607104668,1.2191780821917808,1.1626885712392503
1.2,1.05,0.9,0.8,muito agressivo,1.2401962414063847,82.35294117647058,0.8802513509783645,1.3773972602739726,1.2471131359023613
1.2,1.05,0.9,0.75,conservador,1.0891403157636652,82.35294117647058,0.9554572263711415,1.1078767123287672,1.0858163649296138
1.2,1.05,0.9,0.75,moderado,1.137452198303509,82.35294117647058,0.9345435785358275,1.1866438356164384,1.1373692674435352
1.2,1.05,0.9,0.75,agressivo,1.1603877213157452,82.35294117647058,0.9203098003563714,1.2154109589041096,1.1597794444154392
1.2,1.05,0.9,0.75,muito agressivo,1.2346633169569767,82.35294117647058,0.8843966797249457,1.3732876712328768,1.2446358511395936
1.2,1.05,0.85,0.8,conservador,1.0826497611658394,82.35294117647058,0.9553469518893422,1.1034246575342466,1.0792438016226031
1.2,1.05,0.85,0.8,moderado,1.1303991687595898,82.35294117647058,0.9372238056010386,1.1763698630136987,1.1299066206841728
1.2,1.05,0.85,0.8,agressivo,1.1467655314646457,82.35294117647058,0.9253573563779691,1.1945205479452055,1.145308429527978
1.2,1.05,0.85,0.8,muito agressivo,1.2268443493011947,82.35294117647058,0.8886717849037746,1.3527397260273972,1.232539755704584
1.2,1.05,0.85,0.75,conservador,1.0791868244136544,82.35294117647058,0.9614622679784944,1.0953767123287672,1.075906516920652
1.2,1.05,0.85,0.75,moderado,1.127318957043748,82.35294117647058,0.9400118876294224,1.1743150684931507,1.1283805067842008
1.2,1.05,0.85,0.75,agressivo,1.143803253070208,82.35294117647058,0.9306320015383186,1.1907534246575342,1.1423187354246993
1.2,1.05,0.85,0.75,muito agressivo,1.2217250907583879,82.35294117647058,0.8930189862354346,1.3486301369863014,1.230000831857583
1.2,1.0,0.95,0.9,conservador,1.1473118753692368,82.35294117647058,0.9223794782143979,1.1837328767123287,1.146370999908064
1.2,1.0,0.95,0.9,moderado,1.1684191985146013,82.35294117647058,0.9197421695760432,1.2315068493150685,1.1700010615772907
1.2,1.0,0.95,0.9,agressivo,1.217961324952765,82.35294117647058,0.8928645940308536,1.3102739726027397,1.223584650517509
1.2,1.0,0.95,0.9,muito agressivo,1.2800535283723957,82.35294117647058,0.8620083480790149,1.463013698630137,1.2965743027731198
1.2,1.0,0.95,0.85,conservador,1.1299957611296516,82.35294117647058,0.9347860964725518,1.1590753424657534,1.1282814410978423
1.2,1.0,0.95,0.85,moderado,1.1604794439096064,82.35294117647058,0.9248336441717978,1.2188356164383563,1.1614964503961653
1.2,1.0,0.95,0.85,agressivo,1.203640415860429,82.35294117647058,0.9024905589490397,1.2856164383561643,1.2079973207937107
1.2,1.0,0.95,0.85,muito agressivo,1.2669478907952652,82.35294117647058,0.8696200507204072,1.4376712328767123,1.2833065675670312
1.2,1.0,0.95,0.8,conservador,1.1040404487440043,81.5126050420168,0.9466058268726395,1.1303082191780822,1.1023605082483312
1.2,1.0,0.95,0.8,moderado,1.1483175502637206,81.5126050420168,0.9292133164066921,1.2044520547945206,1.149466926225098
1.2,1.0,0.95,0.8,agressivo,1.1823957982847286,81.5126050420168,0.9103621885926746,1.2568493150684932,1.1854661610296362
1.2,1.0,0.95,0.8,muito agressivo,1.247394026683213,81.5126050420168,0.8762036236619747,1.408904109589041,1.2639463791049024
1.2,1.0,0.95,0.75,conservador,1.0992708236508346,81.5126050420168,0.9524736222516966,1.1267123287671232,1.0991411160131974
1.2,1.0,0.95,0.75,moderado,1.1455329256799964,81.5126050420168,0.9318936437840611,1.2027397260273973,1.1479876449938935
1.2,1.0,0.95,0.75,agressivo,1.177469844523342,81.5126050420168,0.9152466855952028,1.2534246575342465,1.1826685097069074
1.2,1.0,0.95,0.75,muito agressivo,1.2457771515312384,81.5126050420168,0.8802556881997723,1.4054794520547946,1.261543061377482
1.2,1.0,0.9,0.85,conservador,1.1181658601765678,82.35294117647058,0.9372675732756822,1.1436643835616438,1.1140384265876937
1.2,1.0,0.9,0.85,moderado,1.1485213985678897,82.35294117647058,0.9275417886761599,1.1972602739726028,1.1482800582529704
1.2,1.0,0.9,0.85,agressivo,1.183810984430718,82.35294117647058,0.9073709671502499,1.2424657534246575,1.18347818782573
1.2,1.0,0.9,0.85,muito agressivo,1.2554634706558565,82.35294117647058,0.8737547374647271,1.3945205479452054,1.2627775726219614
1.2,1.0,0.9,0.8,conservador,1.0910401831683543,82.35294117647058,0.9495893047074698,1.1176369863013698,1.087482547569354
1.2,1.0,0.9,0.8,moderado,1.1367253101921726,82.35294117647058,0.9319786816574231,1.1828767123287671,1.1359706485692367
1.2,1.0,0.9,0.8,agressivo,1.1605507951956533,82.35294117647058,0.9154399561570201,1.2136986301369863,1.1599218112182068
1.2,1.0,0.9,0.8,muito agressivo,1.2364059326449537,82.35294117647058,0.8804906791168586,1.3657534246575342,1.242625348785061
1.2,1.0,0.9,0.75,conservador,1.0876327835362158,82.35294117647058,0.9555395820785682,1.1049657534246575,1.0841840778414995
1.2,1.0,0.9,0.75,moderado,1.1349528618263633,82.35294117647058,0.9346952832676422,1.1811643835616439,1.134457077765802
1.2,1.0,0.9,0.75,agressivo,1.1580263626158496,82.35294117647058,0.9204524892641449,1.2095890410958905,1.1569966572214498
1.2,1.0,0.9,0.75,muito agressivo,1.2333628398231324,82.35294117647058,0.8846409484984611,1.3623287671232878,1.240123686085528
1.2,1.0,0.85,0.8,conservador,1.0811127350949785,82.35294117647058,0.9554291407347087,1.1032534246575343,1.0775894777148518
1.2,1.0,0.85,0.8,moderado,1.1278420678888128,82.35294117647058,0.937377040402716,1.1705479452054794,1.1269482107265507
1.2,1.0,0.85,0.8,agressivo,1.14429521298762,82.35294117647058,0.9255028369236256,1.1886986301369864,1.1424375286373332
1.2,1.0,0.85,0.8,muito agressivo,1.2232173459254332,82.35294117647058,0.888920400442491,1.341095890410959,1.2278955651483896
1.2,1.0,0.85,0.75,conservador,1.0766257342591612,82.35294117647058,0.9615465572262798,1.0924657534246576,1.0742421031097233
1.2,1.0,0.85,0.75,moderado,1.1263179337021845,82.35294117647058,0.9401669738053317,1.1684931506849314,1.1254134166676002
1.2,1.0,0.85,0.75,agressivo,1.140417442940612,82.35294117647058,0.9307809078587655,1.1849315068493151,1.1394310552495264
1.2,1.0,0.85,0.75,muito agressivo,1.2181251505562092,82.35294117647058,0.8932728692448718,1.336986301369863,1.2253312268074454
